,EW,SR,IVOL
2012-09-28,0.00020593133371337474,-0.005754919256596338,0.0004255321785263061
2012-10-01,0.000865491019792246,0.0009665918593118395,0.0009473024713757592
2012-10-02,0.00035483591567831433,0.0006443612099280483,0.0003510443333198763
2012-10-03,0.0053657108196789715,0.00543075008287382,0.005603891317344157
2012-10-04,0.005052527368447843,0.006088437935604131,0.005268837775597975
2012-10-05,-0.0012217302707891312,-0.001978409735032981,-0.0012714446106117225
2012-10-08,-0.0034929320046263924,-0.004953144271677373,-0.0036420332540197924
2012-10-09,-0.0030438993525306263,-0.00456538371707236,-0.003068157869294312
2012-10-10,-0.0025586414732227253,-0.0007314715694425507,-0.002657108747068664
2012-10-11,-0.0015752245242520824,-0.002688717326995775,-0.0016661218261658933
2012-10-12,-0.00042257781006373196,0.0007357792736108611,-0.0004474932417561851
2012-10-15,0.003104847418659651,0.003958666477329383,0.0032088008038710656
2012-10-16,0.0033678523347362085,0.005112753502708089,0.003442217222472313
2012-10-17,0.001857026805150888,0.0004702537754166007,0.0019710227327753085
2012-10-18,-0.0023554492828841995,-0.0035117499740915095,-0.002442483179974509
2012-10-19,-0.005375148858764911,-0.008320764273840634,-0.005475535325982744
2012-10-22,0.002201323661548127,0.002701109935670208,0.002192401163313332
2012-10-23,-0.00443072630462394,-0.006706593311798363,-0.004645464955360855
2012-10-24,-0.0007922514386088557,-0.0006121603187237496,-0.0008279459865060606
2012-10-25,-5.4206271417273045e-05,-0.00018302298503114554,-8.811277610670294e-05
2012-10-26,-0.0010644621292410443,-0.0013442966075523362,-0.0011277418384929305
2012-10-31,0.0008858423931798952,0.0010341329146653366,0.0008770942719199406
2012-11-01,0.004995106435585345,0.0065412242155025386,0.005108885484935513
2012-11-02,-0.0027229846586691786,-0.0035006102775096293,-0.0027421223439224596
2012-11-05,-0.0006051181129069372,-0.0006279674178719236,-0.0006709707261147221
2012-11-06,0.0028042530696685093,0.003746859916148923,0.0029312200594791425
2012-11-07,-0.010919939533935354,-0.014230255438937998,-0.011370060045500105
2012-11-08,-0.005580151291799585,-0.007296005805666966,-0.005752357208805693
2012-11-09,-0.0024060626105083488,-5.777671177128758e-05,-0.002568337351338502
2012-11-12,0.0022067144104591673,-0.0008790931464552223,0.0024976511085475447
2012-11-13,-0.002494758258188601,-0.0021138377386827134,-0.002421535169555579
2012-11-14,-0.004149863210368989,-0.004908759734944179,-0.004399421130570447
2012-11-15,-0.00047676551720681403,-0.0007839780443222511,-0.0004901731125343305
2012-11-16,0.0009818026483164287,0.0011629353188413502,0.001020112290605093
2012-11-19,0.008067200151262324,0.008319350982453245,0.008623590162115776
2012-11-20,4.419885266722349e-05,0.0007296602819798346,4.964240626914474e-05
2012-11-21,-0.002736528557347882,0.0012197350637361206,-0.00288143603597914
2012-11-23,0.004191151821912802,0.004928046320869153,0.004434664992471122
2012-11-26,-0.0062815654416304555,-0.0009522975164762899,-0.0067772455050524654
2012-11-27,-0.0015835470835363484,-0.001055156088172421,-0.0016161538987238021
2012-11-28,0.0038510561452774358,0.005869824981634348,0.004001848787338663
2012-11-29,0.0008894366539624599,0.004282692213126854,0.00087532033683119
2012-11-30,-0.0010349479687918797,0.0008649723597161751,-0.0011000608492927363
2012-12-03,0.0004615808351210985,-0.002223041878108301,0.0005492596466952239
2012-12-04,-0.002655752151346987,-0.002004978358872256,-0.002812880140001765
2012-12-05,0.0019668562319333366,0.001489157405511697,0.002083253958717681
2012-12-06,0.002384440252647686,0.0031019392247005084,0.002457461408376668
2012-12-07,0.002555515615572556,0.0025652529367548894,0.002741550744091794
2012-12-10,-0.0006550399048874609,-0.0007259705696160807,-0.0007251898349474144
2012-12-11,0.0013872923065679048,0.001972764385373105,0.0013708032076573486
2012-12-12,-2.4441306333303252e-05,-0.0002014224312058342,-5.028238646363989e-06
2012-12-13,-0.0008214000108646173,-0.0014495038048142456,-0.0008199155400872138
2012-12-14,-0.0003968544946190883,-0.0010468175728596376,-0.00032402136156692475
2012-12-17,0.0027352383026302742,0.0037173165906856337,0.002820935258298902
2012-12-18,0.0020014646022810632,0.0029661177883475733,0.0020061972688613736
2012-12-19,-0.0016229775493184953,-0.002400036383195712,-0.0016963115264384304
2012-12-20,0.0016637867461678116,0.0015255359047074656,0.001835036914378747
2012-12-21,-0.0012935845230278703,-0.002119718094726014,-0.0013586017054915862
2012-12-24,-0.0004661154616368926,-0.0006123997561827054,-0.0004677448538339265
2012-12-26,-0.001972660384067734,-0.0029688873769004136,-0.0020061322495530227
2012-12-27,-0.0009059121482184288,-0.000956642007533534,-0.0009455645779459507
2012-12-28,-0.005438227591373263,-0.006833191159554043,-0.005536183477359397
2012-12-31,0.009039483155447555,0.010470184315764339,0.009428524966383734
2013-01-02,0.013076773941853042,0.016655603754872933,0.01350589748110941
2013-01-03,-0.00032400574412153786,-0.0011495103080536148,-0.0002428970511254382
2013-01-04,0.0017021942525521784,0.004566278119435765,0.0017882608688401134
2013-01-07,-0.0023975921247300874,-0.0015432826315086737,-0.0024861289094754387
2013-01-08,0.0003568361743700766,-0.0009256895074451363,0.00045124827555810093
2013-01-09,-0.002286541657865162,0.0017988678676389299,-0.002559028201586595
2013-01-10,-0.0003099074186082453,0.0018865822891742175,-0.0003763605950779139
2013-01-11,-0.000336820964911221,0.0011347770918098752,-0.0005004205244200638
2013-01-14,0.0012730012752229485,-0.00011552600733248876,0.0013504241208645846
2013-01-15,0.002495564276160935,0.000700336966945492,0.0027028532437343737
2013-01-16,0.000701936955438705,0.0005647236351940772,0.0007373585531194771
2013-01-17,0.0004277214865948583,0.0016405777676497945,0.00032776900639800354
2013-01-18,-0.0009934391003584894,0.00037955641110575775,-0.0011013471759239689
2013-01-22,0.0029093926762595035,0.0006736470194796283,0.0030627015477900817
2013-01-23,7.66708237484029e-05,0.0004932404897958529,5.765250471800727e-06
2013-01-24,0.00017577855012414147,-9.069244208561233e-05,0.0002533402254462492
2013-01-25,0.0027019280997819194,0.003294827270264789,0.002825299047052983
2013-01-28,-0.0015553782363504137,-0.0016868419524017902,-0.0016722603098306332
2013-01-29,0.004773814260576416,0.0018366881790250489,0.0050264874065561425
2013-01-30,-0.0015288934478371377,-0.0020136314270110135,-0.0015645810908303196
2013-01-31,-0.0005817285320913145,-0.0010310199303972564,-0.0005692294159235769
2013-02-01,0.0052245677461444226,0.007400146527929292,0.0053385886243705796
2013-02-04,-0.004404266052515332,-0.007199935346615938,-0.004377168802792058
2013-02-05,0.006018706052562333,0.007821228630419714,0.006235110374455245
2013-02-06,0.0013194645161320791,0.00032411513024379875,0.0014258857509475342
2013-02-07,-0.0014622119864674832,-0.0004578403611492673,-0.0015412942283535753
2013-02-08,0.0034253670329563043,0.004552344059008967,0.0034717405971431024
2013-02-11,-0.0002573049049718654,-0.00026442434495989043,-0.00026864167858759987
2013-02-12,0.0006705811910176526,0.0001740145221671454,0.0007864236645090788
2013-02-13,-3.849640511133004e-05,0.00039372050139803135,-0.00010899361321133778
2013-02-14,0.0006563100485249249,0.000509542371216196,0.000745490744431413
2013-02-15,-0.00028172831078251997,-0.0002273241541607395,-0.0003115825842044554
2013-02-19,0.0015963817519052562,0.0021237857435872707,0.0017292254988352067
2013-02-20,-0.0025276416699701906,-0.0034705770494080474,-0.0026326256334538696
2013-02-21,-0.0009866566365906153,-0.0013780860910601912,-0.000984800435502697
2013-02-22,0.001789663133909794,0.0022800912460959923,0.0018569700027015355
2013-02-25,-0.00954264926409821,-0.011182802872002864,-0.00999998248366108
2013-02-26,0.00286652518900341,0.0031556892320948713,0.0029941572757561916
2013-02-27,0.007621777475283794,0.009245766631071038,0.008007154151325161
2013-02-28,-0.0005290846417336376,-0.0005261944754465168,-0.0005330831287955434
2013-03-01,0.001549738449083082,0.00202449355706187,0.001610946607820622
2013-03-04,0.0037304856162683046,0.004689644446147031,0.003912323802492775
2013-03-05,0.0046780299271215195,0.005955014496229735,0.00487845669718258
2013-03-06,0.0009220920744463627,0.0005839710993410372,0.000941516911498329
2013-03-07,0.0019033423286707774,0.0022191519483517213,0.002032566444987756
2013-03-08,0.0009117303986860134,0.0011963905414372695,0.0009197471192044756
2013-03-11,0.0007101931689564386,0.0008504425686260552,0.0007286244508728961
2013-03-12,-0.000178462107899913,-0.00041020706281365065,-0.00016028315823907467
2013-03-13,0.0003905813938929308,0.0006115809464312348,0.0003982329672405985
2013-03-14,0.001318458617478987,0.0012653701688921278,0.001410719513385267
2013-03-15,-0.002488271505758493,-0.0015186216856855656,-0.0027071862472688615
2013-03-18,-0.0017273195886670506,-0.001587814191822603,-0.001836509165091739
2013-03-19,-0.00014280294462279083,-0.00021778384747391118,-0.0001354319375355818
2013-03-20,0.0016328365658726705,0.002482077644145246,0.0016330709444466233
2013-03-21,-0.001961873921685447,-0.0023641218285276435,-0.0020178061878238403
2013-03-22,0.0022003185203053215,0.002977356576646496,0.0022566139104295275
2013-03-25,-0.0029592016800544367,-0.0016641564718338964,-0.0031025524754557856
2013-03-26,0.002966309445377957,0.0035245866160078954,0.0030831854255915785
2013-03-27,-0.000820297402109418,-0.00347314180257468,-0.0008870665828713131
2013-03-28,0.00031057890671631563,0.00037161359955302834,0.0002588625648578185
2013-04-01,-0.00042515680039614475,-0.0005861376817811646,-0.0003873769126491256
2013-04-02,0.004246402612885472,0.005427690391641182,0.004503532042564339
2013-04-03,-0.005227879214535706,-0.0064966393460559255,-0.0055048712864252045
2013-04-04,0.000902874666825258,0.0011044981026172608,0.0009424552338367454
2013-04-05,-0.003504442551097568,-0.004340504305668539,-0.003662476245288102
2013-04-08,0.005166107420848778,0.00435569000163442,0.005480176481849911
2013-04-09,0.0004403481649858943,0.0006400927765362922,0.00041065118101446974
2013-04-10,0.0022616443906212087,0.0030315928816659807,0.002071663784520191
2013-04-11,0.004005601993045572,0.005444996551101559,0.004261404475888937
2013-04-12,0.00014997780958642823,0.0004318831966277365,0.00016161360750112922
2013-04-15,-0.004869368029416912,-0.007048568014665941,-0.00481964677583244
2013-04-16,0.00373585192773779,0.005100963608587969,0.0038174473355650647
2013-04-17,-0.004310494300669018,-0.005166767508472173,-0.004452317837921997
2013-04-18,-0.004076761963659033,-0.0019220646876721354,-0.004280363998353638
2013-04-19,0.002967857792075062,0.003550720485342455,0.003186636990860153
2013-04-22,0.001674339713517418,0.0011797928265850483,0.001750657010929264
2013-04-23,0.002177943305237098,0.003003802618931583,0.0023395157473411173
2013-04-24,-0.002017213800963608,-0.0033034420410006596,-0.002391161737172141
2013-04-25,0.0011349100739005595,0.0014809887862010057,0.0012118939148935317
2013-04-26,-0.001205558108742089,-0.0015335843990785007,-0.0012882942222270414
2013-04-29,0.0025897480784313697,0.0029126829752977343,0.002589674503191686
2013-04-30,0.0008607316729089153,0.0009538163653981399,0.0008092864314000916
2013-05-01,-0.0026294609501227827,-0.0034407289298545923,-0.0026848650054714955
2013-05-02,0.0028792383920085186,0.0037114256156310257,0.0029296211699550915
2013-05-03,0.004433766237433484,0.003986807870442036,0.004609804100587158
2013-05-06,0.002259075601810456,0.0023854608553528674,0.0024007956601637213
2013-05-07,0.0030750767569910978,0.004274481841489616,0.003177836290432974
2013-05-08,0.004464277410935157,0.0059499064354009475,0.00466359333141366
2013-05-09,-0.0008015065004335078,-0.0013120965096459652,-0.0007111927767807318
2013-05-10,-0.0009260691306698911,0.0009250099531487827,-0.0011078535804826908
2013-05-13,0.00032991311616051885,6.125933333549136e-05,0.00034671093562811076
2013-05-14,0.001355366187378027,0.0021705849934846584,0.001143901338160485
2013-05-15,0.000990662843244794,0.0019038614294353618,0.0008831874418246948
2013-05-16,-0.0008424122640123029,-0.0017628172079673752,-0.0008070758626644548
2013-05-17,-0.00018065196386820952,-0.00010116799379612486,-0.00026803343137553803
2013-05-20,-0.0018525959269313351,-0.0017760396073089777,-0.001897795977572881
2013-05-21,0.0008990241855212527,0.001375486806985302,0.0009489582348332676
2013-05-22,-0.0011343855605571718,-0.000521480626723042,-0.0009979206821856637
2013-05-23,-0.00024138200341286946,-0.00017915160938519682,-7.101498614183385e-05
2013-05-24,-0.002079076949148605,0.000629375050892567,-0.0022662550112100255
2013-05-28,0.002552657787460457,0.004063001550583578,0.0025117318866332426
2013-05-29,-0.004833593964664851,-0.00513733702489226,-0.004822523414887708
2013-05-30,0.006802354147345779,0.0039505362760294494,0.007183295010673558
2013-05-31,-0.005399624392858397,-0.008424643246803976,-0.005217672498665058
2013-06-03,0.0009912481311757971,0.002105899543625692,0.0009017542941567368
2013-06-04,-0.0017316783305056497,-0.0019870321719650482,-0.0017542003736375272
2013-06-05,-0.006517717755111578,-0.00953120328920979,-0.006608877067909728
2013-06-06,0.00334519551491274,0.0040062497889893295,0.003428027242528685
2013-06-07,0.008144995563745202,0.009953748335436243,0.008452431211878369
2013-06-10,0.003387762413124713,0.0005320479773857132,0.0036619774179212023
2013-06-11,-0.0019761113321472034,-0.0029510329651746166,-0.0019643074704516123
2013-06-12,-0.0023950235308722242,-0.003996232627703296,-0.0023773106718217923
2013-06-13,0.0038371059408166867,0.005376859858762743,0.003896774065751058
2013-06-14,-0.002050904758413736,-0.0029561081341092947,-0.002116910690527925
2013-06-17,0.0013290211512050679,0.002666431838337884,0.0012450432314074515
2013-06-18,0.0013386101755052033,0.0023113939715778136,0.0012783805668299345
2013-06-19,-0.001887790071631147,-0.004482402863622841,-0.0016797843809595971
2013-06-20,-0.0038949329649129957,-0.008358824245148031,-0.00356936859747079
2013-06-21,-0.0005498514996049419,0.0008368712866962883,-0.0007383881297315882
2013-06-24,-0.0020528162033958907,-0.0023455054076892733,-0.002163759038956054
2013-06-25,0.0036698067020918316,0.004360639549630433,0.00375807892282691
2013-06-26,0.0053763376911554585,0.007186235277058824,0.005536089424388935
2013-06-27,0.003534530955367319,0.004773062779266423,0.003628766331588187
2013-06-28,-0.001439115813398954,-0.0020530398381755203,-0.0014460921339632072
2013-07-01,0.0024742102436135344,0.003809887195026138,0.0024561380004149477
2013-07-02,0.0014488928074509236,0.0006964424290458582,0.0014537705489080027
2013-07-03,0.0008618255207153936,0.0012560357269640414,0.0008905772568365513
2013-07-05,0.0044830288089274615,0.00550815493595477,0.004583575593586335
2013-07-08,0.004929296094260666,0.006399952642343174,0.0051807244802217
2013-07-09,0.002464963675958587,0.0031295918492625827,0.002510722321563852
2013-07-10,0.0003572411355015898,0.0006809651276948911,0.0003390544964067979
2013-07-11,0.00332930396349734,0.005107430663173712,0.003309579169803882
2013-07-12,4.280354514376772e-05,0.0007651655343092844,-3.273638518955817e-05
2013-07-15,-0.0012887425232003525,-0.0002556360428277693,-0.0013454513452275446
2013-07-16,-0.0005500588727597077,-0.0006869404844625633,-0.0005287031334234892
2013-07-17,0.00049646422537943,0.0019332193438016737,0.0005021924961680057
2013-07-18,0.003594282632420398,0.0025646030661466463,0.0037950310832530897
2013-07-19,-0.0012003019126321812,-0.0019280640462636341,-0.0012396157010319097
2013-07-22,0.001045023382998906,0.0015763036461978544,0.0012298676221115853
2013-07-23,-0.0021130002525752306,-0.0032050694936160496,-0.002192076627345031
2013-07-24,0.003921836144501414,0.0052923059301158365,0.004215530390695315
2013-07-25,-0.0007453097257019309,-0.000871662188808527,-0.0008662744243564955
2013-07-26,0.0006880533132616767,0.001129679046326727,0.000703293056025121
2013-07-29,-0.003833106690298068,-0.0011991441038288557,-0.004063395887491609
2013-07-30,-0.0025637784254298676,0.0023361393118672166,-0.0027032760207419803
2013-07-31,0.0020792048991367137,0.0009842570446757808,0.002192858214771883
2013-08-01,0.004768062577097866,0.0077801448484713575,0.004880573287016857
2013-08-02,0.001300973441373449,0.0033666360223371774,0.0013321798337885497
2013-08-05,-0.002272546597401636,-0.00012956747917538573,-0.0024204029795860337
2013-08-06,-0.002395122726300179,-0.004763800385749488,-0.002394816955461336
2013-08-07,-0.0028132826310924564,-0.003280802532601292,-0.0029191377465696616
2013-08-08,0.001280255031643487,0.0014007333950358974,0.001267380602760217
2013-08-09,-0.0015174394805174626,-0.002521261057150707,-0.001549138077192275
2013-08-12,0.00152712198145656,0.002137737138785455,0.0016754850559228174
2013-08-13,0.004036578293773856,0.005768581565816624,0.004181302575561795
2013-08-14,0.0001857368854184954,-0.00038607276167956106,0.00033380842624707095
2013-08-15,-0.002863455861654526,-0.0053561933877877945,-0.002719915656030563
2013-08-16,0.0011956348325234552,-0.0001613321213036712,0.001363802765933569
2013-08-19,-0.0010495884739440122,-0.001181347947925706,-0.0010731836824311803
2013-08-20,0.0005786673136834301,0.0006831077477283697,0.0005318744235344198
2013-08-21,-0.0014188752199537794,-0.002399702013835244,-0.001371572993236371
2013-08-22,0.0010074155046861312,0.0025804389125992063,0.0008898257099130161
2013-08-23,-0.003274156262643659,0.0009237947238923025,-0.003624961475957546
2013-08-26,-0.0007033192553872839,-2.7815226719333995e-05,-0.0005148124698625466
2013-08-27,-0.0044157254324411616,-0.010029793558617163,-0.004278661276029469
2013-08-28,0.0020203824456293674,0.0018235190569721382,0.002157031605783877
2013-08-29,0.0015988103475126233,0.0026249870291721487,0.0016007702683464183
2013-08-30,-0.0026791875264482283,-0.0034093223392457467,-0.002801122051137517
2013-09-03,0.003721730729698938,0.004597769700512931,0.0038575543543345366
2013-09-04,0.005822163284777034,0.008124462703717228,0.006014791200282654
2013-09-05,0.00014917503276977995,0.00016503611913919853,0.00011133244588817553
2013-09-06,-0.0011412845101644088,0.0014834068041921183,-0.0012500440894323902
2013-09-09,0.005884354953839356,0.007924258840321526,0.005985367828000229
2013-09-10,0.0021071612629241262,0.0018235581236853665,0.002050105020030999
2013-09-11,-0.0028663692181456956,-0.004068082026064972,-0.003098701822783634
2013-09-12,0.0005068542320728597,0.0004034280579119945,0.0005238484769362128
2013-09-13,-0.0006354249420734774,-0.0008157604792702789,-0.0006377583227128249
2013-09-16,-0.0009229310606476062,-0.001479861218299906,-0.0010726791665299881
2013-09-17,0.0016590517769316368,0.002526625055358709,0.0017161434661685218
2013-09-18,0.0037896473327483546,0.005604876186581909,0.0038719510697704006
2013-09-19,0.0005105974126657128,0.0010233737614092368,0.0005215674491707292
2013-09-20,-0.003788454017953189,-0.002749008300729609,-0.0039550156883396415
2013-09-23,0.0016727117338380117,0.002378851412463651,0.0018012194789327638
2013-09-24,-0.003491125949057966,-0.0017413988984999766,-0.0037968392251240633
2013-09-25,-0.0038624030897990943,-0.0029211344761834275,-0.004228895942818263
2013-09-26,0.0017809294531005483,0.004228653376890767,0.001845170794774113
2013-09-27,-0.0031389425051324697,-0.002342314463812702,-0.0033799190984509526
2013-09-30,-0.0024022516939635175,-0.00498405503498458,-0.00251946417138926
2013-10-01,0.005226190573276885,0.007600957096868303,0.0055147981245589825
2013-10-02,-3.0887210755390886e-05,0.0003226731896834021,-6.71793931006109e-05
2013-10-03,-0.004993247793711661,-0.006724406772432124,-0.005275214105177344
2013-10-04,0.002565517067947128,0.0037123101943924318,0.0026451360450584905
2013-10-07,-0.003313925262484127,-0.0045084530889694125,-0.003553337167167753
2013-10-08,-0.006468281195022573,-0.009084649829945082,-0.006736742120113575
2013-10-09,0.0005794806879101316,0.0005618035588698232,0.0006455365814144965
2013-10-10,0.007316822231067644,0.008545695377174785,0.007738747711497458
2013-10-11,0.0016999260052554634,0.002585664832490176,0.0017043554055812306
2013-10-14,0.0008726726275351059,0.0016540467446490245,0.000850639449581003
2013-10-15,-0.001323799796780168,-0.0018955108088066573,-0.001311747927620698
2013-10-16,0.0037499629985482228,0.005143018893990443,0.0038406593418342273
2013-10-17,0.00031713228675745944,0.0027834335457600614,0.0002536302957532919
2013-10-18,-0.0009603008078451164,0.0031768760969779924,-0.0012953074479439867
2013-10-21,0.002128649615539152,0.0026738917081521522,0.002259407913979038
2013-10-22,0.002385937738631302,0.0016240886818654145,0.0024004224654934304
2013-10-23,-5.744092350329198e-06,-0.00041758584741873983,0.00011721394960290784
2013-10-24,0.0018812890927310097,0.002651528763674155,0.0019445136798664437
2013-10-25,0.002058922971942212,0.002766647921605844,0.0017100703058526166
2013-10-28,0.0014412663946312826,0.002051982914252554,0.0015619967761420024
2013-10-29,0.0016246029623642462,0.002044627955406156,0.001656165507885432
2013-10-30,-0.0018290779075260228,-0.0016294231736851674,-0.001883959584985385
2013-10-31,-0.000324884918748132,-0.0028394170493549597,-0.00022381998550151898
2013-11-01,0.0006701410940333304,0.001163290635551425,0.0006187175327331645
2013-11-04,0.001374646075142365,0.0017356212030255444,0.001455332473897402
2013-11-05,-0.001103801975287969,-0.0012668722552733342,-0.0011469492081527034
2013-11-06,-0.0009250065958867176,-0.0018085298506395396,-0.001058278123920668
2013-11-07,-0.005620829335048973,-0.00796839581116818,-0.0057206877779803515
2013-11-08,0.006995939954621665,0.009793815249455596,0.007083209967187599
2013-11-11,-8.104163594457516e-06,-8.478860390250689e-05,3.1181764364903293e-06
2013-11-12,0.0011641486350152783,0.000816920311145983,0.0012938434907624281
2013-11-13,0.004965114812395382,0.002732111480318506,0.005012348208372075
2013-11-14,0.00246433779390101,0.003389350222759617,0.0026000538058009227
2013-11-15,0.00042281781498023865,0.0005879480012306209,0.00043573958639779814
2013-11-18,0.0034354917669205103,-0.0021584909364262177,0.0037659348940434173
2013-11-19,-0.00042951275469550027,-0.0007679971403336216,-0.00040205303802039996
2013-11-20,-0.0013955136746135136,-0.0020079261906513707,-0.001447761789186896
2013-11-21,0.0030829327147970493,0.0037438572230525722,0.003195475417550852
2013-11-22,0.0010005854352735078,0.001470753488290608,0.0009957223507973184
2013-11-25,0.0016652739215639613,0.0022936709307153666,0.0017590147872605616
2013-11-26,0.002046450816698493,0.0030989558637991355,0.002134911666618397
2013-11-27,0.0029796223069999705,0.004420350327394961,0.0030648304640824636
2013-11-29,0.0004942135468603892,0.001430319628921956,0.0004713785727387051
2013-12-02,-0.0021961192647825365,-0.003197466222036452,-0.0022809358638672017
2013-12-03,0.0005450826004004616,0.0007306834635946467,0.0006731226823892606
2013-12-04,-0.0026723507577176954,1.0068208112972411e-05,-0.002878605495294824
2016-01-25,-0.0015077302954146028,-0.002211292780262804,-0.0014333082227658501
2016-01-26,0.004541573732594035,0.004485334258689529,0.004446967544465847
2016-01-27,-0.0021205907655610623,-2.845627775914343e-05,-0.002110312113315351
2016-01-28,0.0049037533636408235,0.0016911991672336488,0.004735970915922377
2016-01-29,0.007816192480835569,0.006091752028223818,0.007625556997828942
2016-01-30,-2.0995367065787188e-05,-3.825007743455092e-05,-2.7046527636534228e-05
2016-01-31,-0.00016390953161087487,-0.00029861598783826113,-0.00021115056777592435
2016-02-01,0.00040281518142779753,1.9196968675897115e-05,0.00042404862074064606
2016-02-02,-0.005269736939688184,-0.00639831369051588,-0.005354065563335331
2016-02-03,-1.0527929915961836e-05,0.0024150224400957274,-5.6822412305602575e-06
2016-02-04,0.00011652969034136061,0.0024346100417275787,0.00018271873754129194
2016-02-05,-0.008393204963452704,-0.006453445939415152,-0.00807601791276669
2016-02-06,-0.00016932558271256487,-0.00030848313487979626,-0.00021812760110636058
2016-02-07,1.6641648477038875e-06,3.0318324080296192e-06,2.1438006015392517e-06
2016-02-08,-0.005110687458162663,-0.005222237087265866,-0.005012487244342216
2016-02-09,7.835779579729976e-05,0.0001894283829703112,0.00010420169817199377
2016-02-10,0.0014605033040248462,0.0019932015395203702,0.0014209744117634321
2016-02-11,-0.0003122186133172514,-0.00046519319622806123,-0.00036494704288803786
2016-02-12,0.0026484482806205744,0.003730107128205688,0.0028174385793500257
2016-02-13,0.000139693696810583,0.000254498752195221,0.00017995538823390453
2016-02-14,0.0002789063852002604,0.0005081211868062502,0.00035929113464355973
2016-02-15,-0.00012182723365021293,-0.0002219490188552727,-0.00015693955868827558
2016-02-16,0.001085075263734133,0.0019032182514210425,0.0010540236123229502
2016-02-17,0.001262574885388966,0.0021647732320643764,0.0012353289692514959
2016-02-18,0.0005184611203095568,0.0004584572783057027,0.0005651585567102156
2016-02-19,0.00046020088191346697,0.0005628918384795079,0.0003695136401758226
2016-02-20,0.0002780501051899655,0.0005065611866120737,0.0003581880626710391
2016-02-21,2.640068052713139e-05,4.80976622758443e-05,3.40097285874053e-05
2016-02-22,6.113760951964418e-05,0.0005367078740095969,0.00016084665871796158
2016-02-23,0.0005740092388856343,0.00019218479594353415,0.00036042445598357
2016-02-24,0.0004702364830843937,0.00014802569486797342,0.0005109826366243192
2016-02-25,0.003859470798358894,0.002666066252797737,0.0037492100131881387
2016-02-26,0.0005937355054616963,0.00047905437087284987,0.0006175117570382
2016-02-27,6.03492079107521e-06,1.0994624997348348e-05,7.774269982928296e-06
2016-02-28,1.6882907180283912e-05,3.0757857433152864e-05,2.174879887576143e-05
2016-02-29,-0.0015238925536157312,-0.0013752737065258836,-0.001378910912419862
2016-03-01,0.009007963684124853,0.005695505630718012,0.008776917876251535
2016-03-02,0.0003368796727755992,0.0008071948588983724,0.0002524712111882369
2016-03-03,0.0010187211845909116,0.0016196604364270531,0.0009806031015412097
2016-03-04,0.001317677337848763,0.0012265069098156888,0.0011984537050432477
2016-03-05,-0.00018880439839288497,-0.00034397030715789875,-0.00024322048588298504
2016-03-06,0.00013272824419224654,0.00024180885250529264,0.00017098239404178113
2016-03-07,-0.0017717333113408328,-0.0008158833631788245,-0.001670455289295167
2016-03-08,-0.0017851859452255637,-0.0015088361596444157,-0.001699600727067552
2016-03-09,0.0002003445996197971,0.0005336186777155025,0.0001868723541894848
2016-03-10,0.00010202500378775358,0.00019012410495730886,0.00010942744585841667
2016-03-11,0.001057680973764182,0.0017450350891775007,0.0009934596070626269
2016-03-12,-0.00018280792783011542,-0.00033304573210087577,-0.00023549574802584627
2016-03-13,4.526883100788352e-05,8.247230381814823e-05,5.831594585090497e-05
2016-03-14,0.00036096685356547085,0.0005363331330741783,0.0003634364818445318
2016-03-15,-0.0006915619050047523,-0.0008166888730214697,-0.0006211018810210473
2016-03-16,-0.0006745576367271617,-0.0006685927507126463,-0.0006007174361523649
2016-03-17,0.0004743776029704044,0.001006864867687662,0.000557880517939624
2016-03-18,0.0002836555428226768,2.10207525738212e-05,3.39133533493996e-05
2016-03-19,2.0652579291347335e-05,3.762557494908079e-05,2.660494359631226e-05
2016-03-20,8.409445636339632e-05,0.0001532061553216655,0.00010833166340865032
2016-03-21,-5.0920247464719374e-06,-4.455295285951922e-05,-1.9010870777771506e-05
2016-03-22,0.00011658379435648787,4.418498632048326e-05,0.00014695150054645984
2016-03-23,-0.0007386553155105095,-0.0008155512202934639,-0.0006635749991711474
2016-03-24,-2.9224592155619695e-06,-4.3120603812382276e-05,-2.640150729121909e-05
2016-03-25,2.3540044495700752e-05,4.288605776464754e-05,3.0324616951122815e-05
2016-03-26,2.5116262057492715e-05,4.5757664800777304e-05,3.23551226199504e-05
2016-03-27,0.0002974644173944211,0.0005419308442528333,0.00038319785316133097
2016-03-28,-0.0001877232624035051,-0.00016231157040757116,-0.00021037751977178286
2016-03-29,0.000270198091561376,-0.0019496804987001889,0.0001607229611052946
2016-03-30,0.004307644784490233,0.004281050190427044,0.0042571677440218295
2016-03-31,-0.0011216505971516878,-0.0008201570298523357,-0.0010746859060526523
2016-04-01,0.0026598564869471197,0.0020121582333954115,0.0026916664973872205
2016-04-02,0.00010674845490112144,0.00019447798427112047,0.000137514863474108
2016-04-03,1.1270612776478913e-06,2.0533187635364347e-06,1.451896215886824e-06
2016-04-04,-0.001020839127108568,-0.0006500594568995845,-0.0010241805724270552
2016-04-05,-0.003609766899257085,-0.002733501793951169,-0.003690567487297829
2016-04-06,0.004162641113722741,0.0029561558334039078,0.004116180379357704
2016-04-07,-0.006472949245485007,-0.005651642453493151,-0.00632142386715756
2016-04-08,0.00037908273209288364,0.0004321654690479621,0.00035013835523124367
2016-04-09,-3.8470353264112044e-05,-7.008660466263884e-05,-4.95580510445355e-05
2016-04-10,9.086298850510684e-05,0.00016553729855566768,0.00011705098186857172
2016-04-11,-2.295771034925998e-05,-0.0002929479197521973,1.8857436685675873e-05
2016-04-12,0.002437027806698077,0.0028788287728789726,0.0022730800329499685
2016-04-13,0.00251019765714618,0.0016290873766030777,0.002146536881665544
2016-04-14,4.299136418344899e-05,-0.00036019139887188723,3.6651801536891303e-06
2016-04-15,-0.0011834495028088688,-0.00035544618057908634,-0.0010027487549402986
2016-04-16,3.588083093865464e-05,6.536892436884444e-05,4.6222191903733185e-05
2016-04-17,-0.00013419417224547854,-0.0002444795303445468,-0.000172870823211925
2016-04-18,-0.0010276617255769109,-0.0004386438227324679,-0.001007192710775889
2016-04-19,-1.7620327940524573e-05,-0.0003104717340606715,5.787393978637877e-05
2016-04-20,0.0009808198650216016,0.0004962477179706813,0.0007408423177682769
2016-04-21,-0.001813791910748269,-0.0019208336004260648,-0.0018177504235709723
2016-04-22,0.0005388305677646405,0.0006724702555277388,0.000705836524347724
2016-04-23,0.0005413732461878797,0.0006459770592594188,0.0005014838939066207
2016-04-24,0.0010011404537891915,0.0012107117441300017,0.000936661612973234
2016-04-25,0.00021370694097044496,0.0007362010029370178,0.00027413816262921196
2016-04-26,-0.0014462619320485919,-0.00015552792937361464,-0.0014824175898995697
2016-04-27,-0.006227335355442762,-0.006300708069918553,-0.00606457118176896
2016-04-28,-0.008377958473297269,-0.006271732500633111,-0.008297776126092334
2016-04-29,-0.001702513336605399,-0.0015507087395174137,-0.0015756292077566908
2016-04-30,-0.0003004079010978507,-0.000547293383484976,-0.0003869896903358392
2016-05-01,0.0001578510721079946,0.0002875784792110895,0.0002033459748928358
2016-05-02,0.005070268820082636,0.0047997408557929454,0.004998968826852233
2016-05-03,-0.00436675568105735,-0.0030309418162488594,-0.0042432922410211085
2016-05-04,-0.003071735689397347,-0.0028386050760690804,-0.0030226693002905255
2016-05-05,-0.000132690538886832,-0.00040640032235861307,-8.802531382385916e-05
2016-05-06,0.0035055051142495967,0.0032744397198880564,0.003605162977035087
2016-05-07,-4.7431865334227946e-05,-8.641299369592074e-05,-6.110239714289401e-05
2016-05-08,1.3249277340556495e-07,2.4137986377668775e-07,1.7067905725706935e-07
2016-05-09,0.00042017086037493144,0.0005096721958639955,0.00046315467161872853
2016-05-10,0.0013553618791485819,0.001381239982854643,0.0010223859005163303
2016-05-11,-0.001467821506186014,-0.0018274626496045596,-0.001299189793043963
2016-05-12,0.0007083781340804947,0.0009664181034513481,0.0007632146143497743
2016-05-13,-0.001812213073459146,-0.0022090142168648395,-0.0017586758675756358
2016-05-14,-9.707710185549537e-09,-1.7685838268316382e-08,-1.2505609023086928e-08
2016-05-15,9.168570712133885e-05,0.0001670361554548643,0.00011811081958044816
2016-05-16,0.0011675112451778997,0.0015056742624441847,0.0009660761112569889
2016-05-17,-0.000919335583954357,-0.0018517338491954097,-0.0007827588986187693
2016-05-18,0.0007977851484069089,-0.00033266868722702187,0.0006569159947976829
2016-05-19,-0.0012342934884947256,-0.0014952777748035997,-0.001368305263309797
2016-05-20,0.0011560466210662462,0.0015530930458863023,0.001090337373675804
2016-05-21,2.422502480858123e-05,4.413397831429661e-05,3.1207018240166865e-05
2016-05-22,-0.0001857200805128637,-0.00033835119140850897,-0.00023924722413812188
2016-05-23,0.00010335868799762606,0.0002720480193331187,0.00019159421690230767
2016-05-24,0.00305053751423315,0.00332030357362364,0.0028196362657831385
2016-05-25,0.00407496379986175,0.003219180638187574,0.003901108214600442
2016-05-26,-0.00020341971138163598,0.0004449506674634325,-0.00013897804942602216
2016-05-27,0.0027986466910480843,0.002348975454254869,0.0030468666695988105
2016-05-28,0.006276073761964506,0.007462516110660391,0.0057985482464268
2016-05-29,-0.0003372302569923478,-0.0003746600075907247,-0.0002964184478436349
2016-05-30,0.0006754144344748281,0.0007465094311886126,0.000591447178920064
2016-05-31,-0.0018616499550981496,-0.0016852827620973685,-0.0017185171135221697
2016-06-01,0.001920369160534039,0.0021112527270449153,0.0017909946946799695
2016-06-02,0.0008684872118288686,0.0011911971763811755,0.0007695092760881999
2016-06-03,0.00013757832409730592,0.0010693344961304886,-0.00020558525667862588
2016-06-04,0.00028484488820692476,0.00031177786399439475,0.00024767709262124647
2016-06-05,0.00018052352561034605,0.00019776670032349,0.00015706826951623735
2016-06-06,0.0021561112320568625,0.002033663812187282,0.001995089706169586
2016-06-07,-0.00032646761953337826,-0.0006748473297283539,-0.00024135095110288524
2016-06-08,0.0020807105813381256,0.0006960412527414967,0.002008000732740263
2016-06-09,-0.0008735361641575831,-0.0008766228010200754,-0.0007714503593458307
2016-06-10,-0.0005971088168146941,-0.00011158606705944242,-0.0005202843565393679
2016-06-11,0.0006309020848884478,0.0011493989852612253,0.0008127369538915317
2016-06-12,0.004920617061214027,0.005347524262459796,0.004256473917094192
2016-06-13,0.0008460521608240747,0.0009848450596700077,0.000679112918819072
2016-06-14,-0.0017280715090787259,-0.001536094735916156,-0.0014660462665903285
2016-06-15,0.00027962098900626974,0.0003976168686183872,0.00016788828871473548
2016-06-16,0.0044331895455792455,0.004374508122759254,0.0037189972655751083
2016-06-17,-0.0003577474284745696,-7.45902258560431e-06,-0.00028460948712829437
2016-06-18,0.000413993905288237,0.00042810042830140324,0.00034555977551267703
2016-06-19,0.00042330179414249965,0.00043779716744393813,0.00035337032213318995
2016-06-20,-0.00037009716458369883,-0.00023958101301824566,-0.00010121900877120774
2016-06-21,-0.0008656566715545942,-0.0019582766871131065,-0.0011019681212415067
2016-06-22,-0.0009561791710494922,-0.0015722877645982115,-0.0012033090214663466
2016-06-23,0.0002724089429358719,-0.00031631815131763724,0.00039520589052708885
2016-06-24,-5.705506327729549e-05,0.0026899778804586553,-4.096596046106117e-06
2016-06-25,-1.9295789534256102e-06,-3.5153728988563435e-06,-2.485710791679547e-06
2016-06-26,-0.00037724102331833213,-0.0006872705920407027,-0.0004859672008040301
2016-06-27,-0.0066529089758370985,-0.004929956166722629,-0.00658699722920888
2016-06-28,0.00809729668954177,0.006144310181388065,0.008577376291915104
2016-06-29,0.008049212298898012,0.005932766395260181,0.007676646807623016
2016-06-30,0.005523530440169009,0.003456975191929329,0.005402222397618462
2016-07-01,0.0011413932260528755,0.0009409260515438952,0.0011396891120701502
2016-07-02,0.00027660675645446015,0.0005039316445457143,0.00035632872049608775
2016-07-03,-0.0004352896598829752,-0.0007930255824921856,-0.000560746272214844
2016-07-04,0.00025035659833976215,0.0004561082091463601,0.0003225128970009364
2016-07-05,-0.0042531598364912125,-0.003077589375967309,-0.004062775220726226
2016-07-06,0.001127974275826349,4.919390320355839e-05,0.0010424067957066285
2016-07-07,0.0005456476445534879,0.0006704052733270134,0.00039128303267786673
2016-07-08,0.0070408048081441535,0.0050852925685287344,0.006777420999059839
2016-07-09,-0.00014964368999338776,-0.0002726259899102367,-0.00019277310962733453
2016-07-10,-1.5699562582630736e-05,-2.860199979321908e-05,-2.022439769412531e-05
2016-07-11,0.0025391306275172527,0.0016813221375618541,0.002412581378233991
2016-07-12,0.0012996508144347007,0.0015007815161925272,0.0012489134427764847
2016-07-13,0.0003873074405347516,0.0005565296708562612,0.0004783783683268031
2016-07-14,0.0005794416997091856,0.00048694506742513516,0.0003560696037248739
2016-07-15,-0.00019402472877085784,-0.0003187321604200422,-0.0001283764416621111
2016-07-16,-2.3913219628876917e-05,-4.3565920979037215e-05,-3.0805346414965514e-05
2016-07-17,0.00018027743143485093,0.0003284355872644731,0.00023223592691987483
2016-07-18,0.00026768959883045494,0.0005540115930629918,0.00021016349702669175
2016-07-19,0.001186498466170736,0.0015221145481524735,0.0012381873485930357
2016-07-20,4.78349048890726e-06,-0.00016352900090529324,-0.00016980059572541145
2016-07-21,0.0006935186575966634,0.0011061699133595988,0.0007572032607988501
2016-07-22,-0.0003384678120425191,-0.0007860108890250567,-0.0005707162215693706
2016-07-23,4.837712538483997e-05,8.813510076927673e-05,6.232009445690051e-05
2016-07-24,5.573574663806445e-05,0.00010154128851847935,7.179957402343993e-05
2016-07-25,-0.0007358166502755645,-0.0009106973250760556,-0.0007381585066251095
2016-07-26,7.499330063924465e-05,-0.00019506673417641777,4.064635150674835e-05
2016-07-27,-0.00021022189863666884,-0.0015360521713505431,-0.00021616580290895746
2016-07-28,1.779034286505497e-05,-0.0003392792791226991,6.618490205891731e-06
2016-07-29,0.0019761120836316285,-0.0002256011546813479,0.0018927086568853934
2016-07-30,-1.9029582696338046e-05,-3.466874427112235e-05,-2.451417651787186e-05
2016-07-31,-0.0003179955035433501,-0.0005793350788418858,-0.0004096462875799865
2016-08-01,0.001227125584593653,0.0006869542359610679,0.0011707937510918637
2016-08-02,-0.0041702501237706035,-0.004306544499412313,-0.004248990645297439
2016-08-03,0.0024139215856683566,0.002096470624491539,0.0027649089944109147
2016-08-04,-0.0002146495308029292,-0.0004149221220802404,-7.536161597572533e-05
2016-08-05,0.006298340812908902,0.004014588243628187,0.00615634691969862
2016-08-06,0.0001417036278684639,0.00025816051330476274,0.0001825446097385425
2016-08-07,5.3363718607419e-05,9.721984676588612e-05,6.874389409727044e-05
2016-08-08,-4.893564267569595e-05,-0.00010532816158209436,-3.9376599377597424e-05
2016-08-09,-0.0002216334883632587,-0.0003300127969616939,-0.0002543859589526357
2016-08-10,-0.0007119948939889199,-0.00024681747149105934,-0.0006840205911762238
2016-08-11,0.0005797339433520209,0.0007229732206573757,0.00047527992604603293
2016-08-12,-1.163491406486946e-05,7.153382197268505e-05,3.46146486268438e-05
2016-08-13,-2.1494527882930708e-05,-3.915946567473777e-05,-2.7689553633347922e-05
2016-08-14,-0.00016758035364117913,-0.000305303616897931,-0.00021587937242984292
2016-08-15,0.0013964098859693013,0.0011837382695080816,0.0013315311547484393
2016-08-16,-0.0006355742991623402,-0.0007073042542928322,-0.000498551409387055
2016-08-17,2.592649371634045e-05,-0.00016534011872005482,-8.399189187179725e-06
2016-08-18,1.9909596816504232e-05,-8.22926184178126e-05,1.2189973765985221e-05
2016-08-19,0.00010024359908867032,0.00020605403481624164,0.00011087335179165644
2016-08-20,7.928576907501099e-05,0.00014444552443757842,0.00010213704469904462
2016-08-21,-5.0313685258280805e-06,-9.166319174685539e-06,-6.481479816809076e-06
2016-08-22,-0.0005131209748623049,-0.00036190964748278965,-0.0004979074715332469
2016-08-23,0.000553135756709539,0.0007335927816599611,0.0004949732555297638
2016-08-24,-0.0011797099978818897,-0.0015882213288413243,-0.0011061906613434595
2016-08-25,-0.00052262829428848,-0.0006190975387928902,-0.0005026121209507565
2016-08-26,-0.0004090367717349951,-0.0003347254652717538,-0.0004146665424976566
2016-08-27,-0.0001655781205621495,-0.00030165588022941124,-0.00021330006757001011
2016-08-28,6.851534820228354e-05,0.0001248236035112304,8.826243679728437e-05
2016-08-29,0.0027042069988612635,0.0015545532684336336,0.0026909940172648696
2016-08-30,-0.0002995033131631504,-0.0002705106639989412,-0.0002481828748889569
2016-08-31,-0.0010834266754713604,-0.0008128500768955688,-0.001083674978667776
2016-09-01,0.0003221955382097765,0.00019212373862138372,0.00027936896056556876
2016-09-02,0.0033246088810113305,0.002535658110195028,0.0033095786521041785
2016-09-03,0.00042957299582088623,0.0007826107684831208,0.0005533819850337913
2016-09-04,0.0001902116613603113,0.0003465341069384012,0.0002450333418631213
2016-09-05,-3.928893509846437e-05,-7.157792503119366e-05,-5.0612559695715646e-05
2016-09-06,-9.544922059806369e-05,-0.001498974620442562,-0.00013746850166500345
2016-09-07,-0.001292135537678819,-0.001523522090287153,-0.0012754078234397594
2016-09-08,-0.002730289497917679,-0.0019741486469308754,-0.0025451230419474284
2016-09-09,-0.010208144569087854,-0.009042079842805053,-0.009974643939024454
2016-09-10,1.3327983906848719e-05,2.428137669067697e-05,1.716929663322139e-05
2016-09-11,-0.0003545791357470605,-0.0006459843905802508,-0.0004567738379744173
2016-09-12,0.006098096512259569,0.007225371203130728,0.006070399612244801
2016-09-13,-0.002266093667513871,-0.0035839608199258618,-0.002223733663251286
2016-09-14,0.0025115150654642653,0.0022509371608076265,0.0025165119791850546
2016-09-15,0.003948722527888982,0.004093561795223848,0.0037000591312154017
2016-09-16,-0.0008438559673601392,-0.0002508990827631571,-0.0008360064172169856
2016-09-17,-2.1607968918255777e-05,-3.936613643080711e-05,-2.783568997320912e-05
2016-09-18,8.508914480466964e-05,0.00015501831272680827,0.00010961303507185308
2016-09-19,-0.0009167707790552581,-0.0012359119838385784,-0.0008650422903301106
2016-09-20,0.00045832183361501906,0.00040966460675065646,0.00043808186328529746
2016-09-21,0.0016169855964302563,0.0018600035979735273,0.001367350578148544
2016-09-22,0.002478711209636457,0.0026501384146203465,0.002351334431091102
2016-09-23,-0.0014764680173158789,-0.0014142444358421393,-0.0012732935141238338
2016-09-24,-4.91383143558728e-06,-8.952186085749528e-06,-6.330066881300277e-06
2016-09-25,-4.050011837425586e-05,-7.378450012660842e-05,-5.217282305472038e-05
2016-09-26,-0.002475073492536647,-0.002158888956897489,-0.00230798298930649
2016-09-27,0.003943738266228048,0.0032458367516568763,0.0038020484586405515
2016-09-28,0.0026343828958419534,0.0018572509668664742,0.0025843683437983024
2016-09-29,-0.006399360644389007,-0.004896223000994943,-0.006276772807587019
2016-09-30,0.005893559761398435,0.005361079509210014,0.005808243985688098
2016-10-01,9.447217562765286e-05,0.000172112639033431,0.00012170038756600453
2016-10-02,-6.818192619786427e-05,-0.000124216163905747,-8.783291787394773e-05
2016-10-03,-0.001823317563163932,-0.0013982683028505942,-0.0017891257041370678
2016-10-04,-0.00020243677094207503,-0.0008292324929538754,-0.0001760973695885137
2016-10-05,0.0033008015685892646,0.0025272724958774707,0.003267160214700594
2016-10-06,0.001117719128376132,0.0008429617574800154,0.0011250412625326623
2016-10-07,-0.00039806873482302877,-0.000485546407419231,-0.00031184851198538967
2016-10-08,7.997994286654866e-05,0.00014571019398091874,0.00010303128915681245
2016-10-09,-9.836901089266793e-05,-0.0001792120267302246,-0.00012672034565294833
2016-10-10,0.0037571831384960648,0.0021179025919029187,0.003695435308942333
2016-10-11,-0.0013132202096303959,-0.0012828475955285797,-0.0008100780957527362
2016-10-12,0.0007215107086221084,0.0008953791661498504,0.000729095748567879
2016-10-13,-0.0006396648999346655,-0.0004537964847846198,-0.0005746078256040723
2016-10-14,-0.0005581039389537379,-0.0006120642192757531,-0.0005365321063100752
2016-10-15,-6.403267430501098e-05,-0.00011665691496764588,-8.248779313098145e-05
2016-10-16,0.00011069159393126127,0.00020166172975008496,0.00014259447072361217
2016-10-17,-0.0009362013548138744,-0.001088692979209479,-0.0009015991659291915
2016-10-18,0.001468869742759516,0.0016937734994404911,0.0013563517783205846
2016-10-19,-0.00014089281246473662,-0.0008249990234312899,-0.00023698784697894908
2016-10-20,-0.0003255673921106899,-0.0003509312824063753,-0.0002965901574604889
2016-10-21,0.0009484763207856903,0.0013745963619888456,0.0009115038668870853
2016-10-22,0.0009832576387225642,0.0017913323783006533,0.001266646342319909
2016-10-23,-3.6966675883914305e-05,-3.9335150439281314e-05,-3.1494377585074535e-05
2016-10-24,0.0006721196507349737,0.0002537585753770072,0.0003298943860166859
2016-10-25,0.0006684606516238869,0.0006528464851312816,0.000769657230309636
2016-10-26,0.0012742204634056814,0.0023668007460642287,0.0012607349977826795
2016-10-27,-0.0008841436663309162,-0.0002880052642520261,-0.0008731851787073905
2016-10-28,-0.0011622929340893834,-0.0008184936661074644,-0.0010981805393409007
2016-10-29,0.0019917539983244706,0.002427108065998049,0.0018740759551073398
2016-10-30,-0.0009629394559888739,-0.0011650351464581716,-0.0009012209718137128
2016-10-31,-0.001046720050333056,1.598556285038799e-05,-0.0010295206007782782
2016-11-01,-0.0016143122321752455,-0.00024305006749106295,-0.0016839188414066563
2016-11-02,-0.0031527201375371352,-0.0012159775970073186,-0.0032132358025672493
2016-11-03,-0.007036848430623473,-0.007431662357464369,-0.0067077412360537466
2016-11-04,-0.0021640052028981454,-0.0015547846210423747,-0.00199353774529022
2016-11-05,3.921807090397293e-06,7.144882221921892e-06,5.052127144203815e-06
2016-11-06,0.00018361839318544162,0.0003345222655904838,0.00023653980091440014
2016-11-07,0.015184114772955474,0.011629882949138935,0.014866267818114537
2016-11-08,0.003875882827082678,0.0036086803522500208,0.003849539399950597
2016-11-09,0.0018048580536687076,-0.0001902225506645795,0.0018783007675651693
2016-11-10,-0.0015462518398900967,-0.004596900757551656,-0.0015726140798488454
2016-11-11,0.0003900552106602226,0.0003043858249743353,0.0004103313480765125
2016-11-12,-0.00025187002040352117,-0.00045886541319754685,-0.00032446250862453607
2016-11-13,-6.750092992806955e-05,-0.00012297550162198372,-8.695564888533389e-05
2016-11-14,0.0007461796370059606,-0.0012781350386223943,0.0009315169941813046
2016-11-15,0.002313566324874104,0.003323043292617776,0.00216436508051429
2016-11-16,0.000770846316921218,0.0029475269765963184,0.0008697904151805018
2018-10-09,0.0018182129983127177,0.001775915331853212,0.001886989282013948
2018-10-10,-0.008700546695494044,-0.01109328255786112,-0.007123994492579132
2018-10-11,-0.004304728428397441,-0.004993350281487773,-0.003446108700432564
2018-10-12,0.008826735294157296,0.010744762171668585,0.00871795632545535
2018-10-13,-2.2100277404542915e-05,-2.925745918203353e-05,-3.205990394810028e-05
2018-10-14,-9.484986337930398e-06,-1.2556702141987606e-05,-1.3759454027512974e-05
2018-10-15,-0.0037227534253425334,-0.004539479470245486,-0.003991975389328577
2018-10-16,0.005579220429379523,0.006659247666933501,0.0048669627479201805
2018-10-17,-0.00022770888678450867,-0.0005400336824451238,-0.00017857820187546967
2018-10-18,-0.004446009637548273,-0.0058177924928150574,-0.003596048165979961
2018-10-19,0.00043547481795059835,-0.00019103662735857734,0.0004788547692667026
2018-10-20,-4.4085999692367735e-05,-5.836326453682669e-05,-6.39536278084343e-05
2018-10-21,1.2659852214796232e-05,1.675974933006223e-05,1.8365092825490087e-05
2018-10-22,0.0008778178189202255,0.0012221566302674188,0.000809216597729706
2018-10-23,9.7583178064692e-05,-3.544143812218701e-05,0.00013445528631537417
2018-10-24,-0.00907669035384121,-0.011034000741822191,-0.008567008165442582
2018-10-25,0.009830962566971654,0.012861575092010882,0.009335138557240923
2018-10-26,-0.009791029453139873,-0.00963315142487628,-0.00937410882713159
2018-10-27,-1.1377336146400536e-05,-1.5061890030175073e-05,-1.6504602967737934e-05
2018-10-28,-1.2039082138628284e-05,-1.5937942669790253e-05,-1.746456887950069e-05
2018-10-29,-0.005949782945885209,-0.005797035900553959,-0.00561625856871259
2018-10-30,0.007874176081120818,0.0071486560105917165,0.007841316552832926
2018-10-31,0.009013891844494347,0.008958852521550254,0.008499148528786696
2018-11-01,0.0044709547975488395,0.0049077369764393185,0.004177578906959978
2018-11-02,-0.006710341834217625,-0.007189185755386816,-0.006417721024521417
2018-11-03,5.6820600318980346e-05,7.522196957534487e-05,8.242715487930692e-05
2018-11-04,-3.1709467999755354e-05,-4.197858916902715e-05,-4.59995356487491e-05
2018-11-05,0.001060677273754175,0.0009053770200366972,0.0010277818136106983
2018-11-06,0.002908363257901633,0.0024627057747101185,0.002709820046034504
2018-11-07,0.00957585193708399,0.009313794031102352,0.008478110061654576
2018-11-08,-0.0007252716459293623,-0.0005753737843833446,-0.0005407338899130203
2018-11-09,-0.0023351830740012147,-0.0035256312014094768,-0.0018161081018698963
2018-11-10,-6.251596554717427e-05,-8.276178062117384e-05,-9.068917163244115e-05
2018-11-11,-6.197613932935988e-06,-8.204713151320158e-06,-8.99060693946277e-06
2018-11-12,-0.002196328913057175,-0.003448183434302458,-0.0013315325736535542
2018-11-13,0.00022837433880759991,0.00022928433679264792,0.0002663328502079348
2018-11-14,0.0018438587834626657,0.002174609164389531,0.002822865512553432
2018-11-15,0.0020313247347248783,0.0022366944123868326,0.0015443188473068625
2018-11-16,-5.2346298831683164e-05,-7.010244617911565e-05,-0.00013428686307341895
2018-11-17,0.00017761242245596296,0.00019249863563611426,0.00014331246067801612
2018-11-18,-0.000581761770118363,-0.0006305810318898499,-0.0004695749694411432
2018-11-19,0.0033949638831352134,0.0030642415312123455,0.0027876757857756393
2018-11-20,0.0009220847975645681,0.0007157820258048967,0.0005304581640986296
2018-11-21,0.00099067960952922,0.0012283745035624122,0.0013238065370416755
2018-11-22,0.00217027690103704,0.002298115530181476,0.0016061762472694883
2018-11-23,-0.0009268317426643849,-0.0012528677250843673,-0.0009092073945271065
2018-11-24,0.004535189535223793,0.0048021696138376094,0.0033559636628230846
2018-11-25,-0.001379162317308202,-0.001452829750621219,-0.0010003834030695255
2018-11-26,0.005883522728027848,0.006723839360857523,0.005084433215419689
2018-11-27,9.154804453822384e-05,7.81570511009515e-05,0.00010501841413292721
2018-11-28,0.005371675208706961,0.00418003921076703,0.006046795945990531
2018-11-29,-0.001825440902930917,-0.0018974643565822474,-0.0017406632508716092
2018-11-30,0.0020138843032858657,0.002087577256164846,0.0020236698936260383
2018-12-01,-0.00034501401776881847,-0.0004567469157661177,-0.0005004967163055957
2018-12-02,0.00012217300454565202,0.00016173877043308268,0.0001772310238051255
2018-12-03,0.0042243385175079464,0.004729757331108599,0.00374811420293038
2018-12-04,-0.011503062775811474,-0.011092933326324514,-0.009880239019641874
2018-12-05,0.00034616954960698125,0.0004582766669529349,0.0005021729957052767
2018-12-06,-0.000270506167398504,-0.00011350012477616569,-3.584687604297107e-06
2018-12-07,-0.008109144873310528,-0.007624232225831406,-0.007069136095616851
2018-12-08,-5.4031050750998115e-05,-7.152902350378458e-05,-7.838047756522076e-05
2018-12-09,-0.00013021315022668416,-0.0001723827198177201,-0.00018889451080776544
2018-12-10,-0.0006132990167452904,-0.00035684580674008446,-0.0005826167474889227
2018-12-11,-0.00027795408759657004,-0.0005235387381339142,-0.00022743389618291269
2018-12-12,0.001069203704783053,0.0013047083682809833,0.0008905080499551717
2018-12-13,-0.0001720330452980795,-0.0003486962322040104,-8.837206563733542e-05
2018-12-14,-0.0011193784640458266,-0.0012814370235377979,-0.0007330720372140972
2018-12-15,5.685252546172488e-06,7.52642336855925e-06,8.247346728485657e-06
2018-12-16,-1.6007243411032928e-05,-2.1191194216363153e-05,-2.3221006543840292e-05
2018-12-17,-0.002331428724458869,-0.0024842187815702047,-0.0020931775389812887
2018-12-18,0.0003828805402867984,0.0008162417708080099,0.00025470830521614926
2018-12-19,-0.0017750286256724792,-0.0021250798605177592,-0.0014476626928722003
2018-12-20,-0.0023424909099143253,-0.002775830451406877,-0.0021092934423854264
2018-12-21,-0.0028629900070267595,-0.003222208762943018,-0.002767458220639491
2018-12-22,-8.724813490249196e-05,-0.00011550347078871919,-0.00012656704589824761
2018-12-23,1.0875842053330307e-05,1.43979869175826e-05,1.5777107463492984e-05
2018-12-24,-0.005780206131126309,-0.005985296154363598,-0.005733678627442067
2018-12-25,0.00018488472376286872,0.0002447596996118136,0.00026820416670834165
2018-12-26,0.03051131066598497,0.028538815384709676,0.030572239384764985
2018-12-27,0.0025685823376393937,0.00222627397361455,0.0024919213143722195
2018-12-28,-0.0008467849841985479,-0.0008448931271001275,-0.0009133023391383981
2018-12-29,7.2065225522804e-05,9.540357143861319e-05,0.00010454186460955264
2018-12-30,-3.2551594904138166e-05,-4.3093439135842844e-05,-4.722117224508767e-05
2018-12-31,0.0028362316365867085,0.0028886667763620443,0.002691608111523287
2019-01-01,-7.337143034319325e-05,-9.713279110026588e-05,-0.00010643671870172874
2019-01-02,0.0020152052526176143,0.001911554310550608,0.0018487389991486065
2019-01-03,-0.006519594250921949,-0.006685809996856395,-0.00599699901316387
2019-01-04,0.01108657609808344,0.009170478937659071,0.010300334027756864
2019-01-05,8.762349139444101e-06,1.160003865984571e-05,1.2711155911217265e-05
2019-01-06,-0.00016246833589192818,-0.00021508375748957316,-0.0002356856951592929
2019-01-07,0.0026220014973927434,0.0026631503758236764,0.002472086193362531
2019-01-08,0.0023789161050891882,0.002151823992835214,0.0021846953088692856
2019-01-09,0.00023352689126924725,0.0008557576073074793,0.00013672622401355433
2019-01-10,-0.0003635620194982497,-0.00032412379244983215,-0.0003220618031056564
2019-01-11,0.00047153752170690495,0.0002640506172253413,0.00048165032232012596
2019-01-12,1.835271870692632e-05,2.4296252423368414e-05,2.662348477171661e-05
2019-01-13,7.687581287094556e-05,0.00010177206901009286,0.00011152037286500386
2019-01-14,-0.0013553711048969051,-0.001404984906270962,-0.0012797906245320886
2019-01-15,-0.0014547753516168252,-0.0008759205100490658,-0.0016869589359528086
2019-01-16,0.0009560087262774617,0.0008965144268727653,0.0009430797822606258
2019-01-17,0.000318231073618181,0.0004915926716610719,0.00018367967153332793
2019-01-18,-0.0009138369716243023,-0.0006601973408471541,-0.0009291951892844704
2019-01-19,-5.12338771864238e-05,-6.782598440194174e-05,-7.432274045337872e-05
2019-01-20,9.043072995676903e-05,0.00011971675025073685,0.0001311838970751857
2019-01-21,1.8308892061868965e-05,2.4238232505546595e-05,2.65599073783117e-05
2019-01-22,0.0006663197198384911,0.00021713566019386098,0.0007629588435509577
2019-01-23,-0.0010331289090842828,-0.0010171795400786986,-0.0010121763864794533
2019-01-24,0.0008141962577060328,0.0009443666316614926,0.0008082778701468772
2019-01-25,0.00010442303143485705,6.38442102866397e-05,0.00014620463457502194
2019-01-26,-2.2250366392756236e-06,-2.945615453621136e-06,-3.2277631466072406e-06
2019-01-27,1.6097479742856798e-05,2.1310653612584606e-05,2.3351908436063035e-05
2019-01-28,-0.00234207874923885,-0.0017655424592014468,-0.002345073758651988
2019-01-29,-0.0007015688228692902,-0.0002555510520160482,-0.0007477515348047327
2019-01-30,0.0031726916629107637,0.0018131882665384455,0.00322971272104039
2019-01-31,0.0004166355296343937,-0.0007702971646638634,0.0005917298449145846
2019-02-01,-0.00032232479122981997,-0.00025252073213448666,-0.00030892249859831156
2019-02-02,-6.68006393177693e-05,-8.843404733786876e-05,-9.690476010763306e-05
2019-02-03,0.00011557226456456532,0.00015300037873632673,0.00016765561957347887
2019-02-04,0.0009134891016966478,0.0003190317928738573,0.0007035121797508246
2019-02-05,0.0002131929978818074,4.14064411757342e-05,5.9506297029139385e-05
2019-02-06,-0.0017807869363008308,-0.0011179209131094838,-0.0016566596938753812
2019-02-07,-0.0006336742304850222,-0.00019255907195119427,-0.00042944719785515035
2019-02-08,-0.0017971306724106418,-0.0020105355651890175,-0.0020147242903786125
2019-02-09,-9.054355525040822e-06,-1.19866114051151e-05,-1.3134756778441603e-05
2019-02-10,-3.8322465844921134e-05,-5.0733208442993453e-05,-5.559272182664875e-05
2019-02-11,0.000140419776195096,0.00011688059725400163,0.0001773118880176259
2019-02-12,0.0010933392361714023,0.0012471716167197751,0.001116863369907134
2019-02-13,0.00047379907676302894,0.0005701011955625947,0.0004882239440167254
2019-02-14,-0.00018391256664707312,0.00011564945992091948,-0.00017014162424198103
2019-02-15,-0.00040261536683839207,-0.0005966891249471666,-0.0003675700638764196
2019-02-16,-1.925615217500143e-05,-2.5492263103779925e-05,-2.7934056113415395e-05
2019-02-17,-9.41857820930894e-05,-0.00012468787720058307,-0.00013663118665471798
2019-02-18,-0.0005106215513033191,-0.0006759865010405956,-0.0007407363079184367
2019-02-19,0.0003787632354092398,0.0004526084905983558,0.00034791882864868825
2019-02-20,0.0001242425685144885,8.485257290549313e-05,7.095901796747375e-05
2019-02-21,-0.00047329204789245654,-0.00016687374085085104,-0.0004032324099874086
2019-02-22,-0.0005575560430909898,-0.00040220542930865773,-0.0006264438649435467
2019-02-23,-0.0003109217355693252,-0.0004116138372705054,-0.0004510405365174358
2019-02-24,-0.001962382177194232,-0.0016942442824045712,-0.0004231637645476232
2019-02-25,-0.00018602267550753678,-0.0003422590155809806,-0.0002856213012734562
2019-02-26,-0.00043068421511614015,-0.000587633134502649,-0.0003649139874871642
2019-02-27,0.0001209943864406933,5.793529719861146e-06,0.00012877904976586437
2019-02-28,-0.0007817195512350148,-0.0008847267578868627,-0.0007563135000826038
2019-03-01,0.0024820817958872057,0.0017408163905597135,0.0024807170000956075
2019-03-02,-1.232175379162102e-05,-1.6312157626370526e-05,-1.7874628259204902e-05
2019-03-03,4.33046617822412e-05,5.7328890099146404e-05,6.282017514215615e-05
2019-03-04,3.9357599195060034e-05,1.7785263790775878e-05,0.00016261103965806853
2019-03-05,0.000472427508674496,5.7718285007813376e-05,0.0003135336199013778
2019-03-06,-0.0017437672711761191,-0.0015740128584425337,-0.0016950182339676369
2019-03-07,-0.002130423822107171,-0.0019581978806458337,-0.0021170444568794082
2019-03-08,-0.0007412400054290689,-0.0007722437470097856,-0.0006976790943232084
2019-03-09,-0.00015785004900071358,-0.00020896983693838333,-0.00022898614874967749
2019-03-10,2.9172697057724734e-05,3.8620284160811593e-05,4.2319553210016654e-05
2019-03-11,0.002499624223923462,0.0031884638002401882,0.0021959622775219053
2019-03-12,0.0010531199636900513,0.001241656539645869,0.0009804889046636962
2019-03-13,0.0009388727240519459,0.0013063600440475916,0.0006765170018079973
2019-03-14,0.0011052709351621662,0.0011976750416083804,0.00108137613485067
2019-03-15,0.0009097046113673028,0.0014842334611227536,0.0005620011792789691
2019-03-16,-0.0002609229557253059,-0.00034542293687315676,-0.0003785094976540065
2019-03-17,6.784568377064508e-05,8.981752976497796e-05,9.842076029927797e-05
2019-03-18,0.00016239078084846816,0.0003128936225189263,2.1073232771970542e-05
2019-03-19,-0.0007398661203950494,-0.0008708930035105803,-0.0008489599422131869
2019-03-20,0.001493541598090882,0.001030397665885249,0.0015472579381181505
2019-03-21,0.0022172014686580865,0.0027360943372262175,0.0018838567039061508
2019-03-22,-0.0021966290764179057,-0.003059736091082202,-0.0011022961855423554
2019-03-23,-3.632248907586098e-05,-4.80855385692314e-05,-5.269144317114554e-05
2019-03-24,4.1924148436563016e-05,5.5501297072955275e-05,6.08175249287061e-05
2019-03-25,-0.0006846884231647177,-0.0008365957189181845,-0.0005169086501644987
2019-03-26,0.0015856737003794024,0.001855571844934709,0.001293863981926348
2019-03-27,-0.0021524939048505197,-0.0019471651756999887,-0.0021340874915743786
2019-03-28,0.0018234890477757117,0.00215208198762073,0.001639404904236062
2019-03-29,0.0028662049962265203,0.003012281536318414,0.0026185431166572517
2019-03-30,-2.535314309754682e-05,-3.356376645119639e-05,-3.677869366122572e-05
2019-03-31,3.834545582028096e-06,5.076364372909298e-06,5.562607237643206e-06
2019-04-01,0.0072899566113426555,0.007093057121848013,0.006579529014681046
2019-04-02,-0.0008026672114216344,-0.0016783198515459476,-0.0019074392024945972
2019-04-03,0.002252154474896491,0.0021564841931742762,0.0018101516106597256
2019-04-04,0.0016107296134228784,0.0017874284063708083,0.0016871470840391057
2019-04-05,0.0013067098887976584,0.0015676186595409783,0.0009131682706113367
2019-04-06,0.00011174531266529072,9.647660946807346e-05,2.4096679318000663e-05
2019-04-07,0.0006687153791115987,0.0005773655564072952,0.00014426135954936887
2019-04-08,0.0011942666986816544,0.0015915873854017088,0.0007469654892155767
2019-04-09,-0.0013666343386497734,-0.0018104936385935954,-0.0008664805690088311
2019-04-10,0.0017895876397333807,0.0021201966853081925,0.0011753233502957662
2019-04-11,-0.001990415207715183,-0.0016837950229586119,-0.001083822732384589
2019-04-12,0.0011963278321402765,0.002407967878558644,0.0006523422489014551
2019-04-13,-1.2890881759785296e-05,-1.706559786574495e-05,-1.870023726218391e-05
2019-04-14,-0.00012771626875326546,-0.00016907722249505272,-0.00018527239427310423
2019-04-15,0.0002843776748934708,0.0003361449161198065,0.0004569555612580388
2019-04-16,1.1547162321390815e-05,0.0002696306912079421,-0.00029047367484244
2019-04-17,0.0016047610515583638,0.0022738035922401654,0.0012906570004539075
2019-04-18,0.00035982160559262224,0.00027295754037675804,0.0003145234598885827
2019-04-19,-9.286179801586303e-06,-1.2293512046418345e-05,-1.3471054097377435e-05
2019-04-20,-5.8218324649014795e-05,-7.707234736858071e-05,-8.445477231353948e-05
2019-04-21,3.9654290293229433e-05,5.249634465711196e-05,5.752474119033868e-05
2019-04-22,-0.00024851734797572025,-0.00024395195211859665,-0.00039148208239472957
2019-04-23,0.001008703255975788,0.0014326120871723563,0.00041397885692026886
2019-04-24,7.747331647605938e-05,0.00010201781503703044,0.0002564964435503932
2019-04-25,-0.00641596520261193,-0.006532837965601877,-0.006361276051356366
2019-04-26,0.0019382362681187957,0.0019029876514528303,0.0016942144169393531
2019-04-27,1.8886077890397808e-05,2.5002340145895014e-05,2.7397205566208453e-05
2019-04-28,-2.912895293384097e-05,-3.856237348867135e-05,-4.2256095526462015e-05
2019-04-29,0.0024547343434925387,0.002227571566183788,0.0022341905726811166
2019-04-30,-0.006950306515868381,-0.005084602711965311,-0.0069146646338066236
2019-05-01,0.00026253985978269404,0.000981767616858852,0.0005091265335333165
2019-05-02,-0.0009708372911082237,-0.000818773846249137,-0.0009427478007508556
2019-05-03,0.005760766084317936,0.005763729665902117,0.005010440742168123
2019-05-04,-0.00010612782763843726,-0.00014049735794588716,-0.0001539549888007033
2019-05-05,5.915406069240128e-05,7.831112182346199e-05,8.581220358567273e-05
2019-05-06,-0.0025298813859106458,-0.002961383818726316,-0.002184311788786031
2019-05-07,-0.009611724632488062,-0.010427308508844527,-0.008820534451389302
2019-05-08,-0.0009493491501378264,-0.0009881624311269001,-0.0009278579288939497
2019-05-09,-0.002076161785914474,-0.0024838560830058518,-0.002062404900896229
2019-05-10,-4.406299917095629e-06,4.855226927275625e-05,-0.000267773316851763
2019-05-11,0.003041361420533643,0.0025814773122191967,0.0005369793868446558
2019-05-12,-0.0008015552001841713,-0.0006997992086085793,-0.00019367831006272747
2019-05-13,-0.00629570423174914,-0.009322098567313811,-0.007296949994603284
2019-05-14,0.004506680752090758,0.005377417611568667,0.0037656021900692666
2019-05-15,0.0038215369444168324,0.004375002463350097,0.003197914936505207
2019-05-16,0.0010493468662583349,0.0018535506253311365,0.0013315332042613305
2019-05-17,-0.003613533005057957,-0.00399671589751467,-0.002016827942771821
2019-05-18,5.452206508638471e-05,7.778011250531437e-05,9.411464313773378e-05
2019-05-19,-0.0009172622624634618,-0.0012143179342051118,-0.0013306321677098402
2019-05-20,-0.004263476725659981,-0.004976162154387868,-0.003401953800958984
2019-05-21,0.0023716948288203515,0.0030602856238839946,0.0020435328515051136
2019-05-22,-0.0019091297068596874,-0.002409250500739921,-0.0015830420264432076
2019-05-23,-0.0036172165248289866,-0.004850176059995204,-0.003058222756826502
2019-05-24,-0.0002272025823169562,-0.00011751330796239641,-0.0003729447178354587
2019-05-25,-5.3705086052261245e-05,-7.109749503500087e-05,-7.790761486125182e-05
2019-05-26,-0.00050745641840551,-0.0006717963388599015,-0.0007361447883266565
2019-05-27,0.0003941041733093838,0.00035612142450867,0.00012753922048960785
2019-05-28,-0.005121293385267945,-0.0056315148077092205,-0.0045717113872289885
2019-05-29,-0.004441636367493537,-0.0043805939308122835,-0.004112340817972476
2019-05-30,0.0007562007981238852,0.0010185125933768868,0.000886776708107656
2019-05-31,-0.009270036976111916,-0.009587043354191254,-0.008701151689932105
2019-06-01,7.777656878593474e-06,1.0296453501101075e-05,1.1282705999777716e-05
2019-06-02,0.00012657354652090066,0.00016756442930889376,0.00018361469720720933
2019-06-03,-0.0048154659443458946,-0.0034711931021902155,-0.004269919786659086
2019-06-04,0.01496521258420846,0.015888496970546624,0.01380435085384313
2019-06-05,0.003947794494434269,0.004771079918057027,0.0036600459305762547
2019-06-06,0.003897613694541461,0.004353229355916546,0.00361139483809185
2019-06-07,0.005553594576304556,0.006285110622152528,0.005318634780469979
2019-06-08,-7.601332996421321e-05,-0.00010063027074317445,-0.00011026920670810153
2019-06-09,-0.00022723577208194368,-0.0003008261482282894,-0.0003296409765889179
2019-06-10,0.003973410368931527,0.004154572574544771,0.0036670716024060222
2019-06-11,0.0014767515266793103,0.0017750549611308245,0.0013966939757732904
2019-06-12,0.0007362562224730092,0.00020912802652091445,0.0010407011965539135
2019-06-13,0.0013804373329058693,0.0017325520829243747,0.001205610109127214
2019-06-14,2.7556985858781077e-05,3.869050074467166e-05,0.0002456612502205335
2019-06-15,0.0001122365444257635,0.00014858438458307597,0.0001628166365466981
2019-06-16,0.00011927816276633099,0.00015790643323447719,0.00017303160369418598
2019-06-17,0.0006330504608254783,0.0007707830063304721,0.000680340763318683
2019-06-18,0.0031319960305110886,0.003945635420495445,0.0027020507744044083
2019-06-19,0.0006620402309265552,0.0005794088469794348,0.0007112320718090157
2019-06-20,0.0020316800235964296,0.002583932413328948,0.0019419199115420327
2019-06-21,-0.0005619604256640294,-0.0007101024791188914,-0.000279343792819602
2019-06-22,0.0021769988218696325,0.002272405987661859,0.001523108867472622
2019-06-23,0.0005726366992899352,0.0005972192869343435,0.00039926124254635836
2019-06-24,-0.00028366356786676384,-0.0005126779916385599,-0.0003839631054150402
2019-06-25,-0.00024461199575339873,2.259032818542042e-05,-0.00040453242753723997
2019-06-26,0.00560511289946062,0.006835455888400154,0.00419528615551563
2019-06-27,-0.004148381152848114,-0.004346246747431084,-0.002603841467942809
2019-06-28,0.003204690640107637,0.003523240403368472,0.0030235277458141247
2019-06-29,-0.0014169598989914765,-0.0014657944633243913,-0.0009557843478797374
2019-06-30,-0.003699612403125898,-0.003827840863628487,-0.0024974470555307643
2019-07-01,0.0056535933735953215,0.0057755776409414315,0.004990104774170782
2019-07-02,0.00191451797498001,0.0015796405171914758,0.0018313299824129564
2019-07-03,0.005058749067571825,0.005322101961307659,0.005052515202901103
2019-07-04,-0.0003129470643582229,-0.00041429506942369055,-0.0004539785922371362
2019-07-05,0.0003128900663404637,0.0001168326994268148,0.00022874427600453955
2019-07-06,0.00010335361698472504,0.00013682471830080001,0.00014993056297736375
2019-07-07,0.00010656713942140527,0.00014107894098772404,0.0001545922791526483
2019-07-08,-0.0034632856501799402,-0.0033982179938080274,-0.003009155052790252
2019-07-09,0.00012019854248855672,0.0002461925563159165,-1.7024795180396198e-06
2019-07-10,-0.0003912976860659036,-7.82227960205564e-06,-0.0007360047071489806
2019-07-11,-0.00044263148972687247,-0.00034947311447222943,-0.000564335918479146
2019-07-12,0.0010961384509578904,0.0017796458678539806,0.001041356707851504
2019-07-13,-0.00017104698803916814,-0.00022644060882860408,-0.0002481303698939251
2019-07-14,-0.0004915448097382304,-0.0006507317507290878,-0.0007130625149146548
2019-07-15,0.0014072494701762577,0.0013911831320197374,0.0014101564010569824
2019-07-16,-0.0005007301560686541,-0.0009038804949125229,-0.0006310625054049707
2019-07-17,-0.0009745964031849984,-0.0015159043251386471,-0.000797238177566101
2019-07-18,0.001995907989199025,0.0024691022863204855,0.0021797666522184876
2019-07-19,-0.002282467036709931,-0.0027330673907572005,-0.002158552377647237
2019-07-20,0.00010340189079455736,0.0001368886255991057,0.00015000059167782318
2019-07-21,-7.190399167346941e-05,-9.519012195654022e-05,-0.00010430796972994417
2019-07-22,0.0002459951381654396,0.0004145427586904277,4.892640924590142e-05
2019-07-23,0.002548402900403243,0.0031956052210666665,0.0023117890521122627
2019-07-24,0.0008489130233442942,0.001337157054229811,0.0006452042220849114
2019-07-25,-0.00160289981614556,-0.002055081430514108,-0.0014019049145429345
2019-07-26,0.009318375445224424,0.007088077934609467,0.00902539635053792
2019-07-27,-0.00018983379360124907,-0.00025131152727148287,-0.0002753835654437756
2019-07-28,3.764036657179571e-05,4.983021110607046e-05,5.4603230302213185e-05
2019-07-29,-0.0008391430223314234,-0.0007299293565147722,-0.0007579088866096489
2019-07-30,-0.0019475599820028859,-0.0019948661990027354,-0.0018167513155103053
2019-07-31,-0.0029580677406160745,-0.0022211464903745953,-0.0024550998271841763
2019-08-01,-0.007721253671551528,-0.007950985905796558,-0.007410705298591267
2021-06-23,0.00036394190655700693,0.00031281604105707337,0.00042049340369810666
2021-06-24,0.0010550472155916133,0.0006241247976338567,0.0010129998782779327
2021-06-25,0.0032296109712233894,0.003433662451427189,0.0030530528625586314
2021-06-26,7.825803605443255e-05,3.414488235971151e-05,0.00011548433300442505
2021-06-27,0.0003452836329365319,0.00015065122537896762,0.0005095304208667475
2021-06-28,-0.002456441142148026,-0.0025686822877725207,-0.00268178025933328
2021-06-29,0.00034651388384985063,0.0003385902281629286,0.00036156391968018663
2021-06-30,0.002146312417612923,0.002001032071096131,0.0021280091960001963
2021-07-01,0.0020458721489153156,0.0023930345514280135,0.00193714048906085
2021-07-02,0.0033214625440327996,0.00322284751045173,0.0031978044815668813
2021-07-03,0.00010493128453561792,4.578272784446084e-05,0.00015484568763602413
2021-07-04,8.218405236085029e-05,3.585784848668793e-05,0.00012127790255165711
2021-07-05,-0.00020078927682976342,-8.760667379481854e-05,-0.00029630203974193286
2021-07-06,-0.0013048363162802884,-0.0014050674230465085,-0.0013145724748123214
2021-07-07,0.0015741956989256715,0.0013863831660752117,0.0015279206972622307
2021-07-08,-0.004128644157583545,-0.004017009282488516,-0.004049042498733923
2021-07-09,0.008075186326734672,0.008033553151016608,0.007926964501584512
2021-07-10,-3.857296753455631e-05,-1.682982994636239e-05,-5.6921610256500545e-05
2021-07-11,0.00010116739299100675,4.4140498618109306e-05,0.00014929136342287775
2021-07-12,0.0008276321148983876,0.000704285412227976,0.0006656303241982579
2021-07-13,-0.001582679000585378,-0.0014511286278435656,-0.001506120120096873
2021-07-14,0.0016769721081821526,0.0011282928105936219,0.0016842215929522022
2021-07-15,-0.00037910631421945887,-0.00020864187926990764,-0.0003692863489334788
2021-07-16,-0.0032172705684400337,-0.002603849315279799,-0.003091487659780535
2021-07-17,1.765425694683298e-05,7.70275561449627e-06,2.605214992586396e-05
2021-07-18,4.200622338472935e-05,1.832779901158927e-05,6.198801981493869e-05
2021-07-19,-0.004448743224835526,-0.0032167863045155028,-0.004212220748043631
2021-07-20,0.005011836587461479,0.004343185266396453,0.004629176205076069
2021-07-21,0.0028671197473726746,0.002348860908520376,0.0029053703385060964
2021-07-22,0.000604662180553815,0.0007423165128282378,0.0005358452523695705
2021-07-23,0.0027320305860653515,0.0019021949422566638,0.0027089922263849662
2021-07-24,0.00011941448317035687,5.210191419909318e-05,0.00017621834938976477
2021-07-25,0.0001737682513782516,7.581708921287344e-05,0.00025642747530495977
2021-07-26,0.0011064356988852487,0.0006435993988751375,0.0012110804928214104
2021-07-27,-0.0016063335345581665,-0.0018253098541877555,-0.0011942200893310315
2021-07-28,-0.00038692602346652376,-5.5996792367264355e-05,-0.00037960254007248797
2021-07-29,0.0059003587802156435,0.006007589404112798,0.0058701834309738046
2021-07-30,-0.0011804260431466321,-0.0004004271701609402,-0.0017968728717155094
2021-07-31,-0.0005673463889296589,-0.0008375555300768115,-0.0003796955904521839
2021-08-01,-0.001560777733284509,-0.0023032931839636825,-0.0010451942345348199
2021-08-02,-0.0009673459138398099,-0.0007730126775407626,-0.0009998954926673737
2021-08-03,0.0042599083532805565,0.0043067354093619436,0.004055051431606565
2021-08-04,-0.0021670800333149958,-0.0019584326743793687,-0.00200678773960195
2021-08-05,0.004416836024959522,0.004360603432698442,0.0043616053844210976
2021-08-06,0.0019867391949491,0.0018698129637982168,0.002068015484360429
2021-08-07,0.001583591880275003,0.0023317506746738164,0.0010645122244132008
2021-08-08,-0.0006700330086560748,-0.0009877795528078122,-0.0004494800185792716
2021-08-09,0.0034688570875613177,0.004446482613357559,0.002713028435922382
2021-08-10,-0.0001367715038890674,-0.0010420882096104968,0.00010195273588255171
2021-08-11,0.0007396901894144969,0.0006482207131516488,0.0007843367304586277
2021-08-12,0.0006125139396351032,7.155143416292034e-06,0.0009024995318584637
2021-08-13,0.0019965789126288203,0.0014573740251083338,0.002154152950754801
2021-08-14,-0.0005940653805452388,-0.0008755128460767397,-0.0003987303958341241
2021-08-15,-4.213934714450779e-05,-6.175113073907317e-05,-2.855673032532407e-05
2021-08-16,0.0009724917642181853,0.0007973600270336776,0.0009041893972822496
2021-08-17,-0.0021984651103121077,-0.001805498193635528,-0.002127401104770833
2021-08-18,-0.0029846441055624254,-0.002473379054513889,-0.0028081687434823956
2021-08-19,0.0009017975746266707,0.0005251436963596577,0.0009920273653693868
2021-08-20,0.00240545099007963,0.0016530915390919254,0.0025468068007674883
2021-08-21,-5.938769376717652e-05,-2.5911534706600404e-05,-8.763762227054985e-05
2021-08-22,5.742695130937182e-05,2.5056040192109056e-05,8.474418095321938e-05
2021-08-23,0.0017577524899951547,0.0017104802176670182,0.001569614913201573
2021-08-24,0.00017262924755781408,0.0005105046529843449,-4.919653032332082e-05
2021-08-25,-3.4956671866344036e-06,-4.208306611737966e-05,4.750406150336271e-05
2021-08-26,-0.0012783279696416635,-0.0009192266285482757,-0.001259081191873068
2021-08-27,0.005192591339453611,0.00526105595406492,0.005229511562530443
2021-08-28,-2.4913133729647588e-05,-1.0869887148955567e-05,-3.6763976926500416e-05
2021-08-29,-1.1506680847609131e-05,-5.0204973661628925e-06,-1.6980254422135693e-05
2021-08-30,-0.0001206671449566318,-0.0003600136623710991,-0.00045544679872707583
2021-08-31,-8.943959750097057e-05,-7.660665250474653e-05,-8.238108601442823e-05
2021-09-01,-5.018056562477483e-05,-0.0004593879311382526,5.4400145965307584e-05
2021-09-02,0.0015246658043517312,0.0016198621354177952,0.0015506175067627839
2021-09-03,8.164282702788648e-05,-0.00019354348753641647,9.965524057348733e-05
2021-09-04,-1.3171674652628027e-05,-5.746953337565954e-06,-1.9437263423682394e-05
2021-09-05,0.00029601255816670807,0.00012915368804514008,0.00043682175741081126
2021-09-06,0.00013811412224261227,6.0260782073660304e-05,0.00020381315568136204
2021-09-07,-0.0006988425359869876,-0.0007959464347108227,-0.0011476988565159944
2021-09-08,-0.001519000329106643,-0.0012098813485396241,-0.0015354943412513977
2021-09-09,-2.7151119014204604e-05,-0.00023795984661145096,2.3747078936799176e-05
2021-09-10,-0.003726725433558094,-0.003174768876292195,-0.003669349825926992
2021-09-11,5.222946169347717e-05,2.2788315617764934e-05,7.707431531575911e-05
2021-09-12,0.0001409703288715187,6.150697791827879e-05,0.00020802802145224145
2021-09-13,0.0007842190171036223,0.0005223579655555025,0.0006465871288567344
2021-09-14,-0.0012751652079653671,-0.0013156386125089741,-0.0009969061341826664
2021-09-15,0.0019047461283452612,0.0016889859308984174,0.0018569819383031884
2021-09-16,3.1976859356695335e-05,-6.705218897038558e-05,-6.726622812650736e-06
2021-09-17,-0.001947380877427741,-0.0020287231365216825,-0.0017271890576143847
2021-09-18,0.00015845787113587907,6.913699399690549e-05,0.00023383415275972353
2021-09-19,-0.00015604671948948352,-6.808498076646437e-05,-0.00023027604865060898
2021-09-20,-0.006277291840001927,-0.005367312128079683,-0.006148580808214334
2021-09-21,2.490382681389025e-05,0.00015454277189601718,-0.0001411441214294993
2021-09-22,0.002329145715089641,0.0004693327203008957,0.003697530965764643
2021-09-23,0.005307617125055169,0.005543190948806633,0.005387832038341615
2021-09-24,0.001633196391522853,0.0019046468203314057,0.0015024428787615812
2021-09-25,-1.9580644441745663e-05,-8.543260663041854e-06,-2.889489408575214e-05
2021-09-26,7.843191970323323e-05,3.422074979814872e-05,0.00011574093077015682
2021-09-27,0.0005416384736342023,0.0011538744377995005,0.0006596239943118742
2021-09-28,-0.011638312168493398,-0.012516799754425451,-0.011404668169777294
2021-09-29,-0.0001784350504060323,-0.0002446574711328073,6.350474372055452e-05
2021-09-30,-0.006111905140284271,-0.007557548556583004,-0.005946272614840381
2021-10-01,0.010811787392837587,0.011383817574933015,0.011185062205420877
2021-10-02,-5.6274376284174565e-05,-2.4553158435419833e-05,-8.304334146460914e-05
2021-10-03,6.829325397862495e-05,2.979713318438141e-05,0.00010077943789616211
2021-10-04,-0.010498229736800396,-0.010811239561780001,-0.0102873268184376
2021-10-05,0.00766993107617194,0.008372561700418849,0.00786087679520005
2021-10-06,0.002488603661292038,0.002789836098237422,0.002663299909200201
2021-10-07,0.0032123504286716525,0.003370567567153019,0.003487878865718107
2021-10-08,-0.0003718881324693497,-0.0003782187593659727,-0.0003458716024376238
2021-10-09,0.00010639006656575791,2.597154185561014e-05,0.0001728546117772975
2021-10-10,-0.00015983763044236305,-0.00023648655454606648,-0.0001065652506772085
2021-10-11,-0.001123407006622752,-0.0014129462763470527,-0.0009058627504501264
2021-10-12,0.0002705320631610472,-0.00026897182577908656,0.0006165005128812083
2021-10-13,0.0011387864053181232,0.0014722953837618192,0.0006174354719912102
2021-10-14,0.0023382165090324995,0.002644494519059285,0.002122466171320944
2021-10-15,0.005200765970553178,0.00644299295205957,0.00419353611926611
2021-10-16,-0.0004565273237550414,-0.000665128421410425,-0.0003123761587288462
2021-10-17,0.0004352903637357125,0.000634145262676444,0.0002978777652792625
2021-10-18,0.0016471705908671624,0.0014748783656452296,0.0013461601006443493
2021-10-19,0.003925905505998791,0.004581387456740244,0.0034122196117497843
2021-10-20,0.001761396543577984,0.002469649185540841,0.0014708264817485342
2021-10-21,-0.0017929830056338113,-0.0029645971083992473,-0.001263516389625689
2021-10-22,0.0028686095949864428,0.003537835979448382,0.0029558253901082188
2021-10-23,7.761932066522516e-05,3.386620347987539e-05,0.00011454178928085176
2021-10-24,-5.0679751745434125e-05,-2.2112159320783506e-05,-7.478742915399048e-05
2021-10-25,0.0022204399547537702,0.0017888822039782905,0.002134316165630279
2021-10-26,0.0012467625569921859,0.0016208352088314167,0.0010863077868494785
2021-10-27,0.00036905990931734894,-0.0001638731140709233,0.0001610487260309
2021-10-28,0.005789924274218683,0.006165567634237273,0.005839243687611168
2021-10-29,-0.0010203836393083128,-0.0013625313360516678,-0.0009033022725706928
2021-10-30,-3.664394600567698e-05,-1.59881756384633e-05,-5.4074979088055996e-05
2021-10-31,-6.18650198428083e-05,-2.6992420602590146e-05,-9.12933790963385e-05
2021-11-01,6.136659101055328e-05,0.0002393041723090727,-1.0958349999911383e-05
2021-11-02,0.001736512679862128,0.0013880176638802592,0.0018153083352466927
2021-11-03,0.003952010879013076,0.0037450727721073645,0.003792818330611527
2021-11-04,-0.0010654598892898685,-0.0014302427325880898,-0.0013767674063088573
2021-11-05,0.0007315397013663577,0.0005399084646901145,0.0006752301807608484
2021-11-06,4.432116253485158e-05,1.93378336219114e-05,6.540414443518533e-05
2021-11-07,0.0001972165216693581,8.604783957404611e-05,0.0002910297729244965
2021-11-08,-0.0005039899080797165,-0.00034279996888699247,-0.0002208445512473763
2021-11-09,-0.0016826205162784203,-0.0016854579932336455,-0.0016014917862673713
2021-11-10,-0.0002094312691036847,0.00044923908471160875,-0.0001694099307228565
2021-11-11,-7.871240643797696e-05,-3.5360496455426275e-05,-0.00010470522981428974
2021-11-12,0.0006571032737546585,0.0006439886412670291,0.00046730464484565385
2021-11-13,3.544711536364631e-05,1.546598464649653e-05,5.2308832179922053e-05
2021-11-14,0.0001122755413014026,4.898711164873636e-05,0.00016568350873109929
2021-11-15,8.773776574856885e-05,7.67457264560654e-05,-2.469121430782119e-05
2021-11-16,0.0004469691564974299,0.0005063875481081686,0.00015011787983643668
2021-11-17,0.001622901749276033,0.001508777243045713,0.0016031653531709017
2021-11-18,0.002304692932554337,0.002228774241632813,0.0019519510676899454
2021-11-19,0.0007838293764227491,0.0005877780004466726,0.0007364450133183329
2021-11-20,0.00019012267634749017,8.295271316652044e-05,0.00028056148063483735
2021-11-21,-0.00011326572892411163,-4.941914191164668e-05,-0.0001671447153102965
2021-11-22,0.001148356727371732,0.0013224297735997738,0.0012472336665642586
2021-11-23,0.0007546470291349424,0.0005990635961446182,0.000989471913681505
2021-11-24,-9.903400377699185e-05,-9.235874342690445e-05,-0.0002545625292786937
2021-11-25,0.00013652109546128673,5.956572614347575e-05,0.0002014623474503504
2021-11-26,-0.014757692565902399,-0.01527730528186,-0.014857863659214763
2021-11-27,-0.0006144414151732983,-0.001239211274672909,-0.00015366179048251693
2021-11-28,0.00032086459356227916,0.0001195492478992082,0.0004893517914331358
2021-11-29,0.007514526081423349,0.007275386393522084,0.007373037316277127
2021-11-30,-0.007660540493602712,-0.007920113978435298,-0.007567750935613109
2021-12-01,-0.007975856903659992,-0.008413668528762226,-0.007737262350551755
2021-12-02,0.007249740657329678,0.007895586417079164,0.00709006328169196
2021-12-03,-0.007840988939605423,-0.008603126499703836,-0.008160664909854957
2021-12-04,0.0020576024153255604,0.004232623154019636,0.0004503411880717843
2021-12-05,-8.817463004514786e-05,-0.00017823236463963005,-2.174013288098417e-05
2021-12-06,0.010881562745960048,0.010190319952519407,0.011377812460925755
2021-12-07,0.01207359715020324,0.012727697457302213,0.012114036407153228
2021-12-08,0.0013377613482988332,0.0011751703038654126,0.0011605716924467729
2021-12-09,-0.002003393378040734,-0.0017833585364237707,-0.0019825395403747503
2021-12-10,0.0035248714485489386,0.0031327534837645257,0.003088935186684658
2021-12-11,-0.001149124447993484,-0.0023358272767960275,-0.0002732158277069161
2021-12-12,-0.00014061056957201685,-8.179768018098779e-05,-0.00019164091039756503
2021-12-13,-0.0027354419548322436,-0.0033983734817281076,-0.002222747565228229
2021-12-14,-0.0002330895948337773,-0.0003618798415886559,6.615492485921159e-05
2021-12-15,0.005054173936690249,0.00413893006450023,0.004858476719168885
2021-12-16,-0.004240300854656771,-0.0040413838759990415,-0.0036983239864594878
2021-12-17,-0.002844119370183076,-0.002416690437311769,-0.0027002612938864692
2021-12-18,-0.00010992660286780496,-4.796224275949398e-05,-0.00016221721182474956
2021-12-19,2.3674531596441096e-05,1.0329470774343161e-05,3.4936188389720394e-05
2021-12-20,-0.002634599873824896,-0.0025129978549536707,-0.0025116321678009374
2021-12-21,0.006120617641630784,0.0055041002698832464,0.006282103091907754
2021-12-22,0.0033447851791342147,0.002933228124216774,0.0030951330035805464
2021-12-23,0.0020307943886295056,0.0016271702003147477,0.0020377782033929683
2021-12-24,5.843262586876282e-06,2.5494827583843194e-06,8.622824139692906e-06
2021-12-25,5.338233720002987e-05,2.3291328477929923e-05,7.877559822067092e-05
2021-12-26,-5.98852966973701e-05,-2.6128644595500374e-05,-8.837192823312837e-05
2021-12-27,0.004218268083521743,0.0036020884763612,0.003959934329189244
2021-12-28,0.00025514917793854414,-0.00019748630254172802,0.0005485300245645307
2021-12-29,0.00046406043921028476,0.00024677544041528564,0.0005401946418286707
2021-12-30,-0.0009754277551630313,-0.000897747075757618,-0.0009538258045076394
2021-12-31,-0.0011107615167221488,-0.0014891031681680356,-0.0009641516106987377
2022-01-01,-0.000240488833711742,-0.00010492804764740266,-0.0003548861427712709
2022-01-02,5.72097095532805e-05,2.4961255112143647e-05,8.442360021074501e-05
2022-01-03,0.006087846987471462,0.006568335906182197,0.00599721891344112
2022-01-04,0.0012826204960705069,0.0019201472284905451,0.0015022786381751836
2022-01-05,-0.01337861378131479,-0.014508216094938282,-0.012770297168614065
2022-01-06,0.0007759852901667202,0.0012262176108708525,0.0008312713346589371
2022-01-07,-0.0012756207184602842,-0.0014402223231993517,-0.0009687688177387453
2022-01-08,-3.348827011959523e-05,-1.4611317908214435e-05,-4.941819055545318e-05
2022-01-09,-3.363752013397044e-05,-1.467643740826785e-05,-4.9638436797628654e-05
2022-01-10,-0.0003900049334430004,-0.00016131875496625203,-0.0003731070450451227
2022-01-11,0.002889921997108337,0.0028179401447334276,0.0025810960980891546
2022-01-12,0.0006969148273781415,0.0007774016531024793,0.0005266555775530339
2022-01-13,-0.003601008925835718,-0.003506065510131964,-0.003080007732564582
2022-01-14,-0.00035655220919333073,-0.00042899203869350207,-0.0007717421530132151
2022-01-15,-1.4714369627049695e-05,-6.42004892077108e-06,-2.171379768307075e-05
2022-01-16,1.2002842368931825e-05,5.236978351773051e-06,1.7712433316997785e-05
2022-01-17,0.00016401810462533055,7.15629879006855e-05,0.00024203931466068845
2022-01-18,-0.005021942482277595,-0.004248755334494482,-0.0046194869998860905
2022-01-19,-0.002996091497423882,-0.0028524734806699144,-0.0026899895591278224
2022-01-20,-0.00390880769266877,-0.0035896839236084195,-0.0035773641355320474
2022-01-21,-0.007555867062598179,-0.00782823303606293,-0.006841060639148305
2022-01-22,0.00159580267641212,0.00227660548269241,0.0011294254633487863
2022-01-23,-0.0014666085532659841,-0.002095162615716479,-0.0010357645026447407
2022-01-24,0.0016956405779973043,0.0016311042883486047,0.0017811267083719354
2022-01-25,-0.007878430594163632,-0.0075428499650850205,-0.007931940619011413
2022-01-26,0.0015572208314908115,0.0023651261253287126,0.0014529206763526682
2022-01-27,-0.003190149109810956,-0.0039459768258929325,-0.003088488632575076
2022-01-28,0.013247193367328033,0.01318248350630228,0.012855043513108132
2022-01-29,-7.60476608384518e-05,-3.3180470198026426e-05,-0.00011222251197777037
2022-01-30,4.711777096557937e-05,2.055802608632438e-05,6.953106194526074e-05
2022-01-31,0.008777544086306079,0.009333198263872407,0.008410682413691221
2022-02-01,0.004501152339795461,0.0050642811614794595,0.004454438780307804
2022-02-02,0.005742901709067128,0.006156440467297106,0.005808070337342561
2022-02-03,0.008134040707814054,0.007911668696642206,0.008856470836750821
2022-02-04,0.002702779992164846,0.003699674564700517,0.0020918008019565047
2022-02-05,1.0445667832264686e-05,4.557565168811808e-06,1.5414531762026504e-05
2022-02-06,-0.00018508518525923306,-8.075479779234729e-05,-0.0002731277226762493
2022-02-07,-0.0026937974266773635,-0.0025385543620070126,-0.0027529247634771633
2022-02-08,0.00344266085805103,0.00409084007809978,0.0033019430788090573
2022-02-09,0.005900405085233303,0.005973090050674478,0.005624952384630076
2022-02-10,-0.006208765732313323,-0.006447631823322451,-0.005753294921709992
2022-02-11,-0.0030756803884677405,-0.0029702501950568403,-0.002559012781949337
2022-02-12,3.0637725176218125e-05,1.3367592322193051e-05,4.5211679657887714e-05
2022-02-13,8.924180320520014e-06,3.8937226458004025e-06,1.3169293070549735e-05
2022-02-14,0.00023486716227984027,0.00014868579355869032,0.00018547095139262307
2022-02-15,0.003854367497279916,0.0036845665219507524,0.0033867457583364622
2022-02-16,0.00019675075754026984,0.00018872747582753598,0.00023485722808649928
2022-02-17,-0.0036001399628469055,-0.0033910320225599066,-0.002886476865205781
2022-02-18,-0.0018454229537106276,-0.0017648661136143156,-0.0016682314388678917
2022-02-19,1.0346277842185196e-05,4.5142001715527845e-06,1.5267863288214272e-05
2022-02-20,-0.0003411345495158606,-0.00014884093250117406,-0.0005034076741742203
2022-02-21,-0.00028191290597719956,-0.0001230018474215298,-0.00041601508999626987
2022-02-22,-0.004725107330089287,-0.004623589936914867,-0.004585608422861602
2022-02-23,-0.010986028052936395,-0.011890238299578063,-0.010884033255792161
2022-02-24,0.012730350112665653,0.012384804505159832,0.012583530235386955
2022-02-25,0.009003371897132743,0.01136922186895727,0.008845800745119061
2022-02-26,-3.0219751061801968e-05,-1.3185225402632003e-05,-4.459488086954486e-05
2022-02-27,-0.0002849727939699211,-0.00012433691179080045,-0.0004205305256208223
2022-02-28,-0.00015895776272751002,-0.0021525940585062644,0.00033744720302863166
2022-03-01,-0.004839567908920206,-0.0063936364964407395,-0.004497974054701306
2022-03-02,0.008313789776962779,0.009103580916162972,0.007955914908570883
2022-03-03,-0.002720796676903935,-0.0035488700763287055,-0.002597428222012166
2022-03-04,-0.007003053288104514,-0.007514755956570485,-0.007100307549018068
2022-03-05,4.546768027142878e-05,1.9838072513819214e-05,6.709604526431253e-05
2022-03-06,-0.00016983502405160328,-7.410097683472742e-05,-0.0002506232645519986
2022-03-07,-0.01448531855429668,-0.015831257094711778,-0.014020474637075496
2022-03-08,-0.002167325008399517,-0.001458930781523215,-0.0021579619799882233
2022-03-09,0.011922232854065103,0.011150166019165823,0.0122454373478175
2022-03-10,-0.0016513588211038953,-0.0013719763108942845,-0.0017936317804926076
2022-03-11,-0.0032065124668780856,-0.002898309838555705,-0.0029641613618720643
2022-03-12,1.8370035820458513e-05,8.015058180056581e-06,2.710841519863171e-05
2022-03-13,-0.0001773316043951963,-7.737182117017774e-05,-0.0002616858675055375
2022-03-14,-0.0014041043564282495,-0.0013395874923069597,-0.0013002993359198893
2022-03-15,0.005034639445359155,0.004091812592959802,0.005061279255399561
2022-03-16,0.0031196114777073125,0.0031580527049113963,0.002445402587494272
2022-03-17,0.0014076841203983156,0.0010645056786274404,0.0011806325233772376
2022-03-18,-0.0005076713015063335,-0.0006498276156968978,-0.0008431628313085444
2022-03-19,5.994811864769584e-05,2.6156054535892795e-05,8.846463374168928e-05
2022-03-20,-0.00014371887871260976,-6.270620186658465e-05,-0.00021208401954689137
2022-03-21,0.001251230961278933,0.0012949711342978587,0.0013196146054696902
2022-03-22,0.0006352876351106219,0.0002545613846882082,0.000353581230026062
2022-03-23,-9.388597939236651e-05,0.00012358838835315844,0.00037991383404864596
2022-03-24,0.0015822119307231238,0.001385495063950343,0.0013374891306684794
2022-03-25,6.013639814717802e-05,-0.0002949535329777763,8.983785069158949e-05
2022-03-26,2.3309420410382085e-05,1.0170168559200317e-05,3.439739871494308e-05
2022-03-27,0.00036183943036539645,0.00015787471045577945,0.0005339615888313888
2022-03-28,0.0016718738073321004,0.002057225594830869,0.001302832508413582
2022-03-29,0.0027571997465100345,0.0030872158058648284,0.0024048632262789684
2022-03-30,-0.0017965436271193138,-0.002393837778129041,-0.0013837214222680917
2022-03-31,-0.006085992752425592,-0.007668472010839304,-0.005372801954896214
2022-04-01,0.000915240267562546,0.0004684033129591971,0.0009679635028712482
2022-04-02,-6.094741025306104e-05,-2.659205697127859e-05,-8.993927494584949e-05
2022-04-03,8.70562848553792e-05,3.79836596332792e-05,0.0001284677906224719
2022-04-04,0.004235314833544315,0.0045668608669791645,0.0039175949301340045
2022-04-05,-0.004153646080768727,-0.004456029327575689,-0.0038738148428409157
2022-04-06,-0.006049714900566291,-0.00698528085835122,-0.005889150803281236
2022-04-07,0.0011477898827491465,0.0007771222746632821,0.001129213305394968
2022-04-08,-0.001609231776009801,-0.0013362924160836907,-0.0015695988579038905
2022-04-09,8.477424916386368e-05,3.698798118086745e-05,0.00012510022119428362
2022-04-10,-9.755175124686107e-05,-4.256295248696379e-05,-0.00014395580944967057
2022-04-11,-0.005732621284014935,-0.004960483233978212,-0.005879648907326089
2022-04-12,-0.0012233425795138524,-0.0012238044179915535,-0.0011907245531377632
2022-04-13,0.004281492301817092,0.003992354506475505,0.004006252517661704
2022-04-14,-0.005486745541378817,-0.005183583003529474,-0.0054842545085160895
2022-04-15,0.00010936156177316249,4.771570882281877e-05,0.00016138338826841234
2024-03-09,0.00012263565823893025,0.00014961607428200097,0.00010360678622727896
2024-03-10,0.00032049983769082884,0.0003910145163726,0.0002708022224730218
2024-03-11,0.00041881256555423437,0.000581875718036315,0.0005762915658327718
2024-03-12,0.0022140439300848947,0.0019000109586829084,0.0019837755448261093
2024-03-13,1.1389603901557907e-05,5.2881426459922996e-05,0.00011293602059539752
2024-03-14,-0.0016482009620247464,-0.0017307037100992564,-0.0015382629369414859
2024-03-15,4.2671926000917206e-05,0.00018795218543615625,7.520265716287505e-05
2024-03-16,-0.0005646080270090615,-0.0007120455656253374,-0.0007150836978630443
2024-03-17,0.00042861636871959375,0.0005405420576784027,0.0005428484244764699
2024-03-18,0.001651642869113399,0.0016707393949818195,0.0013872513780464697
2024-03-19,0.0005962907977646951,0.00035787295537331824,0.0002879970359534623
2024-03-20,0.0029633768195553517,0.0031993088625824704,0.0028882433819562596
2024-03-21,0.0008170246064375432,0.0006501830279464862,0.0005699471171743326
2024-03-22,-0.0011981151642139365,-0.0016747038593410049,-0.001168402891712377
2024-03-23,3.447311174669259e-05,4.3475163614960853e-05,4.3660661991040475e-05
2024-03-24,0.0003845330943314378,0.0004849472050642586,0.00048701636160201146
2024-03-25,-0.0001674789117135221,0.0002589775169458234,-2.899238007305744e-05
2024-03-26,0.00043132635597990484,0.0002263492488789867,0.00043302550495007044
2024-03-27,0.004174733749696036,0.00529597867240372,0.003784777471596095
2024-03-28,0.00030851928775633866,0.0003290914055535335,0.0003268534332828581
2024-03-29,-9.397972153185831e-05,-0.00011852088665822275,-0.00011902658761892141
2024-03-30,-2.7871327933376497e-05,-3.514943910411643e-05,-3.529941355692515e-05
2024-03-31,0.0001903765443768912,0.00024009005847957073,0.000241114466722292
2024-04-01,0.0010999134999498993,-0.0010640590010575104,0.0010501364168587133
2024-04-02,-0.0028360628030007014,-0.003249298661951392,-0.002773830047050625
2024-04-03,0.00024652286119653406,-0.0007159419937684629,0.00025623735804550403
2024-04-04,-0.0052462847602236864,-0.004655306833601691,-0.004756707239459151
2024-04-05,0.004080307628281494,0.003925174070462387,0.0036221102749893824
2024-04-06,0.00011690298387193724,0.00014743015914126794,0.00014805920922025267
2024-04-07,5.075295458399456e-05,6.400620346358886e-05,6.427930299477571e-05
2024-04-08,0.0034959062258186234,0.0030315478651595463,0.0034799750663669178
2024-04-09,-0.00013042766336323778,0.00012334546511641803,-0.00028444468162436325
2024-04-10,-0.0016500955243733397,-0.0019039242923268847,-0.0013859468510024533
2024-04-11,0.0013809874227760774,0.001190363752748382,0.0011346133260800046
2024-04-12,-0.0038639297922030743,-0.0044369123823482905,-0.0032300904158564033
2024-04-13,-0.0003685932130779607,-0.0004648449018376156,-0.0004668282865393605
2024-04-14,0.0002158116669495368,0.0002721671196841904,0.0002733283932603136
2024-04-15,-0.0033957014808982406,-0.0033026732441816297,-0.0031932917400580682
2024-04-16,-0.0009866622190209974,-0.0006326996978577769,-0.0008913574453089055
2024-04-17,-0.002395355262252391,-0.003292918570766231,-0.002246325963621487
2024-04-18,-0.000687774071679645,-0.00043702934778246474,-0.0003998423418946404
2024-04-19,-0.0027222772183221307,-0.002990362005798609,-0.002569100034398602
2024-04-20,0.0001271975594783865,0.00016041298361402258,0.00016109742837485262
2024-04-21,-7.359471166612197e-06,-9.281268701214622e-06,-9.320869708522655e-06
2024-04-22,0.002514031704481284,0.003668988588291714,0.002318242942261859
2024-04-23,0.003415422523442504,0.004350487745648334,0.0029720921783541235
2024-04-24,0.0005114744904844828,0.0010521891728709197,0.00038068041159596195
2024-04-25,-0.0026087684063955214,-0.0017944932090936852,-0.0025244227955770375
2024-04-26,0.008881141610645734,0.0036918415499818226,0.008561560975593966
2024-04-27,-3.683395723254855e-05,-4.6452502722651846e-05,-4.665070470979563e-05
2024-04-28,-3.3716115980010684e-05,-4.252049160698681e-05,-4.270191662042803e-05
2024-04-29,2.792891002753874e-06,0.0025700203265497795,-7.53918957266892e-05
2024-04-30,-0.0074223910809614446,-0.007567590680137244,-0.00700160003620139
2024-05-01,0.0015567658719974288,0.0008151240988921285,0.0013915737749345023
2024-05-02,0.0031503707027667176,0.0025124791730562726,0.0030579047230085755
2024-05-03,0.001326628820213067,0.001130241284960839,0.0017154160517002667
2024-05-04,9.806005382109105e-05,0.00012453319375366025,0.00013307816750710453
2024-05-05,1.5732753359880146e-05,1.9841087496264013e-05,1.992574478571799e-05
2024-05-06,0.0032331354646269765,0.0034149470954072765,0.0028612292696577023
2024-05-07,-0.0005231066271499383,-0.0016800115933199014,-0.0005390191090898964
2024-05-08,0.00018819611009095674,0.00022590077729631278,-5.5185405275654325e-05
2024-05-09,-0.0003313752719295829,-0.00041166429363888356,-0.0003553947177197963
2024-05-10,-0.0003807565651346303,-0.0008165860359163454,-0.0005312303966546551
2024-05-11,9.639982394127656e-08,1.2157295660153193e-07,1.220916800323282e-07
2024-05-12,8.34002418768156e-05,0.00010517876041375165,0.00010562753363580584
2024-05-13,0.001625680748654537,0.002021907422188735,0.0016269747469478818
2024-05-14,0.0009724500515198183,0.0008883718601338386,0.0007283997943477232
2024-05-15,0.002699290596203923,0.002050376797410485,0.0025793971752722
2024-05-16,-0.0011700814404898095,-0.0013915083487512118,-0.0012430707702138302
2024-05-17,0.0014532847034636608,0.0012635703859657098,0.001409542576610268
2024-05-18,-1.246740445086832e-05,-1.572304967239849e-05,-1.5790136255604482e-05
2024-05-19,-7.662335388600886e-05,-9.663220632355257e-05,-9.704451339406217e-05
2024-05-20,0.0006369751859639027,0.000650154536697424,0.0010225185250397498
2024-05-21,0.0001723487338819561,-0.0006113181591111627,0.00010747468020003134
2024-05-22,-0.001221280050917301,-0.0007095144499283594,-0.0011895556116801496
2024-05-23,-0.00174047623756917,-8.966161950763205e-05,-0.0016562693642125544
2024-05-24,0.0023742475307701174,0.0011765894480795028,0.00205745345518106
2024-05-25,9.390870347567566e-05,0.00011843132347533272,0.00011893664229083396
2024-05-26,-9.387025362227907e-05,-0.00011838283311334652,-0.00011888794503179078
2024-05-27,0.00011346090453114489,0.00014308924081581444,0.00014369976920947106
2024-05-28,-0.0005651476601679474,-0.0008868002709469876,-0.0006076550508494087
2024-05-29,-0.0022444195342101484,-0.002454681837343142,-0.0019603450820024526
2024-05-30,0.00045027000855232856,0.0014705781114493844,0.0006660890443719838
2024-05-31,0.0036522505416319794,0.002900726520981983,0.003437884105020629
2024-06-01,2.8725396606271093e-05,3.6226532914659004e-05,3.6381103075364544e-05
2024-06-02,5.933671340717676e-06,7.483146118941669e-06,7.51507495687139e-06
2024-06-03,0.0006783770300012238,-1.59736867858709e-05,0.0007005121897563546
2024-06-04,0.00011448084083572527,0.0006529949043331603,0.000300696269133655
2024-06-05,0.003439034847892301,0.002610434429770611,0.0033365703577861506
2024-06-06,0.0006143291736189743,0.0010302692581204236,0.0006211105643968148
2024-06-07,0.0014344260751068707,3.1937239797157204e-05,0.001233437098851887
2024-06-08,-5.075868330602235e-06,-6.401342814145644e-06,-6.428655849865753e-06
2024-06-09,4.716111386370605e-05,5.947641618645385e-05,5.973018817257758e-05
2024-06-10,-0.002378153780921098,-0.0017998577541746199,-0.002401485611336058
2024-06-11,0.0031678436853259545,-0.0019504299727292566,0.0032785486124893484
2024-06-12,0.001321729730276764,-0.002282491792190253,0.001426729086680418
2024-06-13,0.0009195748449899647,0.0004322506406640319,0.0007010991618797025
2024-06-14,-0.0012035336926224964,-0.0007448949180820125,-0.0013333141796596066
2024-06-15,2.681061094445564e-05,3.381173437408354e-05,3.3956001153028334e-05
2024-06-16,6.896943450807006e-05,8.697959939625557e-05,8.735072104591645e-05
2024-06-17,0.0015781564179485272,0.0003517287088227922,0.0012976070278525424
2024-06-18,-0.001144857220564731,-4.860051366660211e-05,-0.0012872407457715869
2024-06-19,-2.8989080297179435e-05,-3.655907300239671e-05,-3.6715062034042064e-05
2024-06-20,-0.0010162124481928475,0.0005404558810114224,-0.0009599042665604229
2024-06-21,-0.0008166310154844789,-1.424071431762534e-05,-0.0007296070898536801
2024-06-22,2.6552258757612514e-05,3.348591801970801e-05,3.3628794616313935e-05
2024-06-23,-0.0001824941003249247,-0.00023014925164544742,-0.00023113124478558317
2024-06-24,-0.00019186037999322194,0.0002864618097390457,2.9114237917213795e-05
2024-06-25,0.000737658815077195,-0.0015860992245047523,0.0009181940378375287
2024-06-26,0.0014166075693337725,0.00015129652923229377,0.001337994763709851
2024-06-27,0.0019452258358760221,0.0010511478129750628,0.0018090516552733062
2024-06-28,-0.000561449428190342,0.0011584787459761768,-0.0005724782379433974
2024-06-29,0.00010004797746962149,0.00012617376179436485,0.00012671211578709502
2024-06-30,0.0003126292179866697,0.000394266885526855,0.0003959491303058496
2024-07-01,0.0037467579515122525,0.0010287586282538897,0.003470406961115395
2024-07-02,0.0056589795727945225,0.004894776965011568,0.0051606233104951865
2024-07-03,0.0019684587293432045,0.0009648943977793816,0.0017082685077508528
2024-07-04,-0.000585684501988986,-0.0007386257944399513,-0.0007417773383102079
2024-07-05,0.003310301289069457,0.001639900883315573,0.0032216099454267563
2024-07-06,-0.0006404699588866112,-0.0007575249580314658,-0.0002965455842449438
2024-07-07,-0.00048503175454601765,-0.0006108228703456468,-0.0006054154892862479
2024-07-08,-0.0002956296889913367,-0.0004758078031837294,-0.00020175373241345258
2024-07-09,0.0019130309598614117,0.001617619965567097,0.002005766518515968
2024-07-10,0.0016078529739374616,0.000415683922128826,0.0012928755395299172
2024-07-11,-0.0017804077734648186,0.0005367339382438523,-0.0011608842206292914
2024-07-12,0.002205151424982555,0.0015336232427582584,0.0022055103987717356
2024-07-13,0.0002562540097224089,0.00032317027489519717,0.0003245491670305136
2024-07-14,0.0002900597415244689,0.00036580378393312295,0.00036736458330088027
2024-07-15,0.002566927231612862,0.0010242569535639135,0.0025433319179020276
2024-07-16,0.0005590483975317224,0.0008296478319888289,0.0005044813350198617
2024-07-17,-0.008497895737820746,-0.007002117235513169,-0.00809089862779019
2024-07-18,-0.0011765786314977093,0.0002019958382612143,-0.0008771655929806963
2024-07-19,-0.00016494195215604142,-0.0007426367670272676,0.0001133086281214313
2024-07-20,7.578834214753509e-05,9.55791458334724e-05,9.598695974065423e-05
2024-07-21,0.0001645584634136008,0.00020753003597997593,0.0002084155182061724
2024-07-22,0.002043536807398772,0.00274120328627749,0.00170186834054062
2024-07-23,-0.00034618157339771954,-0.0010893656533928883,-0.00041333657076875793
2024-07-24,-0.006890674153780798,-0.005118739429853194,-0.0062994676318165275
2024-07-25,-0.002565849243107237,-0.0027558170518027793,-0.002674793080785176
2024-07-26,0.006673693893635508,0.008254117202457913,0.006591458415994571
2024-07-27,-1.76655691482061e-05,-2.22786244164149e-05,-2.2373682106988162e-05
2024-07-28,7.896567372957533e-05,9.958618214058603e-05,0.00010001109313645152
2024-07-29,0.0014951350205156238,0.0010053424331719159,0.0014139323738256988
2024-07-30,1.9761962932297622e-05,-0.001274997684409313,-0.00011677734145829896
2024-07-31,0.006936471937869552,0.006605540635159911,0.00645574543220044
2024-08-01,-0.008987375670811053,-0.007351335037117489,-0.00848127384121277
2024-08-02,-0.014710956851252593,-0.013102088576469056,-0.014239600248043187
2024-08-03,-0.0001352993443310246,-0.00017063040827327013,-0.00017135844840038313
2024-08-04,-0.00047563733924386173,-0.0005998417345366409,-0.000602401119215369
2024-08-05,-0.020296565796998678,-0.01794874399428316,-0.019848666972899515
2024-08-06,0.005759315052420772,0.007043896383009087,0.005852096938152639
2024-08-07,-0.001760745637766231,-0.0032045268439526817,-0.0017113933263293963
2024-08-08,0.010246352011702422,0.00914308827249874,0.009886680426545323
2024-08-09,0.0015916003439696415,0.000682774954797253,0.001412986610206142
2024-08-10,9.388373117092685e-06,1.1839983008875439e-05,1.1890501452932563e-05
2024-08-11,-0.0003180529093007445,-0.00040110687923003636,-0.0004028183086657138
2024-08-12,0.0004146787748657728,-8.696024567078555e-05,0.0004033572617544002
2024-08-13,0.0029239264132945777,0.001896589557820953,0.0024963059281440615
2024-08-14,-2.446372720528139e-05,2.1266860461581147e-05,-0.00012193780570788174
2024-08-15,0.002569549706033892,0.0021054020866007822,0.002154795293331302
2024-08-16,0.0027217803054025835,0.0027516005593435297,0.0026069339662880497
2024-08-17,8.47618549467507e-05,0.00010689593498826269,0.00010735203499343926
2024-08-18,-0.00014267206486606268,-0.0001799283861843856,-0.00018069609861310536
2024-08-19,0.0018150645220450065,0.001874793748104048,0.0016470557312421438
2024-08-20,-0.00011475114130885764,-0.00033044476078566694,5.238010365462194e-06
2024-08-21,0.0017755949003004565,0.0020742347966449717,0.0017484755567142745
2024-08-22,-0.001764847475907836,-0.001114717890382329,-0.0017933416071004155
2024-08-23,0.003442079889630728,0.0029932832784430596,0.0033073482513187496
2024-08-24,1.0627225378562532e-05,1.3402339930928847e-05,1.3459524587319624e-05
2024-08-25,1.9610634796370116e-05,2.4731610033644057e-05,2.4837134041321323e-05
2024-08-26,-2.9043817535567075e-05,-0.00015231807998311868,0.0001124217894120617
2024-08-27,-1.0336625315038428e-05,9.075486655158746e-05,-0.00023401097251831484
2024-08-28,-0.003160034240520156,-0.0025872001786638207,-0.0030218672009003633
2024-08-29,0.0019134330270386612,0.0013670418466526799,0.0018328809980912378
2024-08-30,0.004814791063422728,0.005148187552651716,0.004390947994918613
2024-08-31,-2.0671671949260427e-05,-2.6069718532882865e-05,-2.618095193721302e-05
2024-09-01,-0.00022785760757408039,-0.0002873586476030004,-0.0002885847398830637
2024-09-02,0.000255034947093279,0.0003216328753228075,0.00032300520773297624
2024-09-03,-0.00882436794576683,-0.006176884382947244,-0.008041800164371924
2024-09-04,-0.0008110238403427667,-0.0002152714954356829,-0.0006926600815880709
2024-09-05,-1.3461166918647726e-05,-0.0002070867185471515,2.5963320412269927e-06
2024-09-06,-0.00988557566867016,-0.007942045339083567,-0.009137795247870055
2024-09-07,2.8788906045135605e-05,3.630662673578016e-05,3.6461538638126596e-05
2024-09-08,0.00010639255971557643,0.00013417512103452482,0.00013474761495962248
2024-09-09,0.005300901482738952,0.006577169195489339,0.004667277435830339
2024-09-10,-0.0012272619975530778,4.209410633741447e-05,-0.00086132391241365
2024-09-11,0.004871776262580316,0.004967542398549243,0.004698897907094295
2024-09-12,0.00171820768902931,0.0011300862722789704,0.0015827473483980294
2024-09-13,0.0003749953981396006,4.411521465625423e-05,0.0005822915109394356
2024-09-14,-7.613320351301996e-05,-9.601406172963812e-05,-9.64237313214399e-05
2024-09-15,-0.00011192483014598255,-0.00014115204739647972,-0.00014175431023795526
2024-09-16,-0.0030650457499208613,-0.0019733164160485547,-0.0031618976414022554
2024-09-17,0.00022384150376093004,0.0007081346632099062,0.00032865509280675134
2024-09-18,0.0009233539190274413,0.000219444572288855,0.0010076551501887892
2024-09-19,0.0032883892815377984,0.0007799188114726326,0.0028055292482217467
2024-09-20,-0.0006337688503307049,-0.0009238164027805636,-0.0006088839028248543
2024-09-21,2.7015922294092604e-05,3.4070659201730756e-05,3.4216030752482286e-05
2024-09-22,3.396383901572407e-05,4.2832903192803905e-05,4.301566119356521e-05
2024-09-23,-4.7464619840567495e-05,-6.513898722979143e-05,-0.0001371109024247443
2024-09-24,0.0012864648191135426,0.001335153263930894,0.0012291648395200663
2024-09-25,-0.0034090130233980958,-0.002609126135625578,-0.003346508784226338
2024-09-26,0.0028363257427532745,0.0020574942126995763,0.0027929300282008417
2024-09-27,0.0018011110642092083,0.0010288246261178754,0.001915801882466259
2024-09-28,4.497149080937102e-05,5.5026897783844186e-05,3.964897663610057e-05
2024-09-29,-4.9237573049473504e-05,-6.12286392757482e-05,-5.347626790718997e-05
2024-09-30,0.0020777368253626373,6.314422772959158e-05,0.001889238425853447
2024-10-01,-0.004618576135190479,-0.003006185367348008,-0.0042227320650040845
2024-10-02,-0.0011446228481953428,-0.0012769377262405637,-0.0011582118304016386
2024-10-03,-0.0028550085135250424,-0.003012168513462961,-0.002742578745831963
2024-10-04,0.005834912907780418,0.005822530151168482,0.0052021983313002415
2024-10-05,3.0000050681924648e-06,3.7834040670231186e-06,3.7995469691338844e-06
2024-10-06,0.0001016631644328985,0.00012821072666174317,0.00012875777190813663
2024-10-07,-0.005835146631449685,-0.004906870322396799,-0.005433704683617646
2024-10-08,0.0027894535989782606,0.0026596339164743866,0.002378507467026196
2024-10-09,0.001244505148092957,0.0015472789204327277,0.0008874204681104402
2024-10-10,-0.0011818297027334172,-0.000981876943714973,-0.001143894523431618
2024-10-11,0.001521056782295305,0.0015614138451586232,0.001286661315289084
2024-10-12,0.00013208060152876774,0.00016657114692805603,0.00016728186713443706
2024-10-13,-5.9552578180804654e-05,-7.510369528366203e-05,-7.542414522230018e-05
2024-10-14,0.0018345012503557993,0.0020735195191377855,0.0019459158468901245
2024-10-15,0.001715804098610505,0.002018016343578671,0.001939210314208018
2024-10-16,4.061514405578735e-06,0.0006182023712153722,-4.783429667495297e-05
2024-10-17,-0.0002832801550182001,-0.0005203298869571348,-0.00029105291082274907
2024-10-18,0.001793892051232677,0.0010344890146607502,0.0017088443559196823
2024-10-19,-9.214113441096098e-06,-1.1620218457850578e-05,-1.1669799217861335e-05
2024-10-20,0.00010492857792502143,0.00013232884593347284,0.0001328934622336333
2024-10-21,-0.001163518336222116,-0.0017973734444625886,-0.0011624269057519355
2024-10-22,0.0009294444666712538,0.001327825112731227,0.0008920452061855105
2024-10-23,-0.0036493689083813012,-0.002338085727382426,-0.0034147407687482347
2024-10-24,0.0027762446416314097,0.0027422656247902345,0.0026589921114507043
2024-10-25,-0.0004183500929431952,-0.0007762909583119244,-0.00047615108602794775
2024-10-26,6.611049963270447e-05,8.337410354243373e-05,8.372984138280597e-05
2024-10-27,0.00016213144217277779,0.00020446924047311574,0.00020534166299927145
2024-10-28,0.0038491745903579144,0.002980291072780494,0.0037288264238253188
2024-10-29,0.00011184604698446775,-0.000969049175221141,0.000261253700895611
2024-10-30,0.00027619604017054325,-0.00037358494638076357,0.00035118958105898686
2024-10-31,-0.00660199153858191,-0.004675589349870702,-0.005767987273727848
2024-11-01,0.0018076383228987942,0.0030968220836892686,0.0015589509785227395
2024-11-02,-3.333943228669868e-05,-4.2045443537112516e-05,-4.222484163131538e-05
2024-11-03,-9.481638632785018e-05,-0.00011957603187295998,-0.00012008623489201995
2024-11-04,-0.002870016428122017,-0.0019920835958927136,-0.0026769502444785966
2024-11-05,0.007744453728177791,0.008539608603679487,0.0073888450926186495
2024-11-06,0.019669312770764145,0.018729563118861543,0.018020249098038083
2024-11-07,0.0022726207635927627,-2.7571401294184295e-05,0.0023061325994817765
2024-11-08,0.002521709604618281,0.0038954009339052433,0.002334356403500804
2024-11-09,0.00013699809905711735,0.00016748896771539033,0.00011933582531127175
2024-11-10,0.0021655931904658236,0.0026476949995565043,0.0018876107858764694
2024-11-11,0.005139190089697352,0.007075157331195675,0.004361147806217596
2024-11-12,-0.0013172308905946956,-0.0014568579749849634,-0.0011973677536085835
2024-11-13,0.002304055979365878,0.0023608313792537177,0.002075428082587282
2024-11-14,-0.0020810676975893264,-0.0034679206293249743,-0.0017397267610932147
2024-11-15,-0.0013335057101604942,-0.00024795917810735755,-0.0013410701493936517
2024-11-16,-0.00024080049873398792,-0.00029402331769586406,-0.00020595445331167064
2024-11-17,-0.00034010221840879426,-0.00041527713072453013,-0.0002909270735448366
2024-11-18,0.001750688830968584,0.001991828388644078,0.001595379111958334
2024-11-19,0.002140823081804297,0.0025294034600757734,0.001968203221442041
2024-11-20,0.0008849176780981502,0.0009727338835783735,0.0008242782627588816
2024-11-21,0.003326380437499465,0.003978412355291393,0.002862292949395965
2024-11-22,0.002514097878712673,0.002268124483633706,0.002326764532404875
2024-11-23,-0.0005332749911745566,-0.0006511678959063312,-0.00045637224732252745
2024-11-24,0.00010452092942683069,0.00012762249847751865,8.93945488624429e-05
2024-11-25,0.004171308635432845,0.0025509368443764548,0.0038883876621801316
2024-11-26,0.002256771238651407,0.0013245897415557584,0.0021168742204155985
2024-11-27,0.0002473744970926979,0.0004732103931292343,0.0003872865842127491
2024-11-28,-3.0428406923840595e-05,-3.8374254673528186e-05,-3.853798866170243e-05
2024-11-29,0.002299984216078585,0.002499194819102413,0.0021760214346456565
2024-11-30,-9.816415229678374e-05,-0.0001237980085344648,-0.00012432622574253373
2024-12-01,8.113670988555091e-05,0.00010232414652246662,0.00010276073977331109
2024-12-02,0.0008819387946152201,-0.0002797985512479207,0.000855185043833188
2024-12-03,-0.0020805320692896595,-0.0038105258787914844,-0.0020460404028473486
2024-12-04,0.001731960886931018,0.0012177415137640617,0.0017899534915915378
2024-12-05,0.00010906054015361422,0.0008901680808726694,9.617436746330165e-05
2024-12-06,0.000723799536142532,7.439051273360346e-05,0.00046715103212284585
2024-12-07,2.2410801272776166e-07,2.8262991146129825e-07,2.8383582732792784e-07
2024-12-08,0.00012654649008734856,0.00015959189880717213,0.00016027284019077181
2024-12-09,-0.00024415092764033277,-0.00180675122166261,7.011332629639317e-05
2024-12-10,0.0009238969664408924,0.0006495610211118963,0.0009889192308069632
2024-12-11,0.0012364473808571756,0.001427036744583184,0.0011894784812861345
2024-12-12,-0.0007093707302447984,-0.0010892844982436957,-0.0005701025292603172
2024-12-13,0.0005677201639616601,0.0005624561135631872,0.0006085446561573074
2024-12-14,-8.061839502003754e-06,-1.0167048277003723e-05,-1.0210428699021464e-05
2024-12-15,0.00027212821270477486,0.00034318974911575905,0.0003446540596750467
2024-12-16,0.002071058677023631,0.0012888597216366721,0.0019216620191629312
2024-12-17,0.0003895354560372276,-0.00033734137245810023,0.0005018313093943875
2024-12-18,-0.008474136823686133,-0.0069087348399603015,-0.007405132348158615
2024-12-19,-0.0012819483331422369,-0.001453696388188915,-0.0013676747064262297
2024-12-20,0.0021726015599302585,0.00042577641200704686,0.0018628116994201323
2024-12-21,-4.9192414107284724e-05,-6.203815505962549e-05,-6.230285738761342e-05
2024-12-22,-0.00019720002920223064,-0.0002486953773549199,-0.00024975650248480833
2024-12-23,0.0016610355220055498,0.002035903449494226,0.0015047895514647932
2024-12-24,0.0056594951271752335,0.005288889994747515,0.005309774544418951
2024-12-25,5.6354450076264665e-05,7.107043180492136e-05,7.137367274965593e-05
2024-12-26,2.5895818463544533e-05,-0.00015002709590392047,-8.340886527903111e-05
2024-12-27,-0.006634755112639561,-0.0053249435146214925,-0.006278249854713909
2024-12-28,9.412279714528884e-05,0.0001187013239726407,0.00011920779481724608
2024-12-29,-0.00015227801517233024,-0.00019204276287050626,-0.00019286216451706073
2024-12-30,-0.005485099213495129,-0.005112462438137218,-0.005106086998100164
2024-12-31,-0.0018222263921585016,-0.0009598184139596882,-0.0016696023407061571
