name,family,ticker,category,is_sharpe,oos_sharpe,oos_drawdown,trade_count
ma_crossover__fast5__slow20__kindsma,ma_crossover,SPY,trend,0.3269,-0.875,-0.5157,208
ma_crossover__fast10__slow30__kindsma,ma_crossover,SPY,trend,0.0349,0.0752,-0.3004,118
ma_crossover__fast20__slow50__kindsma,ma_crossover,SPY,trend,-0.069,0.4592,-0.2142,74
ma_crossover__fast50__slow100__kindsma,ma_crossover,SPY,trend,0.2962,0.4426,-0.3033,26
ma_crossover__fast50__slow200__kindsma,ma_crossover,SPY,trend,0.4223,0.7431,-0.1954,12
ma_crossover__fast100__slow200__kindsma,ma_crossover,SPY,trend,0.576,0.4307,-0.2945,11
ma_crossover__fast10__slow50__kindsma,ma_crossover,SPY,trend,0.1258,-0.0032,-0.2874,94
ma_crossover__fast20__slow100__kindsma,ma_crossover,SPY,trend,0.1667,0.5433,-0.2481,35
ma_crossover__fast5__slow20__kindema,ma_crossover,SPY,trend,0.142,-0.7742,-0.4625,220
ma_crossover__fast12__slow26__kindema,ma_crossover,SPY,trend,0.1415,-0.3723,-0.4544,131
ma_crossover__fast10__slow50__kindema,ma_crossover,SPY,trend,0.2347,0.0885,-0.2781,91
ma_crossover__fast20__slow100__kindema,ma_crossover,SPY,trend,0.1477,0.3064,-0.3552,45
ts_momentum__period21,ts_momentum,SPY,trend,0.178,-0.2867,-0.3465,318
ts_momentum__period42,ts_momentum,SPY,trend,0.404,0.0975,-0.3133,211
ts_momentum__period63,ts_momentum,SPY,trend,0.0232,0.0723,-0.4299,170
ts_momentum__period126,ts_momentum,SPY,trend,0.3721,0.6116,-0.2682,99
ts_momentum__period252,ts_momentum,SPY,trend,0.3362,0.4773,-0.2874,64
roc_momentum__period5,roc_momentum,SPY,trend,-0.4897,-0.34,-0.2418,750
roc_momentum__period10,roc_momentum,SPY,trend,0.2166,-0.776,-0.4688,461
roc_momentum__period20,roc_momentum,SPY,trend,0.3188,-0.3123,-0.3314,333
roc_momentum__period30,roc_momentum,SPY,trend,0.1878,-0.1289,-0.3206,262
roc_momentum__period60,roc_momentum,SPY,trend,0.2758,0.287,-0.296,156
macd_signal__fast12__slow26__signal9,macd_signal,SPY,trend,0.1551,-0.6147,-0.3851,314
macd_signal__fast8__slow17__signal9,macd_signal,SPY,trend,0.1171,-0.3585,-0.3027,374
macd_signal__fast5__slow35__signal5,macd_signal,SPY,trend,-0.0111,-0.3589,-0.3783,518
macd_signal__fast3__slow10__signal16,macd_signal,SPY,trend,-0.1084,-0.1201,-0.318,578
donchian_breakout__period10,donchian_breakout,SPY,trend,-0.3099,-0.0608,-0.1414,1114
donchian_breakout__period20,donchian_breakout,SPY,trend,-0.3833,0.2192,-0.0785,886
donchian_breakout__period30,donchian_breakout,SPY,trend,-0.5032,0.3837,-0.0607,756
donchian_breakout__period40,donchian_breakout,SPY,trend,-0.3706,0.3706,-0.0677,680
donchian_breakout__period55,donchian_breakout,SPY,trend,-0.4476,0.3545,-0.0514,604
bb_breakout__period20__std1.5,bb_breakout,SPY,trend,-0.2628,-0.3796,-0.2319,813
bb_breakout__period20__std2.0,bb_breakout,SPY,trend,-0.6247,-0.4718,-0.1753,396
bb_breakout__period20__std2.5,bb_breakout,SPY,trend,-0.3541,-0.24,-0.1125,114
bb_breakout__period30__std2.0,bb_breakout,SPY,trend,-0.706,-0.1218,-0.1419,352
bb_breakout__period50__std2.0,bb_breakout,SPY,trend,0.0955,-0.329,-0.1533,250
supertrend__period7__mult2.0,supertrend,SPY,trend,0.2467,-1.3541,-0.6118,218
supertrend__period7__mult3.0,supertrend,SPY,trend,0.2166,-0.8568,-0.5339,129
supertrend__period10__mult3.0,supertrend,SPY,trend,0.1201,-0.5895,-0.453,127
supertrend__period14__mult2.0,supertrend,SPY,trend,-0.1676,-0.9837,-0.5071,232
supertrend__period14__mult3.0,supertrend,SPY,trend,0.167,-0.5732,-0.5061,127
parabolic_sar__step0.01__max_af0.1,parabolic_sar,SPY,trend,0.4703,-0.6399,-0.4111,223
parabolic_sar__step0.02__max_af0.2,parabolic_sar,SPY,trend,-0.0798,-1.0344,-0.5344,378
parabolic_sar__step0.03__max_af0.2,parabolic_sar,SPY,trend,-0.3042,-0.3738,-0.3087,446
parabolic_sar__step0.05__max_af0.2,parabolic_sar,SPY,trend,-0.0442,-0.0169,-0.2851,551
adx_trend__period14__threshold20,adx_trend,SPY,trend,-0.3081,-1.2835,-0.5223,277
adx_trend__period14__threshold25,adx_trend,SPY,trend,-0.2255,-0.5971,-0.2629,176
adx_trend__period14__threshold30,adx_trend,SPY,trend,-0.425,-0.4498,-0.1684,127
adx_trend__period21__threshold20,adx_trend,SPY,trend,-0.4145,-0.5818,-0.2933,153
adx_trend__period21__threshold25,adx_trend,SPY,trend,-0.1881,-0.3016,-0.2427,65
ichimoku__tenkan9__kijun26__senkou_b52,ichimoku,SPY,trend,0.0255,-0.5793,-0.4249,500
ichimoku__tenkan7__kijun22__senkou_b44,ichimoku,SPY,trend,0.1255,-0.859,-0.4583,562
linreg_slope__period10,linreg_slope,SPY,trend,-0.345,-0.9583,-0.5331,345
linreg_slope__period20,linreg_slope,SPY,trend,0.2648,-0.7585,-0.4717,158
linreg_slope__period30,linreg_slope,SPY,trend,0.0317,0.1558,-0.2422,101
linreg_slope__period50,linreg_slope,SPY,trend,0.2564,0.1994,-0.2512,70
aroon__period14,aroon,SPY,trend,0.43,-0.5887,-0.428,220
aroon__period25,aroon,SPY,trend,0.0589,0.1266,-0.2368,122
aroon__period50,aroon,SPY,trend,0.0666,-0.1581,-0.3425,66
vortex__period10,vortex,SPY,trend,0.2447,-0.5722,-0.4106,423
vortex__period14,vortex,SPY,trend,0.006,-0.9,-0.5447,344
vortex__period21,vortex,SPY,trend,0.1533,-0.2664,-0.328,258
trix__period9,trix,SPY,trend,0.1974,-0.4102,-0.3665,139
trix__period12,trix,SPY,trend,0.0424,-0.012,-0.3736,98
trix__period18,trix,SPY,trend,0.1697,0.2948,-0.2105,70
hull_ma__period14,hull_ma,SPY,trend,-0.654,-0.1878,-0.33,581
hull_ma__period20,hull_ma,SPY,trend,-0.0118,-0.6045,-0.4297,398
hull_ma__period30,hull_ma,SPY,trend,0.4127,-0.3627,-0.3728,279
hull_ma__period50,hull_ma,SPY,trend,0.2576,-0.4991,-0.4191,173
kama__period5,kama,SPY,trend,0.0263,-0.0693,-0.2491,2028
kama__period10,kama,SPY,trend,0.0762,0.0,0.0,148
kama__period20,kama,SPY,trend,0.7327,0.0,0.0,41
turtle__entry20__exit_p10,turtle,SPY,trend,-0.3833,0.2192,-0.0785,886
turtle__entry55__exit_p20,turtle,SPY,trend,-0.4476,0.3545,-0.0514,604
turtle__entry10__exit_p5,turtle,SPY,trend,-0.3099,-0.0608,-0.1414,1114
dual_momentum__period63,dual_momentum,SPY,trend,0.6668,0.527,-0.2254,171
dual_momentum__period126,dual_momentum,SPY,trend,0.9118,0.7638,-0.1728,99
dual_momentum__period252,dual_momentum,SPY,trend,0.7647,0.6395,-0.1963,65
elder_ray__period13,elder_ray,SPY,trend,-0.0575,-0.472,-0.3572,574
elder_ray__period21,elder_ray,SPY,trend,0.0228,-0.6118,-0.4008,472
elder_ray__period34,elder_ray,SPY,trend,0.1168,-0.6645,-0.4504,356
rsi_reversion__period7__lo30__hi70,rsi_reversion,SPY,meanrev,0.2965,0.357,-0.0952,690
rsi_reversion__period7__lo25__hi75,rsi_reversion,SPY,meanrev,0.5384,0.339,-0.0821,456
rsi_reversion__period14__lo30__hi70,rsi_reversion,SPY,meanrev,0.522,0.3862,-0.0621,272
rsi_reversion__period14__lo25__hi75,rsi_reversion,SPY,meanrev,0.3403,0.5819,-0.0266,96
rsi_reversion__period14__lo35__hi65,rsi_reversion,SPY,meanrev,0.3608,0.5733,-0.1016,508
rsi_reversion__period21__lo30__hi70,rsi_reversion,SPY,meanrev,0.6411,0.6304,-0.0266,116
rsi_reversion__period21__lo25__hi75,rsi_reversion,SPY,meanrev,0.3278,0.3995,-0.0119,24
rsi_reversion__period28__lo30__hi70,rsi_reversion,SPY,meanrev,0.3771,0.5732,-0.0119,52
rsi_reversion__period30__lo30__hi70,rsi_reversion,SPY,meanrev,0.2473,0.7014,-0.0119,38
rsi_reversion__period30__lo25__hi75,rsi_reversion,SPY,meanrev,-0.1453,0.0,0.0,6
bb_reversion__period20__std1.5,bb_reversion,SPY,meanrev,0.1311,0.252,-0.0952,813
bb_reversion__period20__std2.0,bb_reversion,SPY,meanrev,0.5089,0.3843,-0.0821,396
bb_reversion__period20__std2.5,bb_reversion,SPY,meanrev,0.2626,0.202,-0.0846,114
bb_reversion__period30__std2.0,bb_reversion,SPY,meanrev,0.6099,0.054,-0.099,352
bb_reversion__period30__std2.5,bb_reversion,SPY,meanrev,0.672,0.087,-0.0821,116
bb_reversion__period50__std2.0,bb_reversion,SPY,meanrev,-0.1607,0.2778,-0.092,250
zscore_reversion__period10__threshold1.0,zscore_reversion,SPY,meanrev,0.1321,0.1785,-0.1692,1318
zscore_reversion__period20__threshold1.5,zscore_reversion,SPY,meanrev,0.1311,0.252,-0.0952,813
zscore_reversion__period20__threshold2.0,zscore_reversion,SPY,meanrev,0.5089,0.3843,-0.0821,396
zscore_reversion__period30__threshold1.5,zscore_reversion,SPY,meanrev,0.0655,0.4165,-0.099,686
zscore_reversion__period30__threshold2.0,zscore_reversion,SPY,meanrev,0.6099,0.054,-0.099,352
zscore_reversion__period60__threshold2.0,zscore_reversion,SPY,meanrev,-0.1113,0.2322,-0.092,244
stochastic__k5__d3__lo20__hi80,stochastic,SPY,meanrev,0.3085,-0.0497,-0.2117,808
stochastic__k14__d3__lo20__hi80,stochastic,SPY,meanrev,-0.4474,0.8507,-0.1153,596
stochastic__k14__d3__lo30__hi70,stochastic,SPY,meanrev,-0.175,0.5824,-0.1771,580
stochastic__k14__d5__lo20__hi80,stochastic,SPY,meanrev,-0.0794,1.1006,-0.0889,446
stochastic__k21__d3__lo20__hi80,stochastic,SPY,meanrev,-0.4809,0.2458,-0.1578,444
cci_reversion__period14__threshold100,cci_reversion,SPY,meanrev,-0.0542,0.0846,-0.1279,967
cci_reversion__period14__threshold150,cci_reversion,SPY,meanrev,0.1931,0.4335,-0.083,556
cci_reversion__period20__threshold100,cci_reversion,SPY,meanrev,-0.0296,0.3792,-0.1336,808
cci_reversion__period20__threshold150,cci_reversion,SPY,meanrev,0.6349,0.378,-0.0883,482
cci_reversion__period30__threshold100,cci_reversion,SPY,meanrev,-0.1773,0.3337,-0.0952,639
williams_r__period14__lo-80__hi-20,williams_r,SPY,meanrev,-0.0181,0.456,-0.0952,1055
williams_r__period14__lo-90__hi-10,williams_r,SPY,meanrev,-0.0385,-0.113,-0.1291,1049
williams_r__period21__lo-80__hi-20,williams_r,SPY,meanrev,-0.3017,0.6229,-0.1042,812
williams_r__period28__lo-80__hi-20,williams_r,SPY,meanrev,-0.3041,0.1672,-0.174,690
keltner_reversion__period20__mult1.5,keltner_reversion,SPY,meanrev,-0.2134,0.1362,-0.1151,708
keltner_reversion__period20__mult2.0,keltner_reversion,SPY,meanrev,0.1394,0.3094,-0.1023,492
keltner_reversion__period20__mult2.5,keltner_reversion,SPY,meanrev,0.277,0.5892,-0.0621,246
keltner_reversion__period30__mult2.0,keltner_reversion,SPY,meanrev,0.2553,0.0097,-0.1318,602
vwap_reversion__period20__z_thresh1.0,vwap_reversion,SPY,meanrev,-0.2338,0.5857,-0.1222,771
vwap_reversion__period20__z_thresh1.5,vwap_reversion,SPY,meanrev,0.0179,0.2968,-0.0952,693
vwap_reversion__period20__z_thresh2.0,vwap_reversion,SPY,meanrev,0.2093,0.2023,-0.1043,520
percent_b__period20__std2.0__lo0.05__hi0.95,percent_b,SPY,meanrev,0.3104,0.2843,-0.0821,550
percent_b__period20__std2.0__lo0.1__hi0.9,percent_b,SPY,meanrev,0.2916,0.2051,-0.0846,746
percent_b__period20__std2.0__lo0.2__hi0.8,percent_b,SPY,meanrev,-0.1527,0.5827,-0.1076,904
percent_b__period30__std2.0__lo0.2__hi0.8,percent_b,SPY,meanrev,0.014,0.5018,-0.0952,769
connors_rsi__rsi_period3__streak_period2__rank_period100,connors_rsi,SPY,meanrev,0.2834,-0.2084,-0.1378,1187
connors_rsi__rsi_period2__streak_period3__rank_period100,connors_rsi,SPY,meanrev,0.3,-0.0024,-0.1089,1243
ultimate_osc__p17__p214__p328,ultimate_osc,SPY,meanrev,0.2109,0.6389,-0.0299,288
ultimate_osc__p14__p28__p316,ultimate_osc,SPY,meanrev,0.1634,0.1638,-0.0929,646
gap_fade__threshold0.01,gap_fade,SPY,meanrev,-0.1806,-0.6246,-0.1915,540
gap_fade__threshold0.015,gap_fade,SPY,meanrev,0.6589,-0.0017,-0.0772,213
gap_fade__threshold0.02,gap_fade,SPY,meanrev,0.1451,-0.4985,-0.0736,96
obv_trend__period10,obv_trend,SPY,volume,-0.2729,-0.1339,-0.3021,793
obv_trend__period20,obv_trend,SPY,volume,-0.1742,0.063,-0.233,546
obv_trend__period50,obv_trend,SPY,volume,-0.1861,-0.4478,-0.4069,348
chaikin_mf__period10,chaikin_mf,SPY,volume,-0.097,0.0939,-0.3743,446
chaikin_mf__period20,chaikin_mf,SPY,volume,-0.1923,0.0448,-0.2155,306
chaikin_mf__period21,chaikin_mf,SPY,volume,0.1278,0.0669,-0.2998,276
mfi__period10,mfi,SPY,volume,0.2864,-0.0492,-0.0767,290
mfi__period14,mfi,SPY,volume,0.5849,0.3128,-0.0382,146
mfi__period21,mfi,SPY,volume,-0.0919,0.4417,-0.0083,38
volume_surge__period10__mult1.5,volume_surge,SPY,volume,-0.2831,0.1983,-0.0854,352
volume_surge__period20__mult2.0,volume_surge,SPY,volume,-0.3361,-0.1317,-0.0825,99
volume_surge__period20__mult3.0,volume_surge,SPY,volume,-0.0011,-0.0651,-0.0142,8
force_index__period2,force_index,SPY,volume,-0.7357,0.2633,-0.1703,1361
force_index__period13,force_index,SPY,volume,-0.0435,-0.479,-0.3988,497
force_index__period20,force_index,SPY,volume,-0.0807,-0.5088,-0.4011,395
chaikin_osc__fast3__slow10,chaikin_osc,SPY,volume,-0.2062,-0.3755,-0.3797,371
chaikin_osc__fast3__slow12,chaikin_osc,SPY,volume,-0.2224,-0.4137,-0.4043,347
chaikin_osc__fast5__slow12,chaikin_osc,SPY,volume,0.0851,-0.334,-0.4081,255
atr_breakout__period10__mult1.5,atr_breakout,SPY,volatility,-0.2774,-0.8263,-0.2803,647
atr_breakout__period14__mult1.5,atr_breakout,SPY,volatility,0.0876,-0.7155,-0.2832,730
atr_breakout__period14__mult2.0,atr_breakout,SPY,volatility,0.0239,-0.3578,-0.1662,438
atr_breakout__period20__mult2.0,atr_breakout,SPY,volatility,-0.2395,-0.7754,-0.2528,586
atr_breakout__period20__mult2.5,atr_breakout,SPY,volatility,-0.27,-0.497,-0.168,364
vol_breakout__period10__mult0.5,vol_breakout,SPY,volatility,-0.8304,0.0683,-0.1839,2575
vol_breakout__period20__mult1.0,vol_breakout,SPY,volatility,-0.8838,-0.0133,-0.1714,2105
vol_breakout__period20__mult1.5,vol_breakout,SPY,volatility,-0.5252,0.1528,-0.1188,1469
vol_breakout__period30__mult1.0,vol_breakout,SPY,volatility,-0.7583,-0.1374,-0.1667,2061
squeeze_breakout__bb_period20__kc_period20__bb_std2.0__kc_mult1.5,squeeze_breakout,SPY,volatility,0.1111,-0.1454,-0.4017,151
squeeze_breakout__bb_period20__kc_period20__bb_std2.0__kc_mult1.0,squeeze_breakout,SPY,volatility,0.1007,-0.06,-0.3775,99
squeeze_breakout__bb_period30__kc_period30__bb_std2.0__kc_mult1.5,squeeze_breakout,SPY,volatility,0.3609,0.4268,-0.2162,68
engulfing,engulfing,SPY,pattern,-0.3717,-0.2823,-0.0843,485
three_bar_reversal,three_bar_reversal,SPY,pattern,0.4319,-0.0206,-0.1115,958
higher_highs_lows__period5,higher_highs_lows,SPY,pattern,-0.0154,-0.8921,-0.4472,759
higher_highs_lows__period10,higher_highs_lows,SPY,pattern,0.4336,-0.5799,-0.4286,371
higher_highs_lows__period20,higher_highs_lows,SPY,pattern,-0.1023,0.49,-0.1547,209
pivot_bounce__period5,pivot_bounce,SPY,pattern,0.125,-0.226,-0.1687,1340
pivot_bounce__period10,pivot_bounce,SPY,pattern,0.3396,0.4234,-0.0912,1218
pivot_bounce__period20,pivot_bounce,SPY,pattern,-0.4491,0.2822,-0.1554,978
macd_rsi_combo__fast12__slow26__signal9__rsi_period14__rsi_lo40__rsi_hi60,macd_rsi_combo,SPY,composite,-0.0831,-0.4383,-0.1944,570
macd_rsi_combo__fast12__slow26__signal9__rsi_period14__rsi_lo45__rsi_hi55,macd_rsi_combo,SPY,composite,0.0687,-0.9837,-0.3968,672
macd_rsi_combo__fast8__slow21__signal5__rsi_period14__rsi_lo40__rsi_hi60,macd_rsi_combo,SPY,composite,-0.0812,-0.2507,-0.1601,621
macd_rsi_combo__fast5__slow35__signal5__rsi_period14__rsi_lo40__rsi_hi60,macd_rsi_combo,SPY,composite,-0.0908,-0.306,-0.1717,649
triple_screen__trend_period20__osc_period14__osc_lo40__osc_hi60,triple_screen,SPY,composite,-0.0131,0.0,0.0,6
triple_screen__trend_period30__osc_period14__osc_lo40__osc_hi60,triple_screen,SPY,composite,-0.1395,0.0,0.0,2
triple_screen__trend_period50__osc_period14__osc_lo35__osc_hi65,triple_screen,SPY,composite,0.0,0.0,0.0,0
triple_screen__trend_period20__osc_period7__osc_lo30__osc_hi70,triple_screen,SPY,composite,0.0,0.0,0.0,0
chandelier_exit__period14__mult2.0,chandelier_exit,SPY,composite,0.0374,-0.3599,-0.3197,512
chandelier_exit__period22__mult3.0,chandelier_exit,SPY,composite,0.2172,-0.4703,-0.4279,328
chandelier_exit__period22__mult2.0,chandelier_exit,SPY,composite,0.1282,-0.3599,-0.2898,545
chandelier_exit__period10__mult2.0,chandelier_exit,SPY,composite,0.0287,-0.2834,-0.2695,467
high52_momentum__period252__threshold0.7,high52_momentum,SPY,trend,0.4473,0.4619,-0.2887,135
high52_momentum__period252__threshold0.75,high52_momentum,SPY,trend,0.4247,0.5388,-0.2172,165
high52_momentum__period252__threshold0.8,high52_momentum,SPY,trend,0.3935,0.3924,-0.3036,185
high52_momentum__period126__threshold0.7,high52_momentum,SPY,trend,0.3256,0.0648,-0.3715,253
high52_momentum__period126__threshold0.75,high52_momentum,SPY,trend,0.3173,0.1488,-0.3218,273
short_reversal__period5,short_reversal,SPY,meanrev,0.3548,0.2024,-0.2008,750
short_reversal__period10,short_reversal,SPY,meanrev,-0.2939,0.6786,-0.141,461
short_reversal__period15,short_reversal,SPY,meanrev,-0.1804,0.8364,-0.1458,388
short_reversal__period20,short_reversal,SPY,meanrev,-0.3723,0.2384,-0.1773,333
low_vol_regime__period20__ma_period60,low_vol_regime,SPY,volatility,-0.2178,-0.1942,-0.1753,174
low_vol_regime__period20__ma_period120,low_vol_regime,SPY,volatility,0.1164,-0.1371,-0.2048,168
low_vol_regime__period60__ma_period120,low_vol_regime,SPY,volatility,0.0781,-0.1758,-0.2453,54
low_vol_regime__period20__ma_period252,low_vol_regime,SPY,volatility,-0.0687,0.0051,-0.1673,168
low_vol_regime__period60__ma_period252,low_vol_regime,SPY,volatility,0.1593,0.3503,-0.2211,76
low_vol_regime__period120__ma_period252,low_vol_regime,SPY,volatility,0.3456,0.5429,-0.114,34
nr_breakout__nr_period4__exit_bars3,nr_breakout,SPY,pattern,0.3002,-0.0362,-0.1177,949
nr_breakout__nr_period4__exit_bars5,nr_breakout,SPY,pattern,0.2547,0.3988,-0.1371,757
nr_breakout__nr_period7__exit_bars3,nr_breakout,SPY,pattern,-0.0136,-0.0599,-0.1277,660
nr_breakout__nr_period7__exit_bars5,nr_breakout,SPY,pattern,0.1912,0.6549,-0.1051,576
nr_breakout__nr_period10__exit_bars5,nr_breakout,SPY,pattern,0.4055,0.6681,-0.121,477
nr_breakout__nr_period10__exit_bars10,nr_breakout,SPY,pattern,0.0268,1.0941,-0.0822,390
overnight_gap__period1__threshold0.001,overnight_gap,SPY,volume,-0.5832,0.7764,-0.1762,2433
overnight_gap__period1__threshold0.003,overnight_gap,SPY,volume,-0.463,0.3288,-0.2205,2220
overnight_gap__period3__threshold0.001,overnight_gap,SPY,volume,0.0084,0.4088,-0.1842,1578
overnight_gap__period3__threshold0.003,overnight_gap,SPY,volume,0.1522,0.3162,-0.1358,949
overnight_gap__period5__threshold0.001,overnight_gap,SPY,volume,-0.0241,-0.3047,-0.275,1281
overnight_gap__period5__threshold0.003,overnight_gap,SPY,volume,-0.0895,0.0934,-0.0963,555
coppock_curve__roc1252__roc2189__wma_period63,coppock_curve,SPY,trend,0.3503,0.7371,-0.1935,10
coppock_curve__roc1189__roc2126__wma_period42,coppock_curve,SPY,trend,0.4946,0.4895,-0.2919,14
coppock_curve__roc1126__roc2100__wma_period21,coppock_curve,SPY,trend,0.5329,0.4033,-0.3376,23
bll_filter__pct0.005__hold0,bll_filter,SPY,trend,-0.4805,0.1851,-0.2146,1008
bll_filter__pct0.01__hold0,bll_filter,SPY,trend,-0.3051,-0.2079,-0.2947,652
bll_filter__pct0.02__hold0,bll_filter,SPY,trend,0.1665,-0.7151,-0.4403,311
bll_filter__pct0.005__hold10,bll_filter,SPY,trend,-0.5485,0.2118,-0.1987,1110
bll_filter__pct0.01__hold10,bll_filter,SPY,trend,-0.5236,-0.0424,-0.2576,818
bll_filter__pct0.01__hold20,bll_filter,SPY,trend,-0.2842,-0.1253,-0.2516,696
bll_filter__pct0.02__hold10,bll_filter,SPY,trend,-0.2262,-0.7597,-0.4208,526
frog_in_pan__lookback252__skip21__id_cutoff0.5,frog_in_pan,SPY,trend,0.8349,0.6949,-0.2117,93
frog_in_pan__lookback252__skip21__id_cutoff0.45,frog_in_pan,SPY,trend,0.699,0.8968,-0.0993,111
frog_in_pan__lookback252__skip0__id_cutoff0.5,frog_in_pan,SPY,trend,0.6227,0.624,-0.1972,93
frog_in_pan__lookback126__skip21__id_cutoff0.5,frog_in_pan,SPY,trend,0.7188,0.2718,-0.3312,147
frog_in_pan__lookback126__skip21__id_cutoff0.45,frog_in_pan,SPY,trend,0.4145,0.7871,-0.1178,187
vol_mom__mom_period126__vol_period126__skip21__vol_weight0.5,vol_mom,SPY,composite,0.0769,0.1564,-0.2375,122
vol_mom__mom_period126__vol_period126__skip0__vol_weight0.5,vol_mom,SPY,composite,0.2636,0.2847,-0.1994,122
vol_mom__mom_period252__vol_period126__skip21__vol_weight0.5,vol_mom,SPY,composite,0.2706,0.1865,-0.2464,98
vol_mom__mom_period63__vol_period63__skip0__vol_weight0.3,vol_mom,SPY,composite,0.0789,0.0723,-0.4299,163
vol_mom__mom_period126__vol_period126__skip21__vol_weight0.3,vol_mom,SPY,composite,0.214,0.4537,-0.2508,91
seasonality__n_years2,seasonality,SPY,pattern,0.5065,0.2441,-0.2038,77
seasonality__n_years3,seasonality,SPY,pattern,0.8171,0.0007,-0.2776,74
seasonality__n_years5,seasonality,SPY,pattern,0.6114,0.3109,-0.2428,66
residual_mom__lookback252__skip21,residual_mom,SPY,trend,0.5898,0.7263,-0.1935,36
residual_mom__lookback252__skip0,residual_mom,SPY,trend,0.4059,0.4453,-0.2836,36
residual_mom__lookback126__skip21,residual_mom,SPY,trend,0.4253,0.3606,-0.2993,105
vol_scaled_mom__rv_window21__vol_target0.12__damp0.5,vol_scaled_mom,SPY,trend,0.5181,0.448,-0.2048,1837
vol_scaled_mom__rv_window21__vol_target0.08__damp0.5,vol_scaled_mom,SPY,trend,0.5167,0.3591,-0.1521,2997
vol_scaled_mom__rv_window63__vol_target0.12__damp0.5,vol_scaled_mom,SPY,trend,0.5506,0.4613,-0.2065,2030
vol_scaled_mom__rv_window21__vol_target0.12__damp0.0,vol_scaled_mom,SPY,trend,0.5181,0.448,-0.2048,1837
vol_scaled_mom__rv_window21__vol_target0.15__damp0.5,vol_scaled_mom,SPY,trend,0.4661,0.4901,-0.2146,1235
dema_crossover__fast5__slow20,dema_crossover,SPY,trend,0.0806,-0.4434,-0.334,410
dema_crossover__fast10__slow40,dema_crossover,SPY,trend,0.1748,-0.7542,-0.5096,238
dema_crossover__fast12__slow26,dema_crossover,SPY,trend,0.1266,-0.7341,-0.4398,254
dema_crossover__fast20__slow50,dema_crossover,SPY,trend,-0.316,-0.6463,-0.4532,156
dema_crossover__fast10__slow30,dema_crossover,SPY,trend,0.2231,-0.7348,-0.4504,264
tema_crossover__fast5__slow20,tema_crossover,SPY,trend,-0.0648,-0.1836,-0.3256,574
tema_crossover__fast10__slow40,tema_crossover,SPY,trend,0.0239,-0.8241,-0.4617,326
tema_crossover__fast12__slow26,tema_crossover,SPY,trend,0.2884,-0.7234,-0.422,296
tema_crossover__fast20__slow50,tema_crossover,SPY,trend,0.1363,-0.7909,-0.5047,196
tema_crossover__fast10__slow30,tema_crossover,SPY,trend,0.211,-0.5612,-0.3637,308
price_acceleration__period10__smooth3,price_acceleration,SPY,trend,0.0076,-0.0275,-0.2624,1000
price_acceleration__period20__smooth5,price_acceleration,SPY,trend,0.0119,-0.5523,-0.3732,810
price_acceleration__period20__smooth3,price_acceleration,SPY,trend,-0.2266,-0.5816,-0.4405,1018
price_acceleration__period30__smooth5,price_acceleration,SPY,trend,-0.2857,-0.5575,-0.367,804
price_acceleration__period40__smooth10,price_acceleration,SPY,trend,-0.0385,-0.3534,-0.3111,598
price_acceleration__period10__smooth5,price_acceleration,SPY,trend,-0.1074,-0.1513,-0.2824,803
turn_of_month__days_before3__days_after3,turn_of_month,SPY,pattern,0.7764,0.24,-0.1077,360
turn_of_month__days_before4__days_after4,turn_of_month,SPY,pattern,0.904,0.5576,-0.1071,360
turn_of_month__days_before5__days_after5,turn_of_month,SPY,pattern,0.9207,0.7979,-0.1089,360
turn_of_month__days_before3__days_after5,turn_of_month,SPY,pattern,0.8452,0.4127,-0.1593,360
trend_intensity__period20,trend_intensity,SPY,trend,0.1141,0.3647,-0.0687,363
trend_intensity__period30,trend_intensity,SPY,trend,0.0212,0.1395,-0.0797,302
trend_intensity__period50,trend_intensity,SPY,trend,0.58,0.7535,-0.0686,158
trend_intensity__period63,trend_intensity,SPY,trend,0.4115,0.4725,-0.0574,148
ma_regime_momentum__regime_ma200__mom_period126__skip21,ma_regime_momentum,SPY,trend,0.3708,0.5762,-0.2057,166
ma_regime_momentum__regime_ma200__mom_period252__skip21,ma_regime_momentum,SPY,trend,0.4612,0.6248,-0.1782,137
ma_regime_momentum__regime_ma200__mom_period63__skip0,ma_regime_momentum,SPY,trend,0.3015,0.3732,-0.3034,231
ma_regime_momentum__regime_ma100__mom_period126__skip21,ma_regime_momentum,SPY,trend,0.3383,0.3347,-0.2536,244
ma_regime_momentum__regime_ma50__mom_period63__skip0,ma_regime_momentum,SPY,trend,0.072,-0.3194,-0.4281,390
fisher_transform__period5,fisher_transform,SPY,trend,-0.6475,-0.3232,-0.3063,901
fisher_transform__period10,fisher_transform,SPY,trend,-0.2589,-0.1686,-0.3498,599
fisher_transform__period20,fisher_transform,SPY,trend,0.0449,-0.7822,-0.4545,414
fisher_transform__period30,fisher_transform,SPY,trend,0.1372,-0.533,-0.425,328
relative_vigor__period10,relative_vigor,SPY,trend,-0.1658,0.003,-0.3717,1122
relative_vigor__period14,relative_vigor,SPY,trend,-0.1658,0.003,-0.3717,1122
relative_vigor__period20,relative_vigor,SPY,trend,-0.1658,0.003,-0.3717,1122
chande_momentum__period14__threshold0.0,chande_momentum,SPY,trend,0.2212,-0.5596,-0.4319,389
chande_momentum__period20__threshold0.0,chande_momentum,SPY,trend,0.3181,-0.3123,-0.3314,334
chande_momentum__period20__threshold10.0,chande_momentum,SPY,trend,0.2565,-0.7481,-0.3977,610
chande_momentum__period30__threshold0.0,chande_momentum,SPY,trend,0.1894,-0.1289,-0.3206,263
chande_momentum__period9__threshold0.0,chande_momentum,SPY,trend,-0.1206,-0.4544,-0.3674,512
demarker__period14__hi_thresh0.7__lo_thresh0.3,demarker,SPY,meanrev,0.1734,1.0677,-0.0821,503
demarker__period14__hi_thresh0.8__lo_thresh0.2,demarker,SPY,meanrev,0.3733,0.8042,-0.0466,282
demarker__period21__hi_thresh0.7__lo_thresh0.3,demarker,SPY,meanrev,0.1977,0.7033,-0.0536,302
demarker__period9__hi_thresh0.7__lo_thresh0.3,demarker,SPY,meanrev,0.1002,0.8444,-0.0952,696
stoch_rsi__rsi_period14__stoch_period14__lo20.0__hi80.0,stoch_rsi,SPY,meanrev,0.0267,0.2842,-0.1734,744
stoch_rsi__rsi_period14__stoch_period14__lo10.0__hi90.0,stoch_rsi,SPY,meanrev,-0.1647,0.0918,-0.1239,628
stoch_rsi__rsi_period7__stoch_period14__lo20.0__hi80.0,stoch_rsi,SPY,meanrev,0.1562,0.294,-0.2014,800
stoch_rsi__rsi_period21__stoch_period21__lo20.0__hi80.0,stoch_rsi,SPY,meanrev,-0.108,0.4989,-0.1192,584
hurst_regime__period100__trend_thresh0.55__mr_thresh0.45,hurst_regime,SPY,trend,0.012,-0.6248,-0.3303,365
hurst_regime__period60__trend_thresh0.55__mr_thresh0.45,hurst_regime,SPY,trend,-0.0169,-0.9089,-0.3734,570
hurst_regime__period100__trend_thresh0.58__mr_thresh0.42,hurst_regime,SPY,trend,-0.0154,0.5799,-0.0381,132
psych_line__period12__hi_thresh75.0__lo_thresh25.0,psych_line,SPY,meanrev,-0.2221,0.5933,-0.0336,130
psych_line__period12__hi_thresh65.0__lo_thresh35.0,psych_line,SPY,meanrev,-0.1009,0.0002,-0.1554,590
psych_line__period20__hi_thresh70.0__lo_thresh30.0,psych_line,SPY,meanrev,0.0393,0.0437,-0.0398,112
er_regime__er_period10__mom_period20__er_thresh0.4,er_regime,SPY,trend,-0.2271,-0.0966,-0.1541,1529
er_regime__er_period10__mom_period20__er_thresh0.3,er_regime,SPY,trend,-0.0787,-0.1366,-0.1999,1470
er_regime__er_period14__mom_period20__er_thresh0.4,er_regime,SPY,trend,-0.7282,-0.2636,-0.2645,1308
er_regime__er_period20__mom_period40__er_thresh0.4,er_regime,SPY,trend,-0.1459,-0.4367,-0.3449,1031
er_regime__er_period10__mom_period10__er_thresh0.4,er_regime,SPY,trend,-0.3282,-0.121,-0.2421,1701
mcginley_dynamic__fast5__slow20,mcginley_dynamic,SPY,trend,0.2494,-0.6293,-0.4195,196
mcginley_dynamic__fast10__slow40,mcginley_dynamic,SPY,trend,0.3159,0.0241,-0.3318,83
mcginley_dynamic__fast12__slow26,mcginley_dynamic,SPY,trend,0.164,-0.2803,-0.4245,109
mcginley_dynamic__fast5__slow14,mcginley_dynamic,SPY,trend,-0.0318,-0.6146,-0.4261,230
cci_trend__period14__threshold50.0,cci_trend,SPY,trend,-0.0275,-0.5824,-0.3361,901
cci_trend__period20__threshold50.0,cci_trend,SPY,trend,0.0947,-0.8784,-0.4324,741
cci_trend__period20__threshold100.0,cci_trend,SPY,trend,-0.0734,-0.4949,-0.2878,808
cci_trend__period30__threshold50.0,cci_trend,SPY,trend,0.2096,-0.6344,-0.348,568
cci_trend__period14__threshold100.0,cci_trend,SPY,trend,-0.0767,-0.2117,-0.188,967
volume_roc__period10__signal_period5,volume_roc,SPY,volume,0.2876,-0.5713,-0.2409,793
volume_roc__period14__signal_period10,volume_roc,SPY,volume,0.2049,0.0103,-0.2235,617
volume_roc__period20__signal_period10,volume_roc,SPY,volume,0.4094,-0.2994,-0.2285,509
volume_roc__period5__signal_period3,volume_roc,SPY,volume,-0.5034,0.0584,-0.1317,1226
hv_ratio__fast_period10__slow_period100__thresh_hi1.5__thresh_lo0.7,hv_ratio,SPY,volatility,0.2947,0.2979,-0.1252,427
hv_ratio__fast_period10__slow_period60__thresh_hi1.5__thresh_lo0.7,hv_ratio,SPY,volatility,0.4148,0.1552,-0.1202,392
hv_ratio__fast_period21__slow_period100__thresh_hi1.5__thresh_lo0.7,hv_ratio,SPY,volatility,0.0779,0.0429,-0.1033,202
hv_ratio__fast_period10__slow_period100__thresh_hi2.0__thresh_lo0.5,hv_ratio,SPY,volatility,0.1849,-0.4019,-0.1448,179
zscore_trend__z_period20__trend_period50__z_thresh1.5,zscore_trend,SPY,meanrev,0.1205,-0.1814,-0.0426,94
zscore_trend__z_period20__trend_period50__z_thresh1.0,zscore_trend,SPY,meanrev,0.5761,-0.1428,-0.0724,196
zscore_trend__z_period20__trend_period100__z_thresh1.5,zscore_trend,SPY,meanrev,0.3515,0.1254,-0.0785,199
zscore_trend__z_period30__trend_period100__z_thresh2.0,zscore_trend,SPY,meanrev,0.213,-0.4046,-0.0387,46
cmo_fisher__fisher_period10__cmo_period14__score_thresh0.3,cmo_fisher,SPY,trend,-0.3511,-0.5479,-0.2205,906
cmo_fisher__fisher_period10__cmo_period14__score_thresh0.2,cmo_fisher,SPY,trend,-0.3039,-0.8817,-0.3229,985
cmo_fisher__fisher_period14__cmo_period20__score_thresh0.3,cmo_fisher,SPY,trend,-0.4658,0.0216,-0.0957,809
cmo_fisher__fisher_period8__cmo_period14__score_thresh0.2,cmo_fisher,SPY,trend,-0.5355,-0.7809,-0.3034,1104
rvi_divergence__rvi_period10__lookback5,rvi_divergence,SPY,meanrev,-0.557,-0.0116,-0.0344,22
rvi_divergence__rvi_period10__lookback8,rvi_divergence,SPY,meanrev,-0.139,-0.3103,-0.0403,14
rvi_divergence__rvi_period14__lookback5,rvi_divergence,SPY,meanrev,-0.557,-0.0116,-0.0344,22
adaptive_rsi__base_period14__fast_n2__slow_n30,adaptive_rsi,SPY,meanrev,0.1297,-0.0556,-0.2648,244
adaptive_rsi__base_period14__fast_n2__slow_n60,adaptive_rsi,SPY,meanrev,0.1621,0.0611,-0.2582,235
adaptive_rsi__base_period9__fast_n2__slow_n30,adaptive_rsi,SPY,meanrev,-0.2515,0.5458,-0.2732,343
adaptive_rsi__base_period21__fast_n2__slow_n30,adaptive_rsi,SPY,meanrev,0.0524,-0.0845,-0.2953,169
elder_impulse__ema_period8,elder_impulse,SPY,composite,-0.6121,0.3287,-0.1819,1483
elder_impulse__ema_period13,elder_impulse,SPY,composite,-0.5155,0.0926,-0.1739,1410
elder_impulse__ema_period20,elder_impulse,SPY,composite,-0.4835,-0.04,-0.1975,1370
klinger_osc__fast34__slow55__signal13,klinger_osc,SPY,volume,-0.0271,-0.4689,-0.3298,716
klinger_osc__fast21__slow34__signal9,klinger_osc,SPY,volume,-0.4277,-0.2377,-0.2342,909
klinger_osc__fast55__slow89__signal13,klinger_osc,SPY,volume,0.0526,-0.2191,-0.2864,644
price_oscillator__fast10__slow30__signal9,price_oscillator,SPY,trend,0.1099,-0.6492,-0.3983,324
price_oscillator__fast12__slow26__signal9,price_oscillator,SPY,trend,0.067,-0.6349,-0.3927,316
price_oscillator__fast5__slow20__signal5,price_oscillator,SPY,trend,-0.0889,-0.0753,-0.3006,580
price_oscillator__fast20__slow50__signal9,price_oscillator,SPY,trend,0.122,-0.58,-0.4417,246
baz_trend__ewmstd_span42,baz_trend,SPY,trend,0.3822,0.4782,-0.2883,58
baz_trend__ewmstd_span63,baz_trend,SPY,trend,0.3822,0.4782,-0.2883,58
baz_trend__ewmstd_span126,baz_trend,SPY,trend,0.3822,0.4782,-0.2883,58
intermediate_mom__start252__end126,intermediate_mom,SPY,trend,0.4241,0.6684,-0.1935,99
intermediate_mom__start189__end105,intermediate_mom,SPY,trend,0.346,1.0192,-0.1905,140
intermediate_mom__start168__end84,intermediate_mom,SPY,trend,0.2252,0.1978,-0.2602,140
intermediate_mom__start252__end63,intermediate_mom,SPY,trend,0.7739,0.6042,-0.1935,76
mom_crash_protect__bear_lookback504__bear_thresh-0.2__damp0.0,mom_crash_protect,SPY,trend,0.4457,0.5034,-0.2273,64
mom_crash_protect__bear_lookback504__bear_thresh-0.2__damp0.25,mom_crash_protect,SPY,trend,0.4457,0.5034,-0.2273,64
mom_crash_protect__bear_lookback252__bear_thresh-0.2__damp0.0,mom_crash_protect,SPY,trend,0.4457,0.5034,-0.2273,64
mom_crash_protect__bear_lookback504__bear_thresh-0.25__damp0.0,mom_crash_protect,SPY,trend,0.4457,0.5034,-0.2273,64
consistent_mom__consistency_thresh0.5,consistent_mom,SPY,trend,0.4603,0.5317,-0.2285,179
consistent_mom__consistency_thresh0.58,consistent_mom,SPY,trend,0.7038,0.51,-0.2165,274
consistent_mom__consistency_thresh0.67,consistent_mom,SPY,trend,0.2742,0.186,-0.2415,649
signed_range_mom__period10__threshold0.1,signed_range_mom,SPY,trend,-0.1893,0.0662,-0.1812,975
signed_range_mom__period21__threshold0.1,signed_range_mom,SPY,trend,-0.0014,0.1095,-0.147,693
signed_range_mom__period21__threshold0.15,signed_range_mom,SPY,trend,-0.1001,-0.3237,-0.1973,648
signed_range_mom__period42__threshold0.1,signed_range_mom,SPY,trend,-0.2121,-0.0347,-0.1652,486
signed_range_mom__period63__threshold0.1,signed_range_mom,SPY,trend,-0.555,-0.119,-0.252,392
multi_tsmom,multi_tsmom,SPY,trend,0.3636,0.5473,-0.24,278
"multi_tsmom__lookbacks(63, 126, 252)",multi_tsmom,SPY,trend,0.3252,0.6258,-0.2711,106
"multi_tsmom__lookbacks(21, 63, 252)",multi_tsmom,SPY,trend,0.1164,0.4177,-0.2791,191
"multi_tsmom__lookbacks(21, 63, 126, 252)__weights(0.4, 0.3, 0.2, 0.1)",multi_tsmom,SPY,trend,0.2961,0.3583,-0.3063,198
"multi_tsmom__lookbacks(21, 63, 126, 252)__weights(0.1, 0.2, 0.3, 0.4)",multi_tsmom,SPY,trend,0.3648,0.8586,-0.1782,132
ma_crossover__fast5__slow20__kindsma,ma_crossover,QQQ,trend,0.2937,-0.4576,-0.4881,199
ma_crossover__fast10__slow30__kindsma,ma_crossover,QQQ,trend,0.1414,0.2801,-0.3756,125
ma_crossover__fast20__slow50__kindsma,ma_crossover,QQQ,trend,0.3019,-0.5158,-0.5476,72
ma_crossover__fast50__slow100__kindsma,ma_crossover,QQQ,trend,0.5183,0.4438,-0.3076,28
ma_crossover__fast50__slow200__kindsma,ma_crossover,QQQ,trend,0.7084,0.6965,-0.2083,14
ma_crossover__fast100__slow200__kindsma,ma_crossover,QQQ,trend,0.9075,0.6682,-0.234,11
ma_crossover__fast10__slow50__kindsma,ma_crossover,QQQ,trend,0.036,-0.5504,-0.5238,92
ma_crossover__fast20__slow100__kindsma,ma_crossover,QQQ,trend,0.2944,0.3413,-0.3427,32
ma_crossover__fast5__slow20__kindema,ma_crossover,QQQ,trend,0.2595,-0.7057,-0.5537,220
ma_crossover__fast12__slow26__kindema,ma_crossover,QQQ,trend,0.1924,-0.3255,-0.4659,116
ma_crossover__fast10__slow50__kindema,ma_crossover,QQQ,trend,0.2184,-0.257,-0.3811,98
ma_crossover__fast20__slow100__kindema,ma_crossover,QQQ,trend,0.348,0.4403,-0.346,36
ts_momentum__period21,ts_momentum,QQQ,trend,0.5111,-0.3867,-0.5209,316
ts_momentum__period42,ts_momentum,QQQ,trend,0.4144,0.1642,-0.2407,210
ts_momentum__period63,ts_momentum,QQQ,trend,0.1209,-0.1735,-0.3589,147
ts_momentum__period126,ts_momentum,QQQ,trend,0.3473,0.6949,-0.2376,89
ts_momentum__period252,ts_momentum,QQQ,trend,0.7191,0.558,-0.2281,44
roc_momentum__period5,roc_momentum,QQQ,trend,-0.3388,0.0362,-0.2259,729
roc_momentum__period10,roc_momentum,QQQ,trend,-0.0638,-0.797,-0.5764,502
roc_momentum__period20,roc_momentum,QQQ,trend,0.6316,-0.1467,-0.3731,315
roc_momentum__period30,roc_momentum,QQQ,trend,0.0612,-0.3225,-0.4387,245
roc_momentum__period60,roc_momentum,QQQ,trend,0.3199,-0.2374,-0.3531,158
macd_signal__fast12__slow26__signal9,macd_signal,QQQ,trend,0.066,-0.0872,-0.2551,297
macd_signal__fast8__slow17__signal9,macd_signal,QQQ,trend,-0.1086,-0.0294,-0.2795,383
macd_signal__fast5__slow35__signal5,macd_signal,QQQ,trend,-0.3686,-0.3831,-0.4134,551
macd_signal__fast3__slow10__signal16,macd_signal,QQQ,trend,-0.2348,-0.1509,-0.3393,589
donchian_breakout__period10,donchian_breakout,QQQ,trend,0.0582,0.2572,-0.187,1075
donchian_breakout__period20,donchian_breakout,QQQ,trend,0.0085,0.2838,-0.174,816
donchian_breakout__period30,donchian_breakout,QQQ,trend,-0.0611,0.1507,-0.1439,704
donchian_breakout__period40,donchian_breakout,QQQ,trend,0.0831,0.1108,-0.1436,626
donchian_breakout__period55,donchian_breakout,QQQ,trend,-0.0011,0.1693,-0.1208,568
bb_breakout__period20__std1.5,bb_breakout,QQQ,trend,-0.2133,-0.6083,-0.3039,823
bb_breakout__period20__std2.0,bb_breakout,QQQ,trend,-0.4593,-0.4123,-0.2142,390
bb_breakout__period20__std2.5,bb_breakout,QQQ,trend,-0.0747,-0.1734,-0.1244,108
bb_breakout__period30__std2.0,bb_breakout,QQQ,trend,-0.5334,-0.5972,-0.2674,370
bb_breakout__period50__std2.0,bb_breakout,QQQ,trend,-0.2646,-0.5733,-0.2424,288
supertrend__period7__mult2.0,supertrend,QQQ,trend,0.1602,-0.4145,-0.427,223
supertrend__period7__mult3.0,supertrend,QQQ,trend,0.2876,-0.6268,-0.6051,123
supertrend__period10__mult3.0,supertrend,QQQ,trend,0.2767,-0.5962,-0.5947,125
supertrend__period14__mult2.0,supertrend,QQQ,trend,0.0925,-0.6462,-0.5503,231
supertrend__period14__mult3.0,supertrend,QQQ,trend,0.2047,-0.4419,-0.5475,129
parabolic_sar__step0.01__max_af0.1,parabolic_sar,QQQ,trend,0.0099,-0.1702,-0.4138,235
parabolic_sar__step0.02__max_af0.2,parabolic_sar,QQQ,trend,-0.507,-0.3977,-0.4263,381
parabolic_sar__step0.03__max_af0.2,parabolic_sar,QQQ,trend,-0.4579,-0.5338,-0.4577,472
parabolic_sar__step0.05__max_af0.2,parabolic_sar,QQQ,trend,-0.2376,-0.2216,-0.3576,567
adx_trend__period14__threshold20,adx_trend,QQQ,trend,-0.0918,-1.1416,-0.605,287
adx_trend__period14__threshold25,adx_trend,QQQ,trend,-0.131,-0.7463,-0.4361,180
adx_trend__period14__threshold30,adx_trend,QQQ,trend,-0.2115,-0.7545,-0.3719,114
adx_trend__period21__threshold20,adx_trend,QQQ,trend,-0.1868,-0.714,-0.4147,125
adx_trend__period21__threshold25,adx_trend,QQQ,trend,-0.1992,-0.6093,-0.3109,62
ichimoku__tenkan9__kijun26__senkou_b52,ichimoku,QQQ,trend,0.1635,-0.213,-0.3759,465
ichimoku__tenkan7__kijun22__senkou_b44,ichimoku,QQQ,trend,0.4586,-0.4647,-0.4574,500
linreg_slope__period10,linreg_slope,QQQ,trend,-0.2073,-0.5875,-0.5191,360
linreg_slope__period20,linreg_slope,QQQ,trend,0.1232,-0.5337,-0.5614,159
linreg_slope__period30,linreg_slope,QQQ,trend,0.2313,0.1372,-0.2829,95
linreg_slope__period50,linreg_slope,QQQ,trend,0.0492,-0.5988,-0.5479,68
aroon__period14,aroon,QQQ,trend,0.0283,-0.8791,-0.6567,242
aroon__period25,aroon,QQQ,trend,0.1434,0.292,-0.2309,127
aroon__period50,aroon,QQQ,trend,0.1486,-0.8128,-0.6049,64
vortex__period10,vortex,QQQ,trend,0.1656,-0.4181,-0.4538,410
vortex__period14,vortex,QQQ,trend,0.2995,-0.3832,-0.5725,324
vortex__period21,vortex,QQQ,trend,0.4412,-0.2774,-0.4781,265
trix__period9,trix,QQQ,trend,0.1739,-0.0388,-0.4303,136
trix__period12,trix,QQQ,trend,0.1893,-0.1789,-0.4102,100
trix__period18,trix,QQQ,trend,-0.049,-0.5879,-0.5443,76
hull_ma__period14,hull_ma,QQQ,trend,-0.3201,-0.3185,-0.3915,558
hull_ma__period20,hull_ma,QQQ,trend,-0.0752,-0.3849,-0.4092,402
hull_ma__period30,hull_ma,QQQ,trend,0.1716,-0.3077,-0.3808,283
hull_ma__period50,hull_ma,QQQ,trend,0.2853,-0.3636,-0.4868,174
kama__period5,kama,QQQ,trend,-0.2782,-0.203,-0.343,2032
kama__period10,kama,QQQ,trend,0.0739,0.0,0.0,157
kama__period20,kama,QQQ,trend,-0.9923,0.0,0.0,40
turtle__entry20__exit_p10,turtle,QQQ,trend,0.0085,0.2838,-0.174,816
turtle__entry55__exit_p20,turtle,QQQ,trend,-0.0011,0.1693,-0.1208,568
turtle__entry10__exit_p5,turtle,QQQ,trend,0.0582,0.2572,-0.187,1075
dual_momentum__period63,dual_momentum,QQQ,trend,0.8336,0.3172,-0.1835,147
dual_momentum__period126,dual_momentum,QQQ,trend,0.9717,0.7532,-0.1731,89
dual_momentum__period252,dual_momentum,QQQ,trend,0.9588,0.6295,-0.2289,45
elder_ray__period13,elder_ray,QQQ,trend,-0.0735,-0.1648,-0.3616,577
elder_ray__period21,elder_ray,QQQ,trend,0.1196,-0.5367,-0.5338,459
elder_ray__period34,elder_ray,QQQ,trend,0.1365,-0.6811,-0.5599,377
rsi_reversion__period7__lo30__hi70,rsi_reversion,QQQ,meanrev,0.1343,0.7665,-0.1243,660
rsi_reversion__period7__lo25__hi75,rsi_reversion,QQQ,meanrev,0.2317,0.1118,-0.1438,444
rsi_reversion__period14__lo30__hi70,rsi_reversion,QQQ,meanrev,0.3698,0.5018,-0.0594,260
rsi_reversion__period14__lo25__hi75,rsi_reversion,QQQ,meanrev,0.5304,0.1725,-0.0423,122
rsi_reversion__period14__lo35__hi65,rsi_reversion,QQQ,meanrev,0.4819,0.5312,-0.1544,462
rsi_reversion__period21__lo30__hi70,rsi_reversion,QQQ,meanrev,0.4036,0.3692,-0.0368,116
rsi_reversion__period21__lo25__hi75,rsi_reversion,QQQ,meanrev,0.678,0.5087,-0.0016,36
rsi_reversion__period28__lo30__hi70,rsi_reversion,QQQ,meanrev,0.4181,0.2577,-0.0189,60
rsi_reversion__period30__lo30__hi70,rsi_reversion,QQQ,meanrev,0.341,0.498,-0.0115,60
rsi_reversion__period30__lo25__hi75,rsi_reversion,QQQ,meanrev,0.3343,0.0,0.0,8
bb_reversion__period20__std1.5,bb_reversion,QQQ,meanrev,0.0977,0.5098,-0.0907,823
bb_reversion__period20__std2.0,bb_reversion,QQQ,meanrev,0.3703,0.3462,-0.0905,390
bb_reversion__period20__std2.5,bb_reversion,QQQ,meanrev,0.0185,0.1393,-0.088,108
bb_reversion__period30__std2.0,bb_reversion,QQQ,meanrev,0.4599,0.5329,-0.1023,370
bb_reversion__period30__std2.5,bb_reversion,QQQ,meanrev,0.8672,0.1868,-0.0869,122
bb_reversion__period50__std2.0,bb_reversion,QQQ,meanrev,0.204,0.5229,-0.0864,288
zscore_reversion__period10__threshold1.0,zscore_reversion,QQQ,meanrev,0.2752,0.0484,-0.186,1290
zscore_reversion__period20__threshold1.5,zscore_reversion,QQQ,meanrev,0.0977,0.5098,-0.0907,823
zscore_reversion__period20__threshold2.0,zscore_reversion,QQQ,meanrev,0.3703,0.3462,-0.0905,390
zscore_reversion__period30__threshold1.5,zscore_reversion,QQQ,meanrev,0.1433,0.2422,-0.1245,676
zscore_reversion__period30__threshold2.0,zscore_reversion,QQQ,meanrev,0.4599,0.5329,-0.1023,370
zscore_reversion__period60__threshold2.0,zscore_reversion,QQQ,meanrev,0.163,0.6341,-0.0697,284
stochastic__k5__d3__lo20__hi80,stochastic,QQQ,meanrev,0.2546,0.1299,-0.1922,836
stochastic__k14__d3__lo20__hi80,stochastic,QQQ,meanrev,-0.1662,0.1105,-0.2411,592
stochastic__k14__d3__lo30__hi70,stochastic,QQQ,meanrev,-0.0003,0.428,-0.2021,630
stochastic__k14__d5__lo20__hi80,stochastic,QQQ,meanrev,-0.0068,0.404,-0.2413,446
stochastic__k21__d3__lo20__hi80,stochastic,QQQ,meanrev,-0.2731,0.0422,-0.2742,466
cci_reversion__period14__threshold100,cci_reversion,QQQ,meanrev,0.1793,0.2652,-0.136,967
cci_reversion__period14__threshold150,cci_reversion,QQQ,meanrev,0.0307,0.349,-0.1135,552
cci_reversion__period20__threshold100,cci_reversion,QQQ,meanrev,-0.0953,0.3822,-0.1213,768
cci_reversion__period20__threshold150,cci_reversion,QQQ,meanrev,0.6309,0.7267,-0.0841,504
cci_reversion__period30__threshold100,cci_reversion,QQQ,meanrev,-0.031,0.2767,-0.1355,620
williams_r__period14__lo-80__hi-20,williams_r,QQQ,meanrev,0.1168,0.3407,-0.1891,1055
williams_r__period14__lo-90__hi-10,williams_r,QQQ,meanrev,0.0788,-0.0345,-0.1767,1013
williams_r__period21__lo-80__hi-20,williams_r,QQQ,meanrev,-0.1712,0.2261,-0.1376,835
williams_r__period28__lo-80__hi-20,williams_r,QQQ,meanrev,-0.0712,0.182,-0.1518,717
keltner_reversion__period20__mult1.5,keltner_reversion,QQQ,meanrev,-0.1706,0.3826,-0.1348,672
keltner_reversion__period20__mult2.0,keltner_reversion,QQQ,meanrev,0.1084,0.6772,-0.105,488
keltner_reversion__period20__mult2.5,keltner_reversion,QQQ,meanrev,0.4954,0.9142,-0.0505,304
keltner_reversion__period30__mult2.0,keltner_reversion,QQQ,meanrev,-0.0765,0.7016,-0.1355,534
vwap_reversion__period20__z_thresh1.0,vwap_reversion,QQQ,meanrev,0.0024,0.41,-0.1959,828
vwap_reversion__period20__z_thresh1.5,vwap_reversion,QQQ,meanrev,-0.0005,0.3507,-0.1075,692
vwap_reversion__period20__z_thresh2.0,vwap_reversion,QQQ,meanrev,0.3568,0.3904,-0.1251,520
percent_b__period20__std2.0__lo0.05__hi0.95,percent_b,QQQ,meanrev,0.3646,0.9276,-0.0984,572
percent_b__period20__std2.0__lo0.1__hi0.9,percent_b,QQQ,meanrev,0.1234,0.6987,-0.0902,749
percent_b__period20__std2.0__lo0.2__hi0.8,percent_b,QQQ,meanrev,0.0138,0.3736,-0.1423,905
percent_b__period30__std2.0__lo0.2__hi0.8,percent_b,QQQ,meanrev,-0.0645,0.2917,-0.1504,732
connors_rsi__rsi_period3__streak_period2__rank_period100,connors_rsi,QQQ,meanrev,0.193,0.2096,-0.1277,1214
connors_rsi__rsi_period2__streak_period3__rank_period100,connors_rsi,QQQ,meanrev,0.2484,0.1838,-0.1389,1250
ultimate_osc__p17__p214__p328,ultimate_osc,QQQ,meanrev,0.1426,0.3941,-0.0438,272
ultimate_osc__p14__p28__p316,ultimate_osc,QQQ,meanrev,0.4095,-0.3067,-0.1428,636
gap_fade__threshold0.01,gap_fade,QQQ,meanrev,-0.082,-0.6563,-0.2533,769
gap_fade__threshold0.015,gap_fade,QQQ,meanrev,0.2091,-0.213,-0.1014,350
gap_fade__threshold0.02,gap_fade,QQQ,meanrev,0.4744,0.0864,-0.0839,165
obv_trend__period10,obv_trend,QQQ,volume,-0.2305,-0.2165,-0.4062,770
obv_trend__period20,obv_trend,QQQ,volume,0.142,-0.2451,-0.4632,488
obv_trend__period50,obv_trend,QQQ,volume,0.2116,-0.3755,-0.4685,302
chaikin_mf__period10,chaikin_mf,QQQ,volume,-0.1838,0.1222,-0.3124,433
chaikin_mf__period20,chaikin_mf,QQQ,volume,0.3221,-0.7007,-0.6266,299
chaikin_mf__period21,chaikin_mf,QQQ,volume,0.2854,-0.1713,-0.4582,303
mfi__period10,mfi,QQQ,volume,-0.2472,0.1584,-0.0925,314
mfi__period14,mfi,QQQ,volume,0.015,0.6133,-0.0338,172
mfi__period21,mfi,QQQ,volume,-0.1331,-0.2625,-0.0676,60
volume_surge__period10__mult1.5,volume_surge,QQQ,volume,-0.2956,0.1003,-0.1052,391
volume_surge__period20__mult2.0,volume_surge,QQQ,volume,-0.3739,0.1501,-0.0524,111
volume_surge__period20__mult3.0,volume_surge,QQQ,volume,-0.0423,0.4579,-0.0001,4
force_index__period2,force_index,QQQ,volume,-0.6046,-0.3154,-0.4712,1343
force_index__period13,force_index,QQQ,volume,-0.3702,-0.3203,-0.4162,545
force_index__period20,force_index,QQQ,volume,-0.1888,-0.4386,-0.4471,419
chaikin_osc__fast3__slow10,chaikin_osc,QQQ,volume,-0.1811,-0.2751,-0.4562,371
chaikin_osc__fast3__slow12,chaikin_osc,QQQ,volume,-0.0125,-0.229,-0.4021,323
chaikin_osc__fast5__slow12,chaikin_osc,QQQ,volume,-0.0395,-0.2653,-0.4651,249
atr_breakout__period10__mult1.5,atr_breakout,QQQ,volatility,-0.1828,-0.6043,-0.2766,655
atr_breakout__period14__mult1.5,atr_breakout,QQQ,volatility,0.0187,-0.3024,-0.2294,689
atr_breakout__period14__mult2.0,atr_breakout,QQQ,volatility,-0.4096,-0.6835,-0.3369,472
atr_breakout__period20__mult2.0,atr_breakout,QQQ,volatility,-0.1754,-0.5773,-0.3241,540
atr_breakout__period20__mult2.5,atr_breakout,QQQ,volatility,-0.3054,-1.0344,-0.3798,382
vol_breakout__period10__mult0.5,vol_breakout,QQQ,volatility,-0.5658,0.1472,-0.3499,2548
vol_breakout__period20__mult1.0,vol_breakout,QQQ,volatility,-0.5986,0.0987,-0.3074,2132
vol_breakout__period20__mult1.5,vol_breakout,QQQ,volatility,-0.5543,-0.0013,-0.1692,1438
vol_breakout__period30__mult1.0,vol_breakout,QQQ,volatility,-0.5298,0.1065,-0.2442,2099
squeeze_breakout__bb_period20__kc_period20__bb_std2.0__kc_mult1.5,squeeze_breakout,QQQ,volatility,0.215,0.3387,-0.1928,142
squeeze_breakout__bb_period20__kc_period20__bb_std2.0__kc_mult1.0,squeeze_breakout,QQQ,volatility,0.1761,0.2937,-0.1949,99
squeeze_breakout__bb_period30__kc_period30__bb_std2.0__kc_mult1.5,squeeze_breakout,QQQ,volatility,0.3144,-0.0167,-0.3346,61
engulfing,engulfing,QQQ,pattern,0.3857,-0.0158,-0.107,521
three_bar_reversal,three_bar_reversal,QQQ,pattern,0.1837,0.4775,-0.1554,945
higher_highs_lows__period5,higher_highs_lows,QQQ,pattern,-0.0776,-0.3446,-0.3928,767
higher_highs_lows__period10,higher_highs_lows,QQQ,pattern,0.2336,-0.5559,-0.531,401
higher_highs_lows__period20,higher_highs_lows,QQQ,pattern,0.2064,-0.4032,-0.4779,198
pivot_bounce__period5,pivot_bounce,QQQ,pattern,-0.186,0.011,-0.1291,1342
pivot_bounce__period10,pivot_bounce,QQQ,pattern,-0.1921,0.0794,-0.1049,1173
pivot_bounce__period20,pivot_bounce,QQQ,pattern,-0.4764,0.1369,-0.1155,964
macd_rsi_combo__fast12__slow26__signal9__rsi_period14__rsi_lo40__rsi_hi60,macd_rsi_combo,QQQ,composite,0.0716,-0.3792,-0.2653,548
macd_rsi_combo__fast12__slow26__signal9__rsi_period14__rsi_lo45__rsi_hi55,macd_rsi_combo,QQQ,composite,0.0113,-0.6157,-0.3893,692
macd_rsi_combo__fast8__slow21__signal5__rsi_period14__rsi_lo40__rsi_hi60,macd_rsi_combo,QQQ,composite,0.0407,-0.5308,-0.2951,605
macd_rsi_combo__fast5__slow35__signal5__rsi_period14__rsi_lo40__rsi_hi60,macd_rsi_combo,QQQ,composite,0.0449,-0.4741,-0.2698,637
triple_screen__trend_period20__osc_period14__osc_lo40__osc_hi60,triple_screen,QQQ,composite,0.0,0.0,0.0,0
triple_screen__trend_period30__osc_period14__osc_lo40__osc_hi60,triple_screen,QQQ,composite,0.0,0.0,0.0,0
triple_screen__trend_period50__osc_period14__osc_lo35__osc_hi65,triple_screen,QQQ,composite,0.0,0.0,0.0,0
triple_screen__trend_period20__osc_period7__osc_lo30__osc_hi70,triple_screen,QQQ,composite,0.0,0.0,0.0,0
chandelier_exit__period14__mult2.0,chandelier_exit,QQQ,composite,0.0654,-0.2389,-0.3964,528
chandelier_exit__period22__mult3.0,chandelier_exit,QQQ,composite,0.342,-0.1987,-0.3861,312
chandelier_exit__period22__mult2.0,chandelier_exit,QQQ,composite,0.2596,-0.4762,-0.4635,605
chandelier_exit__period10__mult2.0,chandelier_exit,QQQ,composite,-0.0589,-0.2103,-0.3712,485
high52_momentum__period252__threshold0.7,high52_momentum,QQQ,trend,0.5566,0.2861,-0.3046,163
high52_momentum__period252__threshold0.75,high52_momentum,QQQ,trend,0.5341,0.3102,-0.2803,169
high52_momentum__period252__threshold0.8,high52_momentum,QQQ,trend,0.4554,0.3483,-0.1872,203
high52_momentum__period126__threshold0.7,high52_momentum,QQQ,trend,0.3601,-0.1512,-0.3467,297
high52_momentum__period126__threshold0.75,high52_momentum,QQQ,trend,0.3445,-0.2928,-0.3712,301
short_reversal__period5,short_reversal,QQQ,meanrev,0.233,-0.1398,-0.3614,729
short_reversal__period10,short_reversal,QQQ,meanrev,-0.0075,0.7185,-0.2776,502
short_reversal__period15,short_reversal,QQQ,meanrev,-0.3589,0.618,-0.2888,378
short_reversal__period20,short_reversal,QQQ,meanrev,-0.674,0.0902,-0.231,315
low_vol_regime__period20__ma_period60,low_vol_regime,QQQ,volatility,0.1266,-0.0777,-0.15,156
low_vol_regime__period20__ma_period120,low_vol_regime,QQQ,volatility,0.0218,0.2351,-0.1899,146
low_vol_regime__period60__ma_period120,low_vol_regime,QQQ,volatility,0.2691,-0.072,-0.2619,55
low_vol_regime__period20__ma_period252,low_vol_regime,QQQ,volatility,0.3137,-0.0693,-0.1989,132
low_vol_regime__period60__ma_period252,low_vol_regime,QQQ,volatility,0.0368,-0.1466,-0.373,64
low_vol_regime__period120__ma_period252,low_vol_regime,QQQ,volatility,0.3176,-0.2216,-0.346,38
nr_breakout__nr_period4__exit_bars3,nr_breakout,QQQ,pattern,0.3556,-0.6664,-0.3608,965
nr_breakout__nr_period4__exit_bars5,nr_breakout,QQQ,pattern,0.1899,-0.2287,-0.357,728
nr_breakout__nr_period7__exit_bars3,nr_breakout,QQQ,pattern,-0.058,-0.7609,-0.395,707
nr_breakout__nr_period7__exit_bars5,nr_breakout,QQQ,pattern,-0.0184,0.3251,-0.1349,621
nr_breakout__nr_period10__exit_bars5,nr_breakout,QQQ,pattern,-0.1341,0.3033,-0.1271,492
nr_breakout__nr_period10__exit_bars10,nr_breakout,QQQ,pattern,0.2229,0.368,-0.2151,393
overnight_gap__period1__threshold0.001,overnight_gap,QQQ,volume,-0.583,0.2149,-0.3404,2392
overnight_gap__period1__threshold0.003,overnight_gap,QQQ,volume,-0.4716,0.2823,-0.2541,2364
overnight_gap__period3__threshold0.001,overnight_gap,QQQ,volume,0.0503,-0.5928,-0.4738,1554
overnight_gap__period3__threshold0.003,overnight_gap,QQQ,volume,0.1413,-0.2161,-0.3098,1163
overnight_gap__period5__threshold0.001,overnight_gap,QQQ,volume,0.1149,-0.5712,-0.4219,1287
overnight_gap__period5__threshold0.003,overnight_gap,QQQ,volume,-0.2223,-0.3012,-0.2599,690
coppock_curve__roc1252__roc2189__wma_period63,coppock_curve,QQQ,trend,0.853,0.6682,-0.234,6
coppock_curve__roc1189__roc2126__wma_period42,coppock_curve,QQQ,trend,0.7426,0.6479,-0.1916,12
coppock_curve__roc1126__roc2100__wma_period21,coppock_curve,QQQ,trend,0.4255,0.6,-0.2387,24
bll_filter__pct0.005__hold0,bll_filter,QQQ,trend,-0.3382,-0.1243,-0.4366,1107
bll_filter__pct0.01__hold0,bll_filter,QQQ,trend,-0.4445,0.0793,-0.2903,777
bll_filter__pct0.02__hold0,bll_filter,QQQ,trend,-0.109,-0.6671,-0.5603,439
bll_filter__pct0.005__hold10,bll_filter,QQQ,trend,-0.4052,-0.111,-0.4386,1196
bll_filter__pct0.01__hold10,bll_filter,QQQ,trend,-0.4442,0.0434,-0.3117,910
bll_filter__pct0.01__hold20,bll_filter,QQQ,trend,-0.4443,0.0889,-0.2889,806
bll_filter__pct0.02__hold10,bll_filter,QQQ,trend,-0.206,-0.6655,-0.5075,634
frog_in_pan__lookback252__skip21__id_cutoff0.5,frog_in_pan,QQQ,trend,0.8367,0.7033,-0.234,61
frog_in_pan__lookback252__skip21__id_cutoff0.45,frog_in_pan,QQQ,trend,0.6613,0.5506,-0.186,57
frog_in_pan__lookback252__skip0__id_cutoff0.5,frog_in_pan,QQQ,trend,0.9597,0.6379,-0.2401,61
frog_in_pan__lookback126__skip21__id_cutoff0.5,frog_in_pan,QQQ,trend,0.7493,0.416,-0.2566,133
frog_in_pan__lookback126__skip21__id_cutoff0.45,frog_in_pan,QQQ,trend,0.6591,0.418,-0.2363,139
vol_mom__mom_period126__vol_period126__skip21__vol_weight0.5,vol_mom,QQQ,composite,-0.0793,0.2588,-0.2823,130
vol_mom__mom_period126__vol_period126__skip0__vol_weight0.5,vol_mom,QQQ,composite,0.0417,0.3241,-0.2933,127
vol_mom__mom_period252__vol_period126__skip21__vol_weight0.5,vol_mom,QQQ,composite,0.3045,0.3205,-0.2773,90
vol_mom__mom_period63__vol_period63__skip0__vol_weight0.3,vol_mom,QQQ,composite,0.2004,-0.1735,-0.3589,134
vol_mom__mom_period126__vol_period126__skip21__vol_weight0.3,vol_mom,QQQ,composite,0.3041,0.6021,-0.163,85
seasonality__n_years2,seasonality,QQQ,pattern,0.0049,0.3821,-0.2499,87
seasonality__n_years3,seasonality,QQQ,pattern,0.4607,0.337,-0.2847,77
seasonality__n_years5,seasonality,QQQ,pattern,0.4992,0.3691,-0.2423,66
residual_mom__lookback252__skip21,residual_mom,QQQ,trend,0.8003,0.6682,-0.234,34
residual_mom__lookback252__skip0,residual_mom,QQQ,trend,0.7588,0.652,-0.2445,34
residual_mom__lookback126__skip21,residual_mom,QQQ,trend,0.5078,0.6202,-0.2255,91
vol_scaled_mom__rv_window21__vol_target0.12__damp0.5,vol_scaled_mom,QQQ,trend,0.8647,0.548,-0.1491,2625
vol_scaled_mom__rv_window21__vol_target0.08__damp0.5,vol_scaled_mom,QQQ,trend,0.8548,0.5521,-0.1069,3348
vol_scaled_mom__rv_window63__vol_target0.12__damp0.5,vol_scaled_mom,QQQ,trend,0.8103,0.5044,-0.1651,3017
vol_scaled_mom__rv_window21__vol_target0.12__damp0.0,vol_scaled_mom,QQQ,trend,0.866,0.548,-0.1491,2613
vol_scaled_mom__rv_window21__vol_target0.15__damp0.5,vol_scaled_mom,QQQ,trend,0.8642,0.6219,-0.1696,1983
dema_crossover__fast5__slow20,dema_crossover,QQQ,trend,0.217,-0.1094,-0.2874,415
dema_crossover__fast10__slow40,dema_crossover,QQQ,trend,-0.0102,-0.5786,-0.5477,225
dema_crossover__fast12__slow26,dema_crossover,QQQ,trend,-0.1621,-0.6411,-0.5419,247
dema_crossover__fast20__slow50,dema_crossover,QQQ,trend,-0.1266,-0.2041,-0.4412,140
dema_crossover__fast10__slow30,dema_crossover,QQQ,trend,-0.1614,-0.5998,-0.5351,245
tema_crossover__fast5__slow20,tema_crossover,QQQ,trend,-0.2126,-0.2453,-0.2674,577
tema_crossover__fast10__slow40,tema_crossover,QQQ,trend,0.06,-0.0131,-0.2504,281
tema_crossover__fast12__slow26,tema_crossover,QQQ,trend,0.0785,-0.0305,-0.2612,281
tema_crossover__fast20__slow50,tema_crossover,QQQ,trend,-0.1517,-0.6567,-0.6098,187
tema_crossover__fast10__slow30,tema_crossover,QQQ,trend,0.0819,0.2107,-0.2296,295
price_acceleration__period10__smooth3,price_acceleration,QQQ,trend,0.1618,0.2534,-0.3261,956
price_acceleration__period20__smooth5,price_acceleration,QQQ,trend,-0.204,-0.3089,-0.4578,772
price_acceleration__period20__smooth3,price_acceleration,QQQ,trend,-0.0711,-0.8883,-0.582,1048
price_acceleration__period30__smooth5,price_acceleration,QQQ,trend,-0.2104,-0.6924,-0.535,786
price_acceleration__period40__smooth10,price_acceleration,QQQ,trend,-0.0864,-0.1169,-0.2914,571
price_acceleration__period10__smooth5,price_acceleration,QQQ,trend,-0.2317,-0.4575,-0.4219,768
turn_of_month__days_before3__days_after3,turn_of_month,QQQ,pattern,0.8212,0.1944,-0.1451,360
turn_of_month__days_before4__days_after4,turn_of_month,QQQ,pattern,0.9011,0.49,-0.1478,360
turn_of_month__days_before5__days_after5,turn_of_month,QQQ,pattern,0.9035,0.5976,-0.1305,360
turn_of_month__days_before3__days_after5,turn_of_month,QQQ,pattern,0.8276,0.249,-0.1819,360
trend_intensity__period20,trend_intensity,QQQ,trend,0.6867,0.6809,-0.0962,342
trend_intensity__period30,trend_intensity,QQQ,trend,0.1958,0.3431,-0.1544,258
trend_intensity__period50,trend_intensity,QQQ,trend,0.0397,-0.0293,-0.12,150
trend_intensity__period63,trend_intensity,QQQ,trend,-0.081,0.4193,-0.0821,138
ma_regime_momentum__regime_ma200__mom_period126__skip21,ma_regime_momentum,QQQ,trend,0.5724,0.4842,-0.2396,154
ma_regime_momentum__regime_ma200__mom_period252__skip21,ma_regime_momentum,QQQ,trend,0.7837,0.5442,-0.2583,122
ma_regime_momentum__regime_ma200__mom_period63__skip0,ma_regime_momentum,QQQ,trend,0.3903,0.0632,-0.3164,213
ma_regime_momentum__regime_ma100__mom_period126__skip21,ma_regime_momentum,QQQ,trend,0.4197,0.1678,-0.2375,251
ma_regime_momentum__regime_ma50__mom_period63__skip0,ma_regime_momentum,QQQ,trend,0.1488,-0.2759,-0.3635,356
fisher_transform__period5,fisher_transform,QQQ,trend,-0.4534,-0.2586,-0.3119,857
fisher_transform__period10,fisher_transform,QQQ,trend,-0.2367,-0.2834,-0.3559,584
fisher_transform__period20,fisher_transform,QQQ,trend,0.2687,-0.3153,-0.4138,384
fisher_transform__period30,fisher_transform,QQQ,trend,0.12,-0.3385,-0.414,342
relative_vigor__period10,relative_vigor,QQQ,trend,-0.0131,0.1186,-0.3355,1093
relative_vigor__period14,relative_vigor,QQQ,trend,-0.0131,0.1186,-0.3355,1093
relative_vigor__period20,relative_vigor,QQQ,trend,-0.0131,0.1186,-0.3355,1093
chande_momentum__period14__threshold0.0,chande_momentum,QQQ,trend,0.1876,-0.5087,-0.5999,417
chande_momentum__period20__threshold0.0,chande_momentum,QQQ,trend,0.6291,-0.1467,-0.3731,316
chande_momentum__period20__threshold10.0,chande_momentum,QQQ,trend,0.2638,-0.5566,-0.4524,636
chande_momentum__period30__threshold0.0,chande_momentum,QQQ,trend,0.0633,-0.3225,-0.4387,246
chande_momentum__period9__threshold0.0,chande_momentum,QQQ,trend,-0.0955,-0.0507,-0.3749,522
demarker__period14__hi_thresh0.7__lo_thresh0.3,demarker,QQQ,meanrev,0.3901,0.6396,-0.0841,486
demarker__period14__hi_thresh0.8__lo_thresh0.2,demarker,QQQ,meanrev,0.5953,0.622,-0.0772,250
demarker__period21__hi_thresh0.7__lo_thresh0.3,demarker,QQQ,meanrev,-0.0909,0.4656,-0.0841,288
demarker__period9__hi_thresh0.7__lo_thresh0.3,demarker,QQQ,meanrev,0.0857,0.1793,-0.2186,672
stoch_rsi__rsi_period14__stoch_period14__lo20.0__hi80.0,stoch_rsi,QQQ,meanrev,0.1237,0.1866,-0.1795,728
stoch_rsi__rsi_period14__stoch_period14__lo10.0__hi90.0,stoch_rsi,QQQ,meanrev,0.1656,0.3315,-0.0918,620
stoch_rsi__rsi_period7__stoch_period14__lo20.0__hi80.0,stoch_rsi,QQQ,meanrev,0.0248,0.3914,-0.1641,784
stoch_rsi__rsi_period21__stoch_period21__lo20.0__hi80.0,stoch_rsi,QQQ,meanrev,-0.128,0.2075,-0.1987,578
hurst_regime__period100__trend_thresh0.55__mr_thresh0.45,hurst_regime,QQQ,trend,0.1776,-0.1699,-0.2048,339
hurst_regime__period60__trend_thresh0.55__mr_thresh0.45,hurst_regime,QQQ,trend,0.1991,0.2377,-0.1345,509
hurst_regime__period100__trend_thresh0.58__mr_thresh0.42,hurst_regime,QQQ,trend,-0.1301,-0.1265,-0.1239,150
psych_line__period12__hi_thresh75.0__lo_thresh25.0,psych_line,QQQ,meanrev,-0.5791,0.9613,-0.0387,138
psych_line__period12__hi_thresh65.0__lo_thresh35.0,psych_line,QQQ,meanrev,-0.0017,0.1583,-0.1446,630
psych_line__period20__hi_thresh70.0__lo_thresh30.0,psych_line,QQQ,meanrev,-0.5468,0.3221,-0.0437,126
er_regime__er_period10__mom_period20__er_thresh0.4,er_regime,QQQ,trend,-0.8403,0.0596,-0.2859,1500
er_regime__er_period10__mom_period20__er_thresh0.3,er_regime,QQQ,trend,-0.445,-0.0975,-0.2947,1450
er_regime__er_period14__mom_period20__er_thresh0.4,er_regime,QQQ,trend,-0.9341,-0.3768,-0.3954,1340
er_regime__er_period20__mom_period40__er_thresh0.4,er_regime,QQQ,trend,0.1498,-0.5047,-0.5022,991
er_regime__er_period10__mom_period10__er_thresh0.4,er_regime,QQQ,trend,-0.312,0.4733,-0.2968,1677
mcginley_dynamic__fast5__slow20,mcginley_dynamic,QQQ,trend,0.3727,-0.5999,-0.5363,186
mcginley_dynamic__fast10__slow40,mcginley_dynamic,QQQ,trend,0.2757,-0.2804,-0.393,90
mcginley_dynamic__fast12__slow26,mcginley_dynamic,QQQ,trend,0.1891,-0.0935,-0.3247,98
mcginley_dynamic__fast5__slow14,mcginley_dynamic,QQQ,trend,0.3566,-0.6247,-0.5319,228
cci_trend__period14__threshold50.0,cci_trend,QQQ,trend,-0.0793,-0.2995,-0.3498,892
cci_trend__period20__threshold50.0,cci_trend,QQQ,trend,0.1028,-0.6693,-0.4877,739
cci_trend__period20__threshold100.0,cci_trend,QQQ,trend,0.0086,-0.4586,-0.3128,768
cci_trend__period30__threshold50.0,cci_trend,QQQ,trend,0.3769,-0.7416,-0.5074,539
cci_trend__period14__threshold100.0,cci_trend,QQQ,trend,-0.2935,-0.3632,-0.2683,967
volume_roc__period10__signal_period5,volume_roc,QQQ,volume,-0.0251,-0.7554,-0.3269,838
volume_roc__period14__signal_period10,volume_roc,QQQ,volume,0.0967,0.3388,-0.1933,634
volume_roc__period20__signal_period10,volume_roc,QQQ,volume,0.3738,-0.0827,-0.1962,522
volume_roc__period5__signal_period3,volume_roc,QQQ,volume,-0.2246,-0.0974,-0.2495,1134
hv_ratio__fast_period10__slow_period100__thresh_hi1.5__thresh_lo0.7,hv_ratio,QQQ,volatility,0.3178,0.6161,-0.1168,420
hv_ratio__fast_period10__slow_period60__thresh_hi1.5__thresh_lo0.7,hv_ratio,QQQ,volatility,0.3097,0.4903,-0.1022,366
hv_ratio__fast_period21__slow_period100__thresh_hi1.5__thresh_lo0.7,hv_ratio,QQQ,volatility,0.4244,-0.053,-0.2174,186
hv_ratio__fast_period10__slow_period100__thresh_hi2.0__thresh_lo0.5,hv_ratio,QQQ,volatility,0.0543,-0.1347,-0.1211,167
zscore_trend__z_period20__trend_period50__z_thresh1.5,zscore_trend,QQQ,meanrev,-0.0593,0.9194,-0.0226,80
zscore_trend__z_period20__trend_period50__z_thresh1.0,zscore_trend,QQQ,meanrev,0.3471,0.7819,-0.0531,201
zscore_trend__z_period20__trend_period100__z_thresh1.5,zscore_trend,QQQ,meanrev,0.2728,0.1702,-0.1111,216
zscore_trend__z_period30__trend_period100__z_thresh2.0,zscore_trend,QQQ,meanrev,0.1965,0.3269,-0.0491,64
cmo_fisher__fisher_period10__cmo_period14__score_thresh0.3,cmo_fisher,QQQ,trend,-0.4127,-0.2374,-0.2647,844
cmo_fisher__fisher_period10__cmo_period14__score_thresh0.2,cmo_fisher,QQQ,trend,-0.3903,-0.3607,-0.2616,983
cmo_fisher__fisher_period14__cmo_period20__score_thresh0.3,cmo_fisher,QQQ,trend,-0.2431,0.0122,-0.1948,698
cmo_fisher__fisher_period8__cmo_period14__score_thresh0.2,cmo_fisher,QQQ,trend,-0.4359,-0.5067,-0.2881,1080
rvi_divergence__rvi_period10__lookback5,rvi_divergence,QQQ,meanrev,-0.1458,-0.8115,-0.0133,12
rvi_divergence__rvi_period10__lookback8,rvi_divergence,QQQ,meanrev,-0.4923,-0.635,-0.0321,16
rvi_divergence__rvi_period14__lookback5,rvi_divergence,QQQ,meanrev,-0.1458,-0.8115,-0.0133,12
adaptive_rsi__base_period14__fast_n2__slow_n30,adaptive_rsi,QQQ,meanrev,-0.0946,0.0059,-0.286,233
adaptive_rsi__base_period14__fast_n2__slow_n60,adaptive_rsi,QQQ,meanrev,-0.0155,0.0891,-0.2636,227
adaptive_rsi__base_period9__fast_n2__slow_n30,adaptive_rsi,QQQ,meanrev,-0.3284,0.1263,-0.2824,357
adaptive_rsi__base_period21__fast_n2__slow_n30,adaptive_rsi,QQQ,meanrev,-0.0303,0.6696,-0.1883,173
elder_impulse__ema_period8,elder_impulse,QQQ,composite,-0.4836,-0.2411,-0.3127,1480
elder_impulse__ema_period13,elder_impulse,QQQ,composite,-0.3932,-0.1634,-0.2722,1398
elder_impulse__ema_period20,elder_impulse,QQQ,composite,-0.2751,-0.3466,-0.3528,1341
klinger_osc__fast34__slow55__signal13,klinger_osc,QQQ,volume,0.1313,-0.4124,-0.4529,689
klinger_osc__fast21__slow34__signal9,klinger_osc,QQQ,volume,-0.3203,-0.4879,-0.4254,918
klinger_osc__fast55__slow89__signal13,klinger_osc,QQQ,volume,-0.1272,-0.2529,-0.3793,617
price_oscillator__fast10__slow30__signal9,price_oscillator,QQQ,trend,0.1072,-0.095,-0.2397,307
price_oscillator__fast12__slow26__signal9,price_oscillator,QQQ,trend,-0.026,-0.0853,-0.2511,301
price_oscillator__fast5__slow20__signal5,price_oscillator,QQQ,trend,-0.165,-0.1131,-0.2719,571
price_oscillator__fast20__slow50__signal9,price_oscillator,QQQ,trend,0.0746,-0.6385,-0.5521,221
baz_trend__ewmstd_span42,baz_trend,QQQ,trend,0.3415,-0.099,-0.3917,67
baz_trend__ewmstd_span63,baz_trend,QQQ,trend,0.3415,-0.099,-0.3917,67
baz_trend__ewmstd_span126,baz_trend,QQQ,trend,0.3415,-0.099,-0.3917,67
intermediate_mom__start252__end126,intermediate_mom,QQQ,trend,0.503,0.6238,-0.234,89
intermediate_mom__start189__end105,intermediate_mom,QQQ,trend,0.3932,0.8821,-0.1935,136
intermediate_mom__start168__end84,intermediate_mom,QQQ,trend,0.4742,0.2427,-0.2472,138
intermediate_mom__start252__end63,intermediate_mom,QQQ,trend,0.956,0.4773,-0.234,84
mom_crash_protect__bear_lookback504__bear_thresh-0.2__damp0.0,mom_crash_protect,QQQ,trend,0.827,0.6877,-0.234,44
mom_crash_protect__bear_lookback504__bear_thresh-0.2__damp0.25,mom_crash_protect,QQQ,trend,0.827,0.6877,-0.234,44
mom_crash_protect__bear_lookback252__bear_thresh-0.2__damp0.0,mom_crash_protect,QQQ,trend,0.8081,0.6877,-0.234,56
mom_crash_protect__bear_lookback504__bear_thresh-0.25__damp0.0,mom_crash_protect,QQQ,trend,0.827,0.6877,-0.234,44
consistent_mom__consistency_thresh0.5,consistent_mom,QQQ,trend,0.8557,0.6797,-0.234,145
consistent_mom__consistency_thresh0.58,consistent_mom,QQQ,trend,0.5769,0.5893,-0.2868,344
consistent_mom__consistency_thresh0.67,consistent_mom,QQQ,trend,0.6704,-0.0367,-0.2643,659
signed_range_mom__period10__threshold0.1,signed_range_mom,QQQ,trend,-0.4645,0.088,-0.2009,1073
signed_range_mom__period21__threshold0.1,signed_range_mom,QQQ,trend,-0.1802,-0.0924,-0.2133,718
signed_range_mom__period21__threshold0.15,signed_range_mom,QQQ,trend,-0.5764,-0.188,-0.2897,654
signed_range_mom__period42__threshold0.1,signed_range_mom,QQQ,trend,-0.4047,-0.1748,-0.2615,525
signed_range_mom__period63__threshold0.1,signed_range_mom,QQQ,trend,-0.8209,-0.2614,-0.2592,414
multi_tsmom,multi_tsmom,QQQ,trend,0.5396,0.3841,-0.2266,249
"multi_tsmom__lookbacks(63, 126, 252)",multi_tsmom,QQQ,trend,0.4363,0.7301,-0.2201,98
"multi_tsmom__lookbacks(21, 63, 252)",multi_tsmom,QQQ,trend,0.5283,-0.0001,-0.3142,182
"multi_tsmom__lookbacks(21, 63, 126, 252)__weights(0.4, 0.3, 0.2, 0.1)",multi_tsmom,QQQ,trend,0.5392,-0.0353,-0.3344,175
"multi_tsmom__lookbacks(21, 63, 126, 252)__weights(0.1, 0.2, 0.3, 0.4)",multi_tsmom,QQQ,trend,0.5069,0.7653,-0.1742,121
ma_crossover__fast5__slow20__kindsma,ma_crossover,IWM,trend,0.1889,-0.7849,-0.6041,236
ma_crossover__fast10__slow30__kindsma,ma_crossover,IWM,trend,-0.0413,-0.693,-0.5589,146
ma_crossover__fast20__slow50__kindsma,ma_crossover,IWM,trend,-0.0653,-0.1922,-0.4582,82
ma_crossover__fast50__slow100__kindsma,ma_crossover,IWM,trend,0.1018,0.1758,-0.2127,36
ma_crossover__fast50__slow200__kindsma,ma_crossover,IWM,trend,-0.0982,0.4183,-0.2161,19
ma_crossover__fast100__slow200__kindsma,ma_crossover,IWM,trend,0.0951,0.0674,-0.2876,21
ma_crossover__fast10__slow50__kindsma,ma_crossover,IWM,trend,0.1664,-0.7974,-0.5801,101
ma_crossover__fast20__slow100__kindsma,ma_crossover,IWM,trend,-0.142,-0.4887,-0.4592,60
ma_crossover__fast5__slow20__kindema,ma_crossover,IWM,trend,0.0268,-0.8491,-0.604,249
ma_crossover__fast12__slow26__kindema,ma_crossover,IWM,trend,0.029,-0.6372,-0.508,135
ma_crossover__fast10__slow50__kindema,ma_crossover,IWM,trend,0.1308,-0.7069,-0.5217,107
ma_crossover__fast20__slow100__kindema,ma_crossover,IWM,trend,0.0586,-0.048,-0.321,54
ts_momentum__period21,ts_momentum,IWM,trend,0.0939,-0.5487,-0.5159,367
ts_momentum__period42,ts_momentum,IWM,trend,-0.1773,-0.8204,-0.5629,303
ts_momentum__period63,ts_momentum,IWM,trend,-0.275,-0.3321,-0.3746,246
ts_momentum__period126,ts_momentum,IWM,trend,-0.0898,0.1481,-0.2073,155
ts_momentum__period252,ts_momentum,IWM,trend,-0.0167,-0.0142,-0.4324,102
roc_momentum__period5,roc_momentum,IWM,trend,-0.4047,-0.2301,-0.4105,777
roc_momentum__period10,roc_momentum,IWM,trend,0.0746,-0.5731,-0.5037,530
roc_momentum__period20,roc_momentum,IWM,trend,-0.0216,-0.9304,-0.6235,375
roc_momentum__period30,roc_momentum,IWM,trend,-0.1239,-1.0373,-0.6477,300
roc_momentum__period60,roc_momentum,IWM,trend,-0.0124,-0.2357,-0.3532,236
macd_signal__fast12__slow26__signal9,macd_signal,IWM,trend,0.2962,-0.3781,-0.4385,301
macd_signal__fast8__slow17__signal9,macd_signal,IWM,trend,0.1781,-0.1835,-0.2924,393
macd_signal__fast5__slow35__signal5,macd_signal,IWM,trend,-0.0824,-0.2103,-0.3588,523
macd_signal__fast3__slow10__signal16,macd_signal,IWM,trend,-0.0183,0.1698,-0.2253,547
donchian_breakout__period10,donchian_breakout,IWM,trend,0.0483,-0.2335,-0.2187,1006
donchian_breakout__period20,donchian_breakout,IWM,trend,0.1676,-0.0019,-0.1213,720
donchian_breakout__period30,donchian_breakout,IWM,trend,0.2229,0.264,-0.0794,564
donchian_breakout__period40,donchian_breakout,IWM,trend,0.1329,0.1881,-0.0773,494
donchian_breakout__period55,donchian_breakout,IWM,trend,0.207,0.2874,-0.0499,420
bb_breakout__period20__std1.5,bb_breakout,IWM,trend,-0.051,-0.2315,-0.1495,792
bb_breakout__period20__std2.0,bb_breakout,IWM,trend,-0.3974,0.0295,-0.0894,430
bb_breakout__period20__std2.5,bb_breakout,IWM,trend,-0.0612,0.1679,-0.0421,120
bb_breakout__period30__std2.0,bb_breakout,IWM,trend,-0.1748,-0.0812,-0.1902,396
bb_breakout__period50__std2.0,bb_breakout,IWM,trend,-0.0634,-0.1577,-0.145,268
supertrend__period7__mult2.0,supertrend,IWM,trend,0.1309,-0.7541,-0.567,211
supertrend__period7__mult3.0,supertrend,IWM,trend,-0.026,-0.4405,-0.3801,119
supertrend__period10__mult3.0,supertrend,IWM,trend,-0.0822,-0.7681,-0.5312,125
supertrend__period14__mult2.0,supertrend,IWM,trend,-0.021,-0.6166,-0.5132,217
supertrend__period14__mult3.0,supertrend,IWM,trend,-0.1145,-0.891,-0.5767,129
parabolic_sar__step0.01__max_af0.1,parabolic_sar,IWM,trend,0.1715,-0.5046,-0.5248,229
parabolic_sar__step0.02__max_af0.2,parabolic_sar,IWM,trend,0.1074,-0.8494,-0.575,373
parabolic_sar__step0.03__max_af0.2,parabolic_sar,IWM,trend,-0.1401,-0.0626,-0.4085,463
parabolic_sar__step0.05__max_af0.2,parabolic_sar,IWM,trend,-0.1964,-0.0128,-0.3029,569
adx_trend__period14__threshold20,adx_trend,IWM,trend,-0.4093,-0.9909,-0.4629,260
adx_trend__period14__threshold25,adx_trend,IWM,trend,-0.3752,-0.1605,-0.178,151
adx_trend__period14__threshold30,adx_trend,IWM,trend,-0.3876,-0.213,-0.1796,105
adx_trend__period21__threshold20,adx_trend,IWM,trend,-0.3228,-0.4001,-0.2748,117
adx_trend__period21__threshold25,adx_trend,IWM,trend,-0.361,0.3263,-0.0963,61
ichimoku__tenkan9__kijun26__senkou_b52,ichimoku,IWM,trend,-0.0689,-0.885,-0.5284,499
ichimoku__tenkan7__kijun22__senkou_b44,ichimoku,IWM,trend,0.1074,-1.0572,-0.6183,561
linreg_slope__period10,linreg_slope,IWM,trend,-0.2995,-0.3864,-0.3863,383
linreg_slope__period20,linreg_slope,IWM,trend,0.3097,-0.7525,-0.5535,184
linreg_slope__period30,linreg_slope,IWM,trend,-0.2357,-0.5482,-0.5088,132
linreg_slope__period50,linreg_slope,IWM,trend,0.0563,-0.2227,-0.4464,68
aroon__period14,aroon,IWM,trend,0.5727,-0.9288,-0.6113,238
aroon__period25,aroon,IWM,trend,0.1283,-0.5456,-0.484,140
aroon__period50,aroon,IWM,trend,0.1118,-0.5059,-0.4234,72
vortex__period10,vortex,IWM,trend,0.0947,-0.1996,-0.387,435
vortex__period14,vortex,IWM,trend,0.1896,-0.7531,-0.5446,390
vortex__period21,vortex,IWM,trend,-0.0781,-0.8208,-0.5764,328
trix__period9,trix,IWM,trend,0.0457,-1.0654,-0.6477,162
trix__period12,trix,IWM,trend,0.0057,-0.5467,-0.5547,120
trix__period18,trix,IWM,trend,0.0506,-0.2994,-0.4429,76
hull_ma__period14,hull_ma,IWM,trend,-0.5192,-0.4153,-0.4077,585
hull_ma__period20,hull_ma,IWM,trend,-0.1753,-0.1946,-0.4198,412
hull_ma__period30,hull_ma,IWM,trend,0.0976,-0.3868,-0.4073,291
hull_ma__period50,hull_ma,IWM,trend,0.1948,-1.0823,-0.6933,193
kama__period5,kama,IWM,trend,-0.0726,-1.0868,-0.6956,2058
kama__period10,kama,IWM,trend,-0.1898,0.0,0.0,153
kama__period20,kama,IWM,trend,0.5127,0.0,0.0,41
turtle__entry20__exit_p10,turtle,IWM,trend,0.1676,-0.0019,-0.1213,720
turtle__entry55__exit_p20,turtle,IWM,trend,0.207,0.2874,-0.0499,420
turtle__entry10__exit_p5,turtle,IWM,trend,0.0483,-0.2335,-0.2187,1006
dual_momentum__period63,dual_momentum,IWM,trend,0.2655,-0.0933,-0.204,247
dual_momentum__period126,dual_momentum,IWM,trend,0.4186,0.1967,-0.1458,155
dual_momentum__period252,dual_momentum,IWM,trend,0.4933,0.0957,-0.3008,103
elder_ray__period13,elder_ray,IWM,trend,-0.3311,-0.8043,-0.5785,677
elder_ray__period21,elder_ray,IWM,trend,-0.132,-0.9054,-0.6286,527
elder_ray__period34,elder_ray,IWM,trend,0.2037,-0.6266,-0.5479,383
rsi_reversion__period7__lo30__hi70,rsi_reversion,IWM,meanrev,0.0207,0.1979,-0.1815,634
rsi_reversion__period7__lo25__hi75,rsi_reversion,IWM,meanrev,0.3684,0.2096,-0.1169,404
rsi_reversion__period14__lo30__hi70,rsi_reversion,IWM,meanrev,0.0152,-0.1014,-0.1304,194
rsi_reversion__period14__lo25__hi75,rsi_reversion,IWM,meanrev,0.4241,0.5674,-0.045,96
rsi_reversion__period14__lo35__hi65,rsi_reversion,IWM,meanrev,0.2048,0.3743,-0.1567,420
rsi_reversion__period21__lo30__hi70,rsi_reversion,IWM,meanrev,0.42,0.3396,-0.0629,88
rsi_reversion__period21__lo25__hi75,rsi_reversion,IWM,meanrev,0.4351,0.6527,-0.0001,26
rsi_reversion__period28__lo30__hi70,rsi_reversion,IWM,meanrev,0.1429,0.5978,-0.0196,40
rsi_reversion__period30__lo30__hi70,rsi_reversion,IWM,meanrev,0.145,0.6339,-0.0196,36
rsi_reversion__period30__lo25__hi75,rsi_reversion,IWM,meanrev,0.1431,0.0,0.0,8
bb_reversion__period20__std1.5,bb_reversion,IWM,meanrev,-0.0478,0.1406,-0.1283,792
bb_reversion__period20__std2.0,bb_reversion,IWM,meanrev,0.3055,-0.1014,-0.0968,430
bb_reversion__period20__std2.5,bb_reversion,IWM,meanrev,0.0144,-0.2187,-0.0847,120
bb_reversion__period30__std2.0,bb_reversion,IWM,meanrev,0.0959,0.0232,-0.1637,396
bb_reversion__period30__std2.5,bb_reversion,IWM,meanrev,0.301,0.1597,-0.078,142
bb_reversion__period50__std2.0,bb_reversion,IWM,meanrev,0.0098,0.1117,-0.1628,268
zscore_reversion__period10__threshold1.0,zscore_reversion,IWM,meanrev,0.1299,-0.1478,-0.2271,1303
zscore_reversion__period20__threshold1.5,zscore_reversion,IWM,meanrev,-0.0478,0.1406,-0.1283,792
zscore_reversion__period20__threshold2.0,zscore_reversion,IWM,meanrev,0.3055,-0.1014,-0.0968,430
zscore_reversion__period30__threshold1.5,zscore_reversion,IWM,meanrev,-0.0428,0.3406,-0.1938,625
zscore_reversion__period30__threshold2.0,zscore_reversion,IWM,meanrev,0.0959,0.0232,-0.1637,396
zscore_reversion__period60__threshold2.0,zscore_reversion,IWM,meanrev,-0.0664,-0.0993,-0.1451,262
stochastic__k5__d3__lo20__hi80,stochastic,IWM,meanrev,0.3822,-0.1145,-0.2698,820
stochastic__k14__d3__lo20__hi80,stochastic,IWM,meanrev,-0.0958,0.5415,-0.1605,600
stochastic__k14__d3__lo30__hi70,stochastic,IWM,meanrev,-0.0191,0.8039,-0.1354,609
stochastic__k14__d5__lo20__hi80,stochastic,IWM,meanrev,-0.0122,1.0245,-0.1691,430
stochastic__k21__d3__lo20__hi80,stochastic,IWM,meanrev,-0.231,0.804,-0.1947,507
cci_reversion__period14__threshold100,cci_reversion,IWM,meanrev,-0.1761,0.2469,-0.1839,906
cci_reversion__period14__threshold150,cci_reversion,IWM,meanrev,-0.1588,-0.175,-0.1359,572
cci_reversion__period20__threshold100,cci_reversion,IWM,meanrev,-0.276,0.6076,-0.1838,752
cci_reversion__period20__threshold150,cci_reversion,IWM,meanrev,-0.0668,0.0745,-0.1514,476
cci_reversion__period30__threshold100,cci_reversion,IWM,meanrev,-0.0372,0.5567,-0.2684,605
williams_r__period14__lo-80__hi-20,williams_r,IWM,meanrev,-0.1443,0.3401,-0.1493,1097
williams_r__period14__lo-90__hi-10,williams_r,IWM,meanrev,0.0243,-0.0769,-0.1412,1011
williams_r__period21__lo-80__hi-20,williams_r,IWM,meanrev,-0.221,0.5845,-0.22,908
williams_r__period28__lo-80__hi-20,williams_r,IWM,meanrev,0.0556,0.6598,-0.2026,787
keltner_reversion__period20__mult1.5,keltner_reversion,IWM,meanrev,0.0387,0.1937,-0.1967,633
keltner_reversion__period20__mult2.0,keltner_reversion,IWM,meanrev,0.1763,0.2119,-0.1477,404
keltner_reversion__period20__mult2.5,keltner_reversion,IWM,meanrev,0.1682,0.0978,-0.1046,224
keltner_reversion__period30__mult2.0,keltner_reversion,IWM,meanrev,0.0269,0.664,-0.1631,474
vwap_reversion__period20__z_thresh1.0,vwap_reversion,IWM,meanrev,-0.0303,0.7383,-0.1458,855
vwap_reversion__period20__z_thresh1.5,vwap_reversion,IWM,meanrev,0.0427,0.7461,-0.2001,706
vwap_reversion__period20__z_thresh2.0,vwap_reversion,IWM,meanrev,-0.2126,0.1197,-0.1702,481
percent_b__period20__std2.0__lo0.05__hi0.95,percent_b,IWM,meanrev,0.4711,-0.5275,-0.2871,587
percent_b__period20__std2.0__lo0.1__hi0.9,percent_b,IWM,meanrev,-0.0531,-0.0473,-0.1869,714
percent_b__period20__std2.0__lo0.2__hi0.8,percent_b,IWM,meanrev,-0.2246,0.5074,-0.2065,897
percent_b__period30__std2.0__lo0.2__hi0.8,percent_b,IWM,meanrev,-0.2018,0.5171,-0.2448,721
connors_rsi__rsi_period3__streak_period2__rank_period100,connors_rsi,IWM,meanrev,0.1809,-0.0362,-0.1632,1175
connors_rsi__rsi_period2__streak_period3__rank_period100,connors_rsi,IWM,meanrev,0.2863,-0.1584,-0.2182,1209
ultimate_osc__p17__p214__p328,ultimate_osc,IWM,meanrev,0.3957,0.5299,-0.0753,180
ultimate_osc__p14__p28__p316,ultimate_osc,IWM,meanrev,0.1547,0.2383,-0.1197,542
gap_fade__threshold0.01,gap_fade,IWM,meanrev,-0.3941,-0.4468,-0.2574,826
gap_fade__threshold0.015,gap_fade,IWM,meanrev,0.104,-0.5509,-0.1532,339
gap_fade__threshold0.02,gap_fade,IWM,meanrev,0.4262,-0.2554,-0.065,169
obv_trend__period10,obv_trend,IWM,volume,0.0241,-0.6902,-0.572,782
obv_trend__period20,obv_trend,IWM,volume,0.1035,-0.9146,-0.6111,560
obv_trend__period50,obv_trend,IWM,volume,0.1321,-0.7421,-0.5481,305
chaikin_mf__period10,chaikin_mf,IWM,volume,0.2372,-0.4898,-0.5094,537
chaikin_mf__period20,chaikin_mf,IWM,volume,-0.0625,-0.1357,-0.3782,384
chaikin_mf__period21,chaikin_mf,IWM,volume,0.3866,0.1042,-0.3033,381
mfi__period10,mfi,IWM,volume,-0.0288,0.8068,-0.0803,274
mfi__period14,mfi,IWM,volume,0.1603,0.8855,-0.0432,112
mfi__period21,mfi,IWM,volume,-0.0456,0.6876,-0.0001,38
volume_surge__period10__mult1.5,volume_surge,IWM,volume,0.1399,0.2113,-0.1163,362
volume_surge__period20__mult2.0,volume_surge,IWM,volume,-0.1664,0.3177,-0.0526,95
volume_surge__period20__mult3.0,volume_surge,IWM,volume,0.0,-0.4838,-0.0037,2
force_index__period2,force_index,IWM,volume,-0.4562,-0.042,-0.4269,1424
force_index__period13,force_index,IWM,volume,-0.189,-0.8551,-0.6041,558
force_index__period20,force_index,IWM,volume,-0.0117,-0.85,-0.5847,426
chaikin_osc__fast3__slow10,chaikin_osc,IWM,volume,-0.0663,-0.3149,-0.4768,441
chaikin_osc__fast3__slow12,chaikin_osc,IWM,volume,-0.1124,-0.2778,-0.4952,419
chaikin_osc__fast5__slow12,chaikin_osc,IWM,volume,0.0251,-0.5352,-0.5067,319
atr_breakout__period10__mult1.5,atr_breakout,IWM,volatility,0.019,-0.3809,-0.186,588
atr_breakout__period14__mult1.5,atr_breakout,IWM,volatility,0.1732,-0.8018,-0.35,684
atr_breakout__period14__mult2.0,atr_breakout,IWM,volatility,0.0756,-0.3405,-0.1294,390
atr_breakout__period20__mult2.0,atr_breakout,IWM,volatility,-0.0555,-0.418,-0.1797,481
atr_breakout__period20__mult2.5,atr_breakout,IWM,volatility,-0.1395,-0.2453,-0.1159,304
vol_breakout__period10__mult0.5,vol_breakout,IWM,volatility,-0.4261,0.0414,-0.2878,2551
vol_breakout__period20__mult1.0,vol_breakout,IWM,volatility,-0.66,0.3385,-0.2497,2183
vol_breakout__period20__mult1.5,vol_breakout,IWM,volatility,-0.7198,0.2303,-0.1852,1380
vol_breakout__period30__mult1.0,vol_breakout,IWM,volatility,-0.6207,0.3641,-0.2507,2134
squeeze_breakout__bb_period20__kc_period20__bb_std2.0__kc_mult1.5,squeeze_breakout,IWM,volatility,0.1806,-0.5636,-0.4594,196
squeeze_breakout__bb_period20__kc_period20__bb_std2.0__kc_mult1.0,squeeze_breakout,IWM,volatility,0.0672,-0.4054,-0.4019,118
squeeze_breakout__bb_period30__kc_period30__bb_std2.0__kc_mult1.5,squeeze_breakout,IWM,volatility,0.3645,-0.0131,-0.3447,86
engulfing,engulfing,IWM,pattern,-0.5788,0.1157,-0.1401,512
three_bar_reversal,three_bar_reversal,IWM,pattern,0.5165,-0.1732,-0.2051,932
higher_highs_lows__period5,higher_highs_lows,IWM,pattern,-0.2268,-0.5717,-0.4307,840
higher_highs_lows__period10,higher_highs_lows,IWM,pattern,0.1975,-0.8909,-0.5333,418
higher_highs_lows__period20,higher_highs_lows,IWM,pattern,-0.1002,-0.481,-0.3932,238
pivot_bounce__period5,pivot_bounce,IWM,pattern,0.5594,-0.5876,-0.3235,1280
pivot_bounce__period10,pivot_bounce,IWM,pattern,-0.1778,-0.7459,-0.2754,1131
pivot_bounce__period20,pivot_bounce,IWM,pattern,-0.3635,0.318,-0.1451,892
macd_rsi_combo__fast12__slow26__signal9__rsi_period14__rsi_lo40__rsi_hi60,macd_rsi_combo,IWM,composite,0.1468,-0.8414,-0.3539,549
macd_rsi_combo__fast12__slow26__signal9__rsi_period14__rsi_lo45__rsi_hi55,macd_rsi_combo,IWM,composite,0.0718,-0.8925,-0.4712,718
macd_rsi_combo__fast8__slow21__signal5__rsi_period14__rsi_lo40__rsi_hi60,macd_rsi_combo,IWM,composite,0.0444,-0.8236,-0.3349,591
macd_rsi_combo__fast5__slow35__signal5__rsi_period14__rsi_lo40__rsi_hi60,macd_rsi_combo,IWM,composite,0.0848,-0.7629,-0.322,617
triple_screen__trend_period20__osc_period14__osc_lo40__osc_hi60,triple_screen,IWM,composite,-0.1453,0.0,0.0,4
triple_screen__trend_period30__osc_period14__osc_lo40__osc_hi60,triple_screen,IWM,composite,-0.1453,0.0,0.0,4
triple_screen__trend_period50__osc_period14__osc_lo35__osc_hi65,triple_screen,IWM,composite,-0.0639,0.0,0.0,4
triple_screen__trend_period20__osc_period7__osc_lo30__osc_hi70,triple_screen,IWM,composite,0.1358,0.0,0.0,2
chandelier_exit__period14__mult2.0,chandelier_exit,IWM,composite,-0.1279,-0.6635,-0.5396,557
chandelier_exit__period22__mult3.0,chandelier_exit,IWM,composite,0.2489,-0.4149,-0.44,353
chandelier_exit__period22__mult2.0,chandelier_exit,IWM,composite,-0.2271,-0.7135,-0.5438,648
chandelier_exit__period10__mult2.0,chandelier_exit,IWM,composite,0.0341,-0.55,-0.5075,495
high52_momentum__period252__threshold0.7,high52_momentum,IWM,trend,0.0924,0.0391,-0.2793,224
high52_momentum__period252__threshold0.75,high52_momentum,IWM,trend,0.1353,-0.0278,-0.2503,216
high52_momentum__period252__threshold0.8,high52_momentum,IWM,trend,0.2032,-0.1578,-0.2648,232
high52_momentum__period126__threshold0.7,high52_momentum,IWM,trend,0.1489,-0.2929,-0.2708,344
high52_momentum__period126__threshold0.75,high52_momentum,IWM,trend,0.0581,-0.4893,-0.332,360
short_reversal__period5,short_reversal,IWM,meanrev,0.3071,0.1159,-0.2872,777
short_reversal__period10,short_reversal,IWM,meanrev,-0.143,0.4976,-0.1919,530
short_reversal__period15,short_reversal,IWM,meanrev,-0.1545,0.9739,-0.1705,451
short_reversal__period20,short_reversal,IWM,meanrev,-0.0224,0.8648,-0.2046,375
low_vol_regime__period20__ma_period60,low_vol_regime,IWM,volatility,-0.0568,0.1144,-0.1268,128
low_vol_regime__period20__ma_period120,low_vol_regime,IWM,volatility,-0.0879,-0.2033,-0.1915,142
low_vol_regime__period60__ma_period120,low_vol_regime,IWM,volatility,-0.1336,-0.32,-0.2236,42
low_vol_regime__period20__ma_period252,low_vol_regime,IWM,volatility,-0.2563,-0.415,-0.2494,148
low_vol_regime__period60__ma_period252,low_vol_regime,IWM,volatility,0.028,0.356,-0.1274,48
low_vol_regime__period120__ma_period252,low_vol_regime,IWM,volatility,0.0624,0.3381,-0.1072,20
nr_breakout__nr_period4__exit_bars3,nr_breakout,IWM,pattern,-0.3389,-0.5271,-0.2938,994
nr_breakout__nr_period4__exit_bars5,nr_breakout,IWM,pattern,-0.0542,-0.3079,-0.338,791
nr_breakout__nr_period7__exit_bars3,nr_breakout,IWM,pattern,-0.4724,-0.3784,-0.2183,694
nr_breakout__nr_period7__exit_bars5,nr_breakout,IWM,pattern,-0.1746,0.4315,-0.1588,606
nr_breakout__nr_period10__exit_bars5,nr_breakout,IWM,pattern,-0.1591,0.1544,-0.1824,493
nr_breakout__nr_period10__exit_bars10,nr_breakout,IWM,pattern,-0.0352,-0.0289,-0.3215,393
overnight_gap__period1__threshold0.001,overnight_gap,IWM,volume,-0.3113,-0.1685,-0.3268,2390
overnight_gap__period1__threshold0.003,overnight_gap,IWM,volume,-0.3024,-0.0769,-0.2555,2369
overnight_gap__period3__threshold0.001,overnight_gap,IWM,volume,0.1546,-0.0842,-0.3516,1533
overnight_gap__period3__threshold0.003,overnight_gap,IWM,volume,0.16,-0.2254,-0.2666,1179
overnight_gap__period5__threshold0.001,overnight_gap,IWM,volume,0.1358,-0.9218,-0.5485,1285
overnight_gap__period5__threshold0.003,overnight_gap,IWM,volume,0.2693,-0.3969,-0.1985,748
coppock_curve__roc1252__roc2189__wma_period63,coppock_curve,IWM,trend,-0.3861,0.1608,-0.2647,14
coppock_curve__roc1189__roc2126__wma_period42,coppock_curve,IWM,trend,-0.1597,0.4888,-0.1982,18
coppock_curve__roc1126__roc2100__wma_period21,coppock_curve,IWM,trend,-0.142,0.1937,-0.2226,32
bll_filter__pct0.005__hold0,bll_filter,IWM,trend,-0.4658,0.176,-0.3638,1274
bll_filter__pct0.01__hold0,bll_filter,IWM,trend,-0.5127,0.19,-0.3254,884
bll_filter__pct0.02__hold0,bll_filter,IWM,trend,-0.4995,0.1749,-0.2492,474
bll_filter__pct0.005__hold10,bll_filter,IWM,trend,-0.5085,0.1748,-0.3603,1319
bll_filter__pct0.01__hold10,bll_filter,IWM,trend,-0.5159,0.0058,-0.3409,995
bll_filter__pct0.01__hold20,bll_filter,IWM,trend,-0.498,0.1723,-0.3254,899
bll_filter__pct0.02__hold10,bll_filter,IWM,trend,-0.6001,-0.001,-0.2366,661
frog_in_pan__lookback252__skip21__id_cutoff0.5,frog_in_pan,IWM,trend,0.1872,0.1458,-0.2768,153
frog_in_pan__lookback252__skip21__id_cutoff0.45,frog_in_pan,IWM,trend,0.3573,-0.1991,-0.2764,124
frog_in_pan__lookback252__skip0__id_cutoff0.5,frog_in_pan,IWM,trend,0.2818,-0.1817,-0.2951,153
frog_in_pan__lookback126__skip21__id_cutoff0.5,frog_in_pan,IWM,trend,0.2831,0.1294,-0.2402,231
frog_in_pan__lookback126__skip21__id_cutoff0.45,frog_in_pan,IWM,trend,0.3445,-0.2929,-0.2083,158
vol_mom__mom_period126__vol_period126__skip21__vol_weight0.5,vol_mom,IWM,composite,0.1738,0.1023,-0.2819,178
vol_mom__mom_period126__vol_period126__skip0__vol_weight0.5,vol_mom,IWM,composite,0.2511,0.0532,-0.2651,177
vol_mom__mom_period252__vol_period126__skip21__vol_weight0.5,vol_mom,IWM,composite,0.3865,0.0065,-0.2967,134
vol_mom__mom_period63__vol_period63__skip0__vol_weight0.3,vol_mom,IWM,composite,-0.1822,-0.3321,-0.3746,239
vol_mom__mom_period126__vol_period126__skip21__vol_weight0.3,vol_mom,IWM,composite,-0.1012,0.2275,-0.2332,147
seasonality__n_years2,seasonality,IWM,pattern,0.0041,0.0546,-0.3018,76
seasonality__n_years3,seasonality,IWM,pattern,0.2371,0.0525,-0.2878,78
seasonality__n_years5,seasonality,IWM,pattern,-0.0793,-0.4548,-0.4712,74
residual_mom__lookback252__skip21,residual_mom,IWM,trend,-0.0634,0.126,-0.2681,106
residual_mom__lookback252__skip0,residual_mom,IWM,trend,0.0602,0.1047,-0.351,106
residual_mom__lookback126__skip21,residual_mom,IWM,trend,-0.0148,0.4601,-0.1772,165
vol_scaled_mom__rv_window21__vol_target0.12__damp0.5,vol_scaled_mom,IWM,trend,-0.0923,0.0277,-0.2929,3042
vol_scaled_mom__rv_window21__vol_target0.08__damp0.5,vol_scaled_mom,IWM,trend,-0.1256,0.0101,-0.2143,3461
vol_scaled_mom__rv_window63__vol_target0.12__damp0.5,vol_scaled_mom,IWM,trend,0.0406,-0.0246,-0.2876,3252
vol_scaled_mom__rv_window21__vol_target0.12__damp0.0,vol_scaled_mom,IWM,trend,-0.0784,0.0277,-0.2929,2996
vol_scaled_mom__rv_window21__vol_target0.15__damp0.5,vol_scaled_mom,IWM,trend,-0.0584,0.0381,-0.3311,2384
dema_crossover__fast5__slow20,dema_crossover,IWM,trend,0.2046,0.0308,-0.2418,413
dema_crossover__fast10__slow40,dema_crossover,IWM,trend,0.3969,-0.9781,-0.6763,213
dema_crossover__fast12__slow26,dema_crossover,IWM,trend,0.3585,-1.1417,-0.6896,245
dema_crossover__fast20__slow50,dema_crossover,IWM,trend,-0.0925,-0.8776,-0.6794,149
dema_crossover__fast10__slow30,dema_crossover,IWM,trend,0.3696,-1.1768,-0.6905,257
tema_crossover__fast5__slow20,tema_crossover,IWM,trend,-0.285,0.5965,-0.1681,564
tema_crossover__fast10__slow40,tema_crossover,IWM,trend,0.2963,-0.5242,-0.4565,303
tema_crossover__fast12__slow26,tema_crossover,IWM,trend,0.3283,-0.2303,-0.3577,303
tema_crossover__fast20__slow50,tema_crossover,IWM,trend,0.3879,-0.6006,-0.5795,179
tema_crossover__fast10__slow30,tema_crossover,IWM,trend,0.2778,-0.1959,-0.325,319
price_acceleration__period10__smooth3,price_acceleration,IWM,trend,0.0683,0.6078,-0.2347,1001
price_acceleration__period20__smooth5,price_acceleration,IWM,trend,0.0721,-0.1124,-0.3377,690
price_acceleration__period20__smooth3,price_acceleration,IWM,trend,0.5173,-0.2656,-0.4358,962
price_acceleration__period30__smooth5,price_acceleration,IWM,trend,-0.0354,-0.3173,-0.434,760
price_acceleration__period40__smooth10,price_acceleration,IWM,trend,0.2812,-0.4016,-0.4833,555
price_acceleration__period10__smooth5,price_acceleration,IWM,trend,0.1016,0.3369,-0.2453,765
turn_of_month__days_before3__days_after3,turn_of_month,IWM,pattern,0.3549,-0.0141,-0.1436,360
turn_of_month__days_before4__days_after4,turn_of_month,IWM,pattern,0.4866,0.2193,-0.173,360
turn_of_month__days_before5__days_after5,turn_of_month,IWM,pattern,0.5933,0.3644,-0.1508,360
turn_of_month__days_before3__days_after5,turn_of_month,IWM,pattern,0.4491,0.1726,-0.1732,360
trend_intensity__period20,trend_intensity,IWM,trend,0.0733,0.2739,-0.1673,376
trend_intensity__period30,trend_intensity,IWM,trend,0.0406,0.1058,-0.1243,266
trend_intensity__period50,trend_intensity,IWM,trend,0.0665,0.9465,-0.0956,130
trend_intensity__period63,trend_intensity,IWM,trend,-0.1523,0.5068,-0.0989,156
ma_regime_momentum__regime_ma200__mom_period126__skip21,ma_regime_momentum,IWM,trend,0.0218,0.1829,-0.2173,264
ma_regime_momentum__regime_ma200__mom_period252__skip21,ma_regime_momentum,IWM,trend,0.1049,0.1035,-0.2031,216
ma_regime_momentum__regime_ma200__mom_period63__skip0,ma_regime_momentum,IWM,trend,-0.0647,-0.1272,-0.2597,343
ma_regime_momentum__regime_ma100__mom_period126__skip21,ma_regime_momentum,IWM,trend,0.0526,-0.1673,-0.3026,326
ma_regime_momentum__regime_ma50__mom_period63__skip0,ma_regime_momentum,IWM,trend,-0.1563,-0.7221,-0.4901,499
fisher_transform__period5,fisher_transform,IWM,trend,-0.3144,0.132,-0.2738,943
fisher_transform__period10,fisher_transform,IWM,trend,-0.3981,-0.1834,-0.3173,676
fisher_transform__period20,fisher_transform,IWM,trend,0.0107,-0.7975,-0.5736,452
fisher_transform__period30,fisher_transform,IWM,trend,-0.1533,-0.4894,-0.4618,337
relative_vigor__period10,relative_vigor,IWM,trend,0.1696,0.6508,-0.2467,1078
relative_vigor__period14,relative_vigor,IWM,trend,0.1696,0.6508,-0.2467,1078
relative_vigor__period20,relative_vigor,IWM,trend,0.1696,0.6508,-0.2467,1078
chande_momentum__period14__threshold0.0,chande_momentum,IWM,trend,0.4295,-0.973,-0.6399,439
chande_momentum__period20__threshold0.0,chande_momentum,IWM,trend,-0.0218,-0.9304,-0.6235,376
chande_momentum__period20__threshold10.0,chande_momentum,IWM,trend,0.0943,-0.7808,-0.5048,665
chande_momentum__period30__threshold0.0,chande_momentum,IWM,trend,-0.1221,-1.0373,-0.6477,301
chande_momentum__period9__threshold0.0,chande_momentum,IWM,trend,-0.323,-0.6912,-0.5213,578
demarker__period14__hi_thresh0.7__lo_thresh0.3,demarker,IWM,meanrev,0.3413,0.7629,-0.1514,531
demarker__period14__hi_thresh0.8__lo_thresh0.2,demarker,IWM,meanrev,-0.0572,0.5732,-0.113,207
demarker__period21__hi_thresh0.7__lo_thresh0.3,demarker,IWM,meanrev,-0.1242,0.3078,-0.1653,267
demarker__period9__hi_thresh0.7__lo_thresh0.3,demarker,IWM,meanrev,-0.0059,0.9914,-0.156,699
stoch_rsi__rsi_period14__stoch_period14__lo20.0__hi80.0,stoch_rsi,IWM,meanrev,-0.1508,0.2646,-0.211,730
stoch_rsi__rsi_period14__stoch_period14__lo10.0__hi90.0,stoch_rsi,IWM,meanrev,0.1441,0.4351,-0.1337,680
stoch_rsi__rsi_period7__stoch_period14__lo20.0__hi80.0,stoch_rsi,IWM,meanrev,0.2726,0.098,-0.196,790
stoch_rsi__rsi_period21__stoch_period21__lo20.0__hi80.0,stoch_rsi,IWM,meanrev,-0.2149,0.2515,-0.1838,565
hurst_regime__period100__trend_thresh0.55__mr_thresh0.45,hurst_regime,IWM,trend,0.2507,0.0583,-0.1264,370
hurst_regime__period60__trend_thresh0.55__mr_thresh0.45,hurst_regime,IWM,trend,0.2459,0.4453,-0.1252,505
hurst_regime__period100__trend_thresh0.58__mr_thresh0.42,hurst_regime,IWM,trend,0.232,-0.0406,-0.048,166
psych_line__period12__hi_thresh75.0__lo_thresh25.0,psych_line,IWM,meanrev,0.0824,0.2917,-0.0729,98
psych_line__period12__hi_thresh65.0__lo_thresh35.0,psych_line,IWM,meanrev,-0.215,0.7986,-0.1306,589
psych_line__period20__hi_thresh70.0__lo_thresh30.0,psych_line,IWM,meanrev,-0.0903,0.4294,-0.0267,90
er_regime__er_period10__mom_period20__er_thresh0.4,er_regime,IWM,trend,0.4018,-0.5861,-0.4102,1551
er_regime__er_period10__mom_period20__er_thresh0.3,er_regime,IWM,trend,0.5304,-0.6611,-0.4479,1609
er_regime__er_period14__mom_period20__er_thresh0.4,er_regime,IWM,trend,-0.1428,-0.0784,-0.3098,1393
er_regime__er_period20__mom_period40__er_thresh0.4,er_regime,IWM,trend,-0.006,-0.0346,-0.3554,1067
er_regime__er_period10__mom_period10__er_thresh0.4,er_regime,IWM,trend,-0.0327,-0.4987,-0.379,1769
mcginley_dynamic__fast5__slow20,mcginley_dynamic,IWM,trend,0.0303,-0.6414,-0.5039,225
mcginley_dynamic__fast10__slow40,mcginley_dynamic,IWM,trend,0.3464,-0.423,-0.4299,99
mcginley_dynamic__fast12__slow26,mcginley_dynamic,IWM,trend,0.3006,-0.582,-0.4841,107
mcginley_dynamic__fast5__slow14,mcginley_dynamic,IWM,trend,-0.0067,-0.6949,-0.5448,275
cci_trend__period14__threshold50.0,cci_trend,IWM,trend,-0.2086,-0.5058,-0.3897,947
cci_trend__period20__threshold50.0,cci_trend,IWM,trend,0.0006,-1.1256,-0.6026,795
cci_trend__period20__threshold100.0,cci_trend,IWM,trend,0.2021,-0.6924,-0.3382,752
cci_trend__period30__threshold50.0,cci_trend,IWM,trend,-0.1985,-0.6784,-0.4587,664
cci_trend__period14__threshold100.0,cci_trend,IWM,trend,0.0829,-0.3403,-0.3071,906
volume_roc__period10__signal_period5,volume_roc,IWM,volume,0.1999,-0.1328,-0.1632,858
volume_roc__period14__signal_period10,volume_roc,IWM,volume,0.5206,-0.016,-0.2048,656
volume_roc__period20__signal_period10,volume_roc,IWM,volume,0.3044,-0.4071,-0.3577,576
volume_roc__period5__signal_period3,volume_roc,IWM,volume,-0.1586,-0.0964,-0.2425,1225
hv_ratio__fast_period10__slow_period100__thresh_hi1.5__thresh_lo0.7,hv_ratio,IWM,volatility,0.0606,0.0074,-0.2117,386
hv_ratio__fast_period10__slow_period60__thresh_hi1.5__thresh_lo0.7,hv_ratio,IWM,volatility,0.4046,-0.0834,-0.1539,352
hv_ratio__fast_period21__slow_period100__thresh_hi1.5__thresh_lo0.7,hv_ratio,IWM,volatility,-0.0975,0.4093,-0.1011,155
hv_ratio__fast_period10__slow_period100__thresh_hi2.0__thresh_lo0.5,hv_ratio,IWM,volatility,0.0099,-0.0334,-0.0692,118
zscore_trend__z_period20__trend_period50__z_thresh1.5,zscore_trend,IWM,meanrev,0.0892,0.3943,-0.0269,96
zscore_trend__z_period20__trend_period50__z_thresh1.0,zscore_trend,IWM,meanrev,-0.0325,-0.3845,-0.1167,214
zscore_trend__z_period20__trend_period100__z_thresh1.5,zscore_trend,IWM,meanrev,0.8263,0.2753,-0.0473,224
zscore_trend__z_period30__trend_period100__z_thresh2.0,zscore_trend,IWM,meanrev,0.4534,0.4859,-0.0174,54
cmo_fisher__fisher_period10__cmo_period14__score_thresh0.3,cmo_fisher,IWM,trend,-0.2829,-0.1711,-0.2073,800
cmo_fisher__fisher_period10__cmo_period14__score_thresh0.2,cmo_fisher,IWM,trend,-0.1531,-0.7353,-0.3529,956
cmo_fisher__fisher_period14__cmo_period20__score_thresh0.3,cmo_fisher,IWM,trend,-0.1651,-0.1241,-0.1629,646
cmo_fisher__fisher_period8__cmo_period14__score_thresh0.2,cmo_fisher,IWM,trend,-0.2226,-0.5806,-0.3007,1046
rvi_divergence__rvi_period10__lookback5,rvi_divergence,IWM,meanrev,0.3574,0.0,0.0,18
rvi_divergence__rvi_period10__lookback8,rvi_divergence,IWM,meanrev,-0.0816,-0.0552,-0.0246,4
rvi_divergence__rvi_period14__lookback5,rvi_divergence,IWM,meanrev,0.3574,0.0,0.0,18
adaptive_rsi__base_period14__fast_n2__slow_n30,adaptive_rsi,IWM,meanrev,0.3101,0.3798,-0.3294,285
adaptive_rsi__base_period14__fast_n2__slow_n60,adaptive_rsi,IWM,meanrev,0.2739,0.364,-0.3505,276
adaptive_rsi__base_period9__fast_n2__slow_n30,adaptive_rsi,IWM,meanrev,-0.2158,1.0953,-0.2177,394
adaptive_rsi__base_period21__fast_n2__slow_n30,adaptive_rsi,IWM,meanrev,0.1261,0.2531,-0.3144,188
elder_impulse__ema_period8,elder_impulse,IWM,composite,-0.6893,0.237,-0.3088,1531
elder_impulse__ema_period13,elder_impulse,IWM,composite,-0.6214,0.0664,-0.3104,1445
elder_impulse__ema_period20,elder_impulse,IWM,composite,-0.5123,0.109,-0.3105,1377
klinger_osc__fast34__slow55__signal13,klinger_osc,IWM,volume,-0.3284,-0.1856,-0.3833,761
klinger_osc__fast21__slow34__signal9,klinger_osc,IWM,volume,-0.3441,0.4107,-0.2172,934
klinger_osc__fast55__slow89__signal13,klinger_osc,IWM,volume,-0.1117,-0.4054,-0.4281,693
price_oscillator__fast10__slow30__signal9,price_oscillator,IWM,trend,0.1544,-0.3928,-0.4433,311
price_oscillator__fast12__slow26__signal9,price_oscillator,IWM,trend,0.2931,-0.4003,-0.4575,303
price_oscillator__fast5__slow20__signal5,price_oscillator,IWM,trend,-0.1905,0.201,-0.2299,551
price_oscillator__fast20__slow50__signal9,price_oscillator,IWM,trend,0.439,-1.0271,-0.6793,221
baz_trend__ewmstd_span42,baz_trend,IWM,trend,0.0769,-0.4081,-0.4304,84
baz_trend__ewmstd_span63,baz_trend,IWM,trend,0.0769,-0.4081,-0.4304,84
baz_trend__ewmstd_span126,baz_trend,IWM,trend,0.0769,-0.4081,-0.4304,84
intermediate_mom__start252__end126,intermediate_mom,IWM,trend,0.0536,-0.2287,-0.4797,154
intermediate_mom__start189__end105,intermediate_mom,IWM,trend,0.2765,0.1855,-0.3325,178
intermediate_mom__start168__end84,intermediate_mom,IWM,trend,0.0653,-0.1689,-0.3484,182
intermediate_mom__start252__end63,intermediate_mom,IWM,trend,0.1669,0.1507,-0.3942,120
mom_crash_protect__bear_lookback504__bear_thresh-0.2__damp0.0,mom_crash_protect,IWM,trend,0.0791,0.0744,-0.3442,117
mom_crash_protect__bear_lookback504__bear_thresh-0.2__damp0.25,mom_crash_protect,IWM,trend,0.0751,0.0744,-0.3442,118
mom_crash_protect__bear_lookback252__bear_thresh-0.2__damp0.0,mom_crash_protect,IWM,trend,0.0783,0.0744,-0.3442,112
mom_crash_protect__bear_lookback504__bear_thresh-0.25__damp0.0,mom_crash_protect,IWM,trend,0.0646,0.0744,-0.3442,102
consistent_mom__consistency_thresh0.5,consistent_mom,IWM,trend,0.1906,0.234,-0.3116,409
consistent_mom__consistency_thresh0.58,consistent_mom,IWM,trend,0.112,0.0369,-0.3172,623
consistent_mom__consistency_thresh0.67,consistent_mom,IWM,trend,-0.0108,-0.6057,-0.3055,406
signed_range_mom__period10__threshold0.1,signed_range_mom,IWM,trend,0.2096,-0.5997,-0.4611,966
signed_range_mom__period21__threshold0.1,signed_range_mom,IWM,trend,-0.1474,0.1523,-0.1882,702
signed_range_mom__period21__threshold0.15,signed_range_mom,IWM,trend,-0.1732,-0.1186,-0.2057,647
signed_range_mom__period42__threshold0.1,signed_range_mom,IWM,trend,-0.7995,0.1008,-0.2872,491
signed_range_mom__period63__threshold0.1,signed_range_mom,IWM,trend,-0.5373,0.4139,-0.1436,321
multi_tsmom,multi_tsmom,IWM,trend,0.014,-0.1461,-0.2694,397
"multi_tsmom__lookbacks(63, 126, 252)",multi_tsmom,IWM,trend,-0.0087,0.2112,-0.1995,170
"multi_tsmom__lookbacks(21, 63, 252)",multi_tsmom,IWM,trend,0.061,-0.5115,-0.4586,274
"multi_tsmom__lookbacks(21, 63, 126, 252)__weights(0.4, 0.3, 0.2, 0.1)",multi_tsmom,IWM,trend,0.0216,-0.4765,-0.4462,272
"multi_tsmom__lookbacks(21, 63, 126, 252)__weights(0.1, 0.2, 0.3, 0.4)",multi_tsmom,IWM,trend,0.0259,0.0235,-0.2312,213
ma_crossover__fast5__slow20__kindsma,ma_crossover,DIA,trend,0.2799,-1.1986,-0.5787,230
ma_crossover__fast10__slow30__kindsma,ma_crossover,DIA,trend,-0.142,-0.651,-0.4286,128
ma_crossover__fast20__slow50__kindsma,ma_crossover,DIA,trend,0.1054,0.2549,-0.2189,74
ma_crossover__fast50__slow100__kindsma,ma_crossover,DIA,trend,0.1207,0.5462,-0.2181,32
ma_crossover__fast50__slow200__kindsma,ma_crossover,DIA,trend,0.4193,-0.0348,-0.3699,12
ma_crossover__fast100__slow200__kindsma,ma_crossover,DIA,trend,0.7069,0.2041,-0.3041,11
ma_crossover__fast10__slow50__kindsma,ma_crossover,DIA,trend,0.049,-0.1088,-0.2605,89
ma_crossover__fast20__slow100__kindsma,ma_crossover,DIA,trend,-0.0876,-0.0137,-0.329,44
ma_crossover__fast5__slow20__kindema,ma_crossover,DIA,trend,0.3129,-0.8172,-0.4845,209
ma_crossover__fast12__slow26__kindema,ma_crossover,DIA,trend,0.2206,-0.7703,-0.4448,117
ma_crossover__fast10__slow50__kindema,ma_crossover,DIA,trend,0.3234,-0.2226,-0.3564,95
ma_crossover__fast20__slow100__kindema,ma_crossover,DIA,trend,0.2148,-0.2061,-0.4661,48
ts_momentum__period21,ts_momentum,DIA,trend,0.4398,-0.6075,-0.3916,300
ts_momentum__period42,ts_momentum,DIA,trend,0.221,-0.4016,-0.353,236
ts_momentum__period63,ts_momentum,DIA,trend,-0.0069,-0.441,-0.4432,208
ts_momentum__period126,ts_momentum,DIA,trend,0.4121,0.1146,-0.331,127
ts_momentum__period252,ts_momentum,DIA,trend,0.4983,0.3576,-0.2176,58
roc_momentum__period5,roc_momentum,DIA,trend,-0.0952,-0.1752,-0.2407,722
roc_momentum__period10,roc_momentum,DIA,trend,0.4408,-0.8415,-0.4744,486
roc_momentum__period20,roc_momentum,DIA,trend,0.3266,-0.6946,-0.4156,324
roc_momentum__period30,roc_momentum,DIA,trend,0.1088,-0.4266,-0.3301,264
roc_momentum__period60,roc_momentum,DIA,trend,0.1063,-0.3326,-0.3766,190
macd_signal__fast12__slow26__signal9,macd_signal,DIA,trend,0.4983,-0.8571,-0.4859,297
macd_signal__fast8__slow17__signal9,macd_signal,DIA,trend,0.2669,-0.48,-0.3453,371
macd_signal__fast5__slow35__signal5,macd_signal,DIA,trend,0.3681,-0.0038,-0.2157,503
macd_signal__fast3__slow10__signal16,macd_signal,DIA,trend,0.3611,-0.368,-0.3086,551
donchian_breakout__period10,donchian_breakout,DIA,trend,-0.0981,-0.0812,-0.1254,1065
donchian_breakout__period20,donchian_breakout,DIA,trend,0.0667,-0.1932,-0.1117,802
donchian_breakout__period30,donchian_breakout,DIA,trend,-0.1584,-0.0304,-0.096,664
donchian_breakout__period40,donchian_breakout,DIA,trend,-0.0825,0.1907,-0.0776,576
donchian_breakout__period55,donchian_breakout,DIA,trend,-0.0268,0.2181,-0.0736,516
bb_breakout__period20__std1.5,bb_breakout,DIA,trend,0.0124,-0.6946,-0.2361,753
bb_breakout__period20__std2.0,bb_breakout,DIA,trend,-0.0427,-0.1421,-0.0985,384
bb_breakout__period20__std2.5,bb_breakout,DIA,trend,0.0723,-0.1723,-0.108,126
bb_breakout__period30__std2.0,bb_breakout,DIA,trend,-0.3086,-0.3799,-0.169,354
bb_breakout__period50__std2.0,bb_breakout,DIA,trend,0.0032,-0.663,-0.2004,254
supertrend__period7__mult2.0,supertrend,DIA,trend,0.2691,-1.0763,-0.5389,235
supertrend__period7__mult3.0,supertrend,DIA,trend,0.4556,-0.5644,-0.3967,125
supertrend__period10__mult3.0,supertrend,DIA,trend,0.3815,-0.861,-0.4966,129
supertrend__period14__mult2.0,supertrend,DIA,trend,0.1488,-1.0553,-0.5327,235
supertrend__period14__mult3.0,supertrend,DIA,trend,0.3295,-0.7876,-0.4726,131
parabolic_sar__step0.01__max_af0.1,parabolic_sar,DIA,trend,0.3449,-0.4149,-0.3212,229
parabolic_sar__step0.02__max_af0.2,parabolic_sar,DIA,trend,0.4277,-0.8629,-0.4863,357
parabolic_sar__step0.03__max_af0.2,parabolic_sar,DIA,trend,0.292,-0.5319,-0.3634,441
parabolic_sar__step0.05__max_af0.2,parabolic_sar,DIA,trend,0.5173,0.0552,-0.2733,543
adx_trend__period14__threshold20,adx_trend,DIA,trend,-0.198,-0.6452,-0.3501,291
adx_trend__period14__threshold25,adx_trend,DIA,trend,-0.1597,-1.134,-0.3824,193
adx_trend__period14__threshold30,adx_trend,DIA,trend,-0.0393,-1.0973,-0.3143,106
adx_trend__period21__threshold20,adx_trend,DIA,trend,-0.2041,-0.7603,-0.3031,132
adx_trend__period21__threshold25,adx_trend,DIA,trend,0.0893,-0.8252,-0.2576,60
ichimoku__tenkan9__kijun26__senkou_b52,ichimoku,DIA,trend,0.1662,-0.9208,-0.4415,484
ichimoku__tenkan7__kijun22__senkou_b44,ichimoku,DIA,trend,0.306,-1.2462,-0.5256,551
linreg_slope__period10,linreg_slope,DIA,trend,0.0946,-1.4711,-0.6446,349
linreg_slope__period20,linreg_slope,DIA,trend,0.3692,-0.7459,-0.465,160
linreg_slope__period30,linreg_slope,DIA,trend,-0.2677,-0.3011,-0.3548,126
linreg_slope__period50,linreg_slope,DIA,trend,-0.0404,0.1588,-0.2056,64
aroon__period14,aroon,DIA,trend,0.4383,-0.9854,-0.5385,238
aroon__period25,aroon,DIA,trend,-0.0638,-0.318,-0.3283,134
aroon__period50,aroon,DIA,trend,-0.0691,-0.2859,-0.3186,84
vortex__period10,vortex,DIA,trend,0.4997,-0.7428,-0.4606,431
vortex__period14,vortex,DIA,trend,0.3283,-1.1116,-0.5796,360
vortex__period21,vortex,DIA,trend,0.5524,-0.3069,-0.3208,280
trix__period9,trix,DIA,trend,0.0378,-0.9099,-0.4919,142
trix__period12,trix,DIA,trend,0.0214,-0.3686,-0.3298,102
trix__period18,trix,DIA,trend,-0.0629,0.1209,-0.1906,67
hull_ma__period14,hull_ma,DIA,trend,0.0633,0.0397,-0.2341,529
hull_ma__period20,hull_ma,DIA,trend,0.2759,-0.9393,-0.4906,394
hull_ma__period30,hull_ma,DIA,trend,0.5169,-0.7885,-0.4641,283
hull_ma__period50,hull_ma,DIA,trend,0.366,-0.8001,-0.4577,181
kama__period5,kama,DIA,trend,0.0252,-0.7979,-0.4559,2026
kama__period10,kama,DIA,trend,0.0221,0.0,0.0,146
kama__period20,kama,DIA,trend,0.8013,0.0,0.0,40
turtle__entry20__exit_p10,turtle,DIA,trend,0.0667,-0.1932,-0.1117,802
turtle__entry55__exit_p20,turtle,DIA,trend,-0.0268,0.2181,-0.0736,516
turtle__entry10__exit_p5,turtle,DIA,trend,-0.0981,-0.0812,-0.1254,1065
dual_momentum__period63,dual_momentum,DIA,trend,0.7074,0.0378,-0.2411,209
dual_momentum__period126,dual_momentum,DIA,trend,0.9282,0.3504,-0.1985,127
dual_momentum__period252,dual_momentum,DIA,trend,0.8598,0.4621,-0.1637,59
elder_ray__period13,elder_ray,DIA,trend,-0.0086,-0.3768,-0.3878,589
elder_ray__period21,elder_ray,DIA,trend,0.1461,-0.7308,-0.4685,457
elder_ray__period34,elder_ray,DIA,trend,0.237,-0.6584,-0.455,361
rsi_reversion__period7__lo30__hi70,rsi_reversion,DIA,meanrev,-0.3089,0.55,-0.0787,646
rsi_reversion__period7__lo25__hi75,rsi_reversion,DIA,meanrev,-0.1381,0.5253,-0.0779,444
rsi_reversion__period14__lo30__hi70,rsi_reversion,DIA,meanrev,-0.1082,0.9106,-0.0484,248
rsi_reversion__period14__lo25__hi75,rsi_reversion,DIA,meanrev,0.1504,0.3308,-0.0483,100
rsi_reversion__period14__lo35__hi65,rsi_reversion,DIA,meanrev,-0.2792,0.8185,-0.0779,444
rsi_reversion__period21__lo30__hi70,rsi_reversion,DIA,meanrev,-0.0923,0.3308,-0.0483,88
rsi_reversion__period21__lo25__hi75,rsi_reversion,DIA,meanrev,0.0486,0.4344,-0.012,46
rsi_reversion__period28__lo30__hi70,rsi_reversion,DIA,meanrev,-0.1263,0.6132,-0.012,46
rsi_reversion__period30__lo30__hi70,rsi_reversion,DIA,meanrev,-0.2367,0.5124,-0.012,34
rsi_reversion__period30__lo25__hi75,rsi_reversion,DIA,meanrev,-0.1267,0.0,0.0,28
bb_reversion__period20__std1.5,bb_reversion,DIA,meanrev,-0.1364,0.5767,-0.088,753
bb_reversion__period20__std2.0,bb_reversion,DIA,meanrev,-0.0644,0.056,-0.0843,384
bb_reversion__period20__std2.5,bb_reversion,DIA,meanrev,-0.151,0.1277,-0.0831,126
bb_reversion__period30__std2.0,bb_reversion,DIA,meanrev,0.2162,0.3076,-0.0823,354
bb_reversion__period30__std2.5,bb_reversion,DIA,meanrev,0.4176,0.3778,-0.0541,122
bb_reversion__period50__std2.0,bb_reversion,DIA,meanrev,-0.0676,0.606,-0.0787,254
zscore_reversion__period10__threshold1.0,zscore_reversion,DIA,meanrev,-0.2991,0.3418,-0.1135,1287
zscore_reversion__period20__threshold1.5,zscore_reversion,DIA,meanrev,-0.1364,0.5767,-0.088,753
zscore_reversion__period20__threshold2.0,zscore_reversion,DIA,meanrev,-0.0644,0.056,-0.0843,384
zscore_reversion__period30__threshold1.5,zscore_reversion,DIA,meanrev,-0.1799,0.8799,-0.1088,660
zscore_reversion__period30__threshold2.0,zscore_reversion,DIA,meanrev,0.2162,0.3076,-0.0823,354
zscore_reversion__period60__threshold2.0,zscore_reversion,DIA,meanrev,-0.1186,0.6836,-0.0787,260
stochastic__k5__d3__lo20__hi80,stochastic,DIA,meanrev,0.0552,0.3931,-0.0929,842
stochastic__k14__d3__lo20__hi80,stochastic,DIA,meanrev,-1.0539,0.7914,-0.0787,518
stochastic__k14__d3__lo30__hi70,stochastic,DIA,meanrev,-0.3787,0.9352,-0.112,592
stochastic__k14__d5__lo20__hi80,stochastic,DIA,meanrev,-0.6326,1.315,-0.0788,412
stochastic__k21__d3__lo20__hi80,stochastic,DIA,meanrev,-0.855,0.9945,-0.0787,454
cci_reversion__period14__threshold100,cci_reversion,DIA,meanrev,-0.3757,0.5003,-0.1086,973
cci_reversion__period14__threshold150,cci_reversion,DIA,meanrev,-0.4198,0.3612,-0.114,548
cci_reversion__period20__threshold100,cci_reversion,DIA,meanrev,-0.5293,0.7971,-0.0963,803
cci_reversion__period20__threshold150,cci_reversion,DIA,meanrev,-0.0665,0.2763,-0.1,460
cci_reversion__period30__threshold100,cci_reversion,DIA,meanrev,-0.3706,0.8012,-0.0963,644
williams_r__period14__lo-80__hi-20,williams_r,DIA,meanrev,-0.6439,0.1903,-0.1207,976
williams_r__period14__lo-90__hi-10,williams_r,DIA,meanrev,-0.3188,-0.0304,-0.1246,1024
williams_r__period21__lo-80__hi-20,williams_r,DIA,meanrev,-0.5685,0.7272,-0.1139,819
williams_r__period28__lo-80__hi-20,williams_r,DIA,meanrev,-0.4278,0.726,-0.1322,696
keltner_reversion__period20__mult1.5,keltner_reversion,DIA,meanrev,-0.6238,0.6059,-0.0943,687
keltner_reversion__period20__mult2.0,keltner_reversion,DIA,meanrev,-0.4343,0.7182,-0.0779,428
keltner_reversion__period20__mult2.5,keltner_reversion,DIA,meanrev,-0.3589,0.6586,-0.0787,252
keltner_reversion__period30__mult2.0,keltner_reversion,DIA,meanrev,-0.241,0.6587,-0.0844,546
vwap_reversion__period20__z_thresh1.0,vwap_reversion,DIA,meanrev,-0.5453,0.6502,-0.0965,780
vwap_reversion__period20__z_thresh1.5,vwap_reversion,DIA,meanrev,-0.3336,0.7303,-0.0943,666
vwap_reversion__period20__z_thresh2.0,vwap_reversion,DIA,meanrev,-0.1291,0.5088,-0.0787,476
percent_b__period20__std2.0__lo0.05__hi0.95,percent_b,DIA,meanrev,-0.2567,0.2977,-0.0779,515
percent_b__period20__std2.0__lo0.1__hi0.9,percent_b,DIA,meanrev,-0.1892,0.3314,-0.0787,675
percent_b__period20__std2.0__lo0.2__hi0.8,percent_b,DIA,meanrev,-0.4113,0.7627,-0.0965,898
percent_b__period30__std2.0__lo0.2__hi0.8,percent_b,DIA,meanrev,-0.3208,0.6996,-0.0965,720
connors_rsi__rsi_period3__streak_period2__rank_period100,connors_rsi,DIA,meanrev,0.0921,-0.0492,-0.1001,1206
connors_rsi__rsi_period2__streak_period3__rank_period100,connors_rsi,DIA,meanrev,0.0697,-0.1588,-0.121,1232
ultimate_osc__p17__p214__p328,ultimate_osc,DIA,meanrev,-0.2396,0.4774,-0.0347,230
ultimate_osc__p14__p28__p316,ultimate_osc,DIA,meanrev,-0.3707,0.3831,-0.0838,582
gap_fade__threshold0.01,gap_fade,DIA,meanrev,-0.0934,0.0687,-0.1767,471
gap_fade__threshold0.015,gap_fade,DIA,meanrev,0.3572,-0.1675,-0.0813,175
gap_fade__threshold0.02,gap_fade,DIA,meanrev,0.2707,-0.3046,-0.0734,100
obv_trend__period10,obv_trend,DIA,volume,0.0532,-0.0174,-0.2914,734
obv_trend__period20,obv_trend,DIA,volume,0.3444,-0.5869,-0.4298,456
obv_trend__period50,obv_trend,DIA,volume,-0.2522,-0.6878,-0.4834,321
chaikin_mf__period10,chaikin_mf,DIA,volume,-0.0417,-0.3163,-0.2831,499
chaikin_mf__period20,chaikin_mf,DIA,volume,0.2867,-0.718,-0.4828,362
chaikin_mf__period21,chaikin_mf,DIA,volume,0.1061,-0.2764,-0.3838,336
mfi__period10,mfi,DIA,volume,-0.301,-0.2392,-0.0813,286
mfi__period14,mfi,DIA,volume,0.0754,0.3653,-0.0485,164
mfi__period21,mfi,DIA,volume,0.2237,0.4405,-0.0139,54
volume_surge__period10__mult1.5,volume_surge,DIA,volume,-0.8003,0.4034,-0.0808,564
volume_surge__period20__mult2.0,volume_surge,DIA,volume,-0.6008,0.0684,-0.0767,168
volume_surge__period20__mult3.0,volume_surge,DIA,volume,-0.444,-0.0556,-0.0247,25
force_index__period2,force_index,DIA,volume,-0.1741,0.0967,-0.3227,1298
force_index__period13,force_index,DIA,volume,0.0322,-0.6759,-0.4202,510
force_index__period20,force_index,DIA,volume,-0.0884,-0.4283,-0.3327,394
chaikin_osc__fast3__slow10,chaikin_osc,DIA,volume,0.056,-0.5867,-0.4125,396
chaikin_osc__fast3__slow12,chaikin_osc,DIA,volume,0.1371,-0.6146,-0.418,352
chaikin_osc__fast5__slow12,chaikin_osc,DIA,volume,0.2157,-0.4884,-0.3966,250
atr_breakout__period10__mult1.5,atr_breakout,DIA,volatility,0.3229,-0.0302,-0.1202,602
atr_breakout__period14__mult1.5,atr_breakout,DIA,volatility,0.5806,-0.7007,-0.284,660
atr_breakout__period14__mult2.0,atr_breakout,DIA,volatility,0.4634,-0.5232,-0.1972,410
atr_breakout__period20__mult2.0,atr_breakout,DIA,volatility,0.4486,-1.0169,-0.3215,521
atr_breakout__period20__mult2.5,atr_breakout,DIA,volatility,0.3457,-0.698,-0.2206,330
vol_breakout__period10__mult0.5,vol_breakout,DIA,volatility,-0.6025,0.2747,-0.2428,2502
vol_breakout__period20__mult1.0,vol_breakout,DIA,volatility,-0.513,-0.1394,-0.2282,2075
vol_breakout__period20__mult1.5,vol_breakout,DIA,volatility,-0.4874,0.0438,-0.1318,1403
vol_breakout__period30__mult1.0,vol_breakout,DIA,volatility,-0.6136,-0.068,-0.2009,2058
squeeze_breakout__bb_period20__kc_period20__bb_std2.0__kc_mult1.5,squeeze_breakout,DIA,volatility,0.132,-0.8593,-0.4758,185
squeeze_breakout__bb_period20__kc_period20__bb_std2.0__kc_mult1.0,squeeze_breakout,DIA,volatility,0.0728,-0.6641,-0.4601,122
squeeze_breakout__bb_period30__kc_period30__bb_std2.0__kc_mult1.5,squeeze_breakout,DIA,volatility,0.2489,0.2314,-0.1907,62
engulfing,engulfing,DIA,pattern,-0.4141,0.0267,-0.0744,499
three_bar_reversal,three_bar_reversal,DIA,pattern,-0.0622,0.3341,-0.1151,934
higher_highs_lows__period5,higher_highs_lows,DIA,pattern,0.3256,-1.0916,-0.5087,761
higher_highs_lows__period10,higher_highs_lows,DIA,pattern,0.3901,-0.9856,-0.4633,407
higher_highs_lows__period20,higher_highs_lows,DIA,pattern,-0.4117,-0.0646,-0.2086,223
pivot_bounce__period5,pivot_bounce,DIA,pattern,0.1221,-0.9326,-0.219,1248
pivot_bounce__period10,pivot_bounce,DIA,pattern,0.1409,0.4011,-0.0944,1155
pivot_bounce__period20,pivot_bounce,DIA,pattern,-0.2413,0.8269,-0.0626,919
macd_rsi_combo__fast12__slow26__signal9__rsi_period14__rsi_lo40__rsi_hi60,macd_rsi_combo,DIA,composite,0.3351,-0.9308,-0.3046,534
macd_rsi_combo__fast12__slow26__signal9__rsi_period14__rsi_lo45__rsi_hi55,macd_rsi_combo,DIA,composite,0.4822,-0.8996,-0.3856,624
macd_rsi_combo__fast8__slow21__signal5__rsi_period14__rsi_lo40__rsi_hi60,macd_rsi_combo,DIA,composite,0.3047,-0.8591,-0.2869,594
macd_rsi_combo__fast5__slow35__signal5__rsi_period14__rsi_lo40__rsi_hi60,macd_rsi_combo,DIA,composite,0.2684,-0.7242,-0.2619,622
triple_screen__trend_period20__osc_period14__osc_lo40__osc_hi60,triple_screen,DIA,composite,0.1271,0.0,0.0,2
triple_screen__trend_period30__osc_period14__osc_lo40__osc_hi60,triple_screen,DIA,composite,0.1861,0.0,0.0,4
triple_screen__trend_period50__osc_period14__osc_lo35__osc_hi65,triple_screen,DIA,composite,0.2144,0.0,0.0,4
triple_screen__trend_period20__osc_period7__osc_lo30__osc_hi70,triple_screen,DIA,composite,0.0,0.0,0.0,0
chandelier_exit__period14__mult2.0,chandelier_exit,DIA,composite,0.2328,-0.4658,-0.4009,539
chandelier_exit__period22__mult3.0,chandelier_exit,DIA,composite,0.2135,-0.344,-0.3586,342
chandelier_exit__period22__mult2.0,chandelier_exit,DIA,composite,0.0793,-0.7341,-0.4065,598
chandelier_exit__period10__mult2.0,chandelier_exit,DIA,composite,0.0949,-0.3839,-0.3913,522
high52_momentum__period252__threshold0.7,high52_momentum,DIA,trend,0.3623,-0.0674,-0.3612,181
high52_momentum__period252__threshold0.75,high52_momentum,DIA,trend,0.3462,-0.2885,-0.3913,214
high52_momentum__period252__threshold0.8,high52_momentum,DIA,trend,0.3313,-0.3648,-0.3613,232
high52_momentum__period126__threshold0.7,high52_momentum,DIA,trend,0.2648,-0.2943,-0.3207,284
high52_momentum__period126__threshold0.75,high52_momentum,DIA,trend,0.284,-0.2617,-0.2571,308
short_reversal__period5,short_reversal,DIA,meanrev,-0.0376,0.0346,-0.1823,722
short_reversal__period10,short_reversal,DIA,meanrev,-0.5248,0.7327,-0.1418,486
short_reversal__period15,short_reversal,DIA,meanrev,-0.3759,0.8531,-0.1212,414
short_reversal__period20,short_reversal,DIA,meanrev,-0.3787,0.6158,-0.2054,324
low_vol_regime__period20__ma_period60,low_vol_regime,DIA,volatility,-0.0775,-0.1296,-0.159,150
low_vol_regime__period20__ma_period120,low_vol_regime,DIA,volatility,0.1136,0.1692,-0.1899,158
low_vol_regime__period60__ma_period120,low_vol_regime,DIA,volatility,-0.0946,0.0176,-0.192,60
low_vol_regime__period20__ma_period252,low_vol_regime,DIA,volatility,-0.1405,0.2364,-0.1486,150
low_vol_regime__period60__ma_period252,low_vol_regime,DIA,volatility,0.2571,-0.0278,-0.2207,58
low_vol_regime__period120__ma_period252,low_vol_regime,DIA,volatility,0.6845,-0.0532,-0.1941,44
nr_breakout__nr_period4__exit_bars3,nr_breakout,DIA,pattern,0.013,-0.4901,-0.2362,973
nr_breakout__nr_period4__exit_bars5,nr_breakout,DIA,pattern,0.0876,0.056,-0.1709,745
nr_breakout__nr_period7__exit_bars3,nr_breakout,DIA,pattern,0.164,-0.3123,-0.2048,690
nr_breakout__nr_period7__exit_bars5,nr_breakout,DIA,pattern,0.3355,0.6664,-0.1184,594
nr_breakout__nr_period10__exit_bars5,nr_breakout,DIA,pattern,0.3546,0.5832,-0.1248,468
nr_breakout__nr_period10__exit_bars10,nr_breakout,DIA,pattern,0.1227,0.1288,-0.1628,385
overnight_gap__period1__threshold0.001,overnight_gap,DIA,volume,-0.3151,0.5534,-0.1931,2455
overnight_gap__period1__threshold0.003,overnight_gap,DIA,volume,-0.2784,0.3677,-0.1819,2143
overnight_gap__period3__threshold0.001,overnight_gap,DIA,volume,0.2886,0.3102,-0.2,1553
overnight_gap__period3__threshold0.003,overnight_gap,DIA,volume,0.1068,0.2789,-0.1337,858
overnight_gap__period5__threshold0.001,overnight_gap,DIA,volume,0.1221,-0.4078,-0.2593,1255
overnight_gap__period5__threshold0.003,overnight_gap,DIA,volume,0.0504,0.1687,-0.1194,551
coppock_curve__roc1252__roc2189__wma_period63,coppock_curve,DIA,trend,0.651,0.2225,-0.2997,10
coppock_curve__roc1189__roc2126__wma_period42,coppock_curve,DIA,trend,0.5075,0.0794,-0.3223,12
coppock_curve__roc1126__roc2100__wma_period21,coppock_curve,DIA,trend,0.4992,0.3251,-0.2644,18
bll_filter__pct0.005__hold0,bll_filter,DIA,trend,-0.1455,0.2773,-0.2857,964
bll_filter__pct0.01__hold0,bll_filter,DIA,trend,0.1512,0.3478,-0.2678,594
bll_filter__pct0.02__hold0,bll_filter,DIA,trend,0.403,-0.6491,-0.4179,292
bll_filter__pct0.005__hold10,bll_filter,DIA,trend,-0.1993,0.3522,-0.2788,1069
bll_filter__pct0.01__hold10,bll_filter,DIA,trend,0.0274,0.451,-0.1875,786
bll_filter__pct0.01__hold20,bll_filter,DIA,trend,0.1484,0.3039,-0.2626,650
bll_filter__pct0.02__hold10,bll_filter,DIA,trend,0.2207,-0.874,-0.4431,500
frog_in_pan__lookback252__skip21__id_cutoff0.5,frog_in_pan,DIA,trend,0.9462,0.3495,-0.242,81
frog_in_pan__lookback252__skip21__id_cutoff0.45,frog_in_pan,DIA,trend,0.5082,0.5479,-0.1679,75
frog_in_pan__lookback252__skip0__id_cutoff0.5,frog_in_pan,DIA,trend,0.6761,0.4291,-0.1817,81
frog_in_pan__lookback126__skip21__id_cutoff0.5,frog_in_pan,DIA,trend,0.796,0.1759,-0.2765,217
frog_in_pan__lookback126__skip21__id_cutoff0.45,frog_in_pan,DIA,trend,0.7806,0.2833,-0.1992,107
vol_mom__mom_period126__vol_period126__skip21__vol_weight0.5,vol_mom,DIA,composite,0.1589,-0.1789,-0.3245,140
vol_mom__mom_period126__vol_period126__skip0__vol_weight0.5,vol_mom,DIA,composite,0.2882,-0.0268,-0.261,147
vol_mom__mom_period252__vol_period126__skip21__vol_weight0.5,vol_mom,DIA,composite,0.4103,0.042,-0.2938,92
vol_mom__mom_period63__vol_period63__skip0__vol_weight0.3,vol_mom,DIA,composite,0.1111,-0.441,-0.4432,199
vol_mom__mom_period126__vol_period126__skip21__vol_weight0.3,vol_mom,DIA,composite,0.2923,-0.1108,-0.4013,115
seasonality__n_years2,seasonality,DIA,pattern,0.5387,0.1355,-0.2815,78
seasonality__n_years3,seasonality,DIA,pattern,0.8588,-0.586,-0.4322,74
seasonality__n_years5,seasonality,DIA,pattern,0.6059,0.0618,-0.313,68
residual_mom__lookback252__skip21,residual_mom,DIA,trend,0.5894,0.3563,-0.2374,54
residual_mom__lookback252__skip0,residual_mom,DIA,trend,0.5339,0.481,-0.1536,54
residual_mom__lookback126__skip21,residual_mom,DIA,trend,0.3992,0.119,-0.3467,109
vol_scaled_mom__rv_window21__vol_target0.12__damp0.5,vol_scaled_mom,DIA,trend,0.6537,0.1531,-0.2531,1705
vol_scaled_mom__rv_window21__vol_target0.08__damp0.5,vol_scaled_mom,DIA,trend,0.6747,0.067,-0.1954,2917
vol_scaled_mom__rv_window63__vol_target0.12__damp0.5,vol_scaled_mom,DIA,trend,0.702,0.2555,-0.2416,1791
vol_scaled_mom__rv_window21__vol_target0.12__damp0.0,vol_scaled_mom,DIA,trend,0.6488,0.1531,-0.2531,1704
vol_scaled_mom__rv_window21__vol_target0.15__damp0.5,vol_scaled_mom,DIA,trend,0.5983,0.2053,-0.2802,1071
dema_crossover__fast5__slow20,dema_crossover,DIA,trend,0.2417,-0.4734,-0.3478,407
dema_crossover__fast10__slow40,dema_crossover,DIA,trend,0.1122,-0.6883,-0.4562,239
dema_crossover__fast12__slow26,dema_crossover,DIA,trend,0.3439,-0.692,-0.4505,241
dema_crossover__fast20__slow50,dema_crossover,DIA,trend,-0.0919,-0.7684,-0.4663,135
dema_crossover__fast10__slow30,dema_crossover,DIA,trend,0.3437,-0.6279,-0.4074,251
tema_crossover__fast5__slow20,tema_crossover,DIA,trend,0.1556,-0.061,-0.3033,554
tema_crossover__fast10__slow40,tema_crossover,DIA,trend,0.2932,-0.6484,-0.4319,303
tema_crossover__fast12__slow26,tema_crossover,DIA,trend,0.3205,-0.7055,-0.4251,313
tema_crossover__fast20__slow50,tema_crossover,DIA,trend,0.3083,-0.6386,-0.4276,185
tema_crossover__fast10__slow30,tema_crossover,DIA,trend,0.3326,-0.5829,-0.3891,317
price_acceleration__period10__smooth3,price_acceleration,DIA,trend,-0.0818,-0.1418,-0.3722,1010
price_acceleration__period20__smooth5,price_acceleration,DIA,trend,0.3208,-0.4806,-0.3966,740
price_acceleration__period20__smooth3,price_acceleration,DIA,trend,-0.0255,-0.6209,-0.5005,996
price_acceleration__period30__smooth5,price_acceleration,DIA,trend,0.0651,-0.3368,-0.2732,796
price_acceleration__period40__smooth10,price_acceleration,DIA,trend,0.2447,-0.9405,-0.5292,558
price_acceleration__period10__smooth5,price_acceleration,DIA,trend,-0.0874,0.0723,-0.2667,791
turn_of_month__days_before3__days_after3,turn_of_month,DIA,pattern,0.7221,0.1927,-0.1239,360
turn_of_month__days_before4__days_after4,turn_of_month,DIA,pattern,0.913,0.4251,-0.0894,360
turn_of_month__days_before5__days_after5,turn_of_month,DIA,pattern,1.0002,0.7269,-0.113,360
turn_of_month__days_before3__days_after5,turn_of_month,DIA,pattern,0.9223,0.3669,-0.1663,360
trend_intensity__period20,trend_intensity,DIA,trend,-0.107,0.965,-0.0599,414
trend_intensity__period30,trend_intensity,DIA,trend,0.0078,0.8185,-0.0639,304
trend_intensity__period50,trend_intensity,DIA,trend,0.0277,0.2736,-0.0506,152
trend_intensity__period63,trend_intensity,DIA,trend,0.2705,0.285,-0.0814,160
ma_regime_momentum__regime_ma200__mom_period126__skip21,ma_regime_momentum,DIA,trend,0.373,-0.0553,-0.3366,215
ma_regime_momentum__regime_ma200__mom_period252__skip21,ma_regime_momentum,DIA,trend,0.447,0.1253,-0.2646,152
ma_regime_momentum__regime_ma200__mom_period63__skip0,ma_regime_momentum,DIA,trend,0.236,-0.2404,-0.3804,296
ma_regime_momentum__regime_ma100__mom_period126__skip21,ma_regime_momentum,DIA,trend,0.4213,-0.4571,-0.3702,289
ma_regime_momentum__regime_ma50__mom_period63__skip0,ma_regime_momentum,DIA,trend,0.0822,-0.5226,-0.4055,405
fisher_transform__period5,fisher_transform,DIA,trend,-0.0005,-0.0145,-0.2807,879
fisher_transform__period10,fisher_transform,DIA,trend,0.0001,0.0036,-0.2879,581
fisher_transform__period20,fisher_transform,DIA,trend,0.1427,-0.734,-0.5109,410
fisher_transform__period30,fisher_transform,DIA,trend,0.308,-0.7009,-0.4286,301
relative_vigor__period10,relative_vigor,DIA,trend,0.4689,0.5123,-0.1713,1089
relative_vigor__period14,relative_vigor,DIA,trend,0.4689,0.5123,-0.1713,1089
relative_vigor__period20,relative_vigor,DIA,trend,0.4689,0.5123,-0.1713,1089
chande_momentum__period14__threshold0.0,chande_momentum,DIA,trend,0.3114,-0.9289,-0.5419,408
chande_momentum__period20__threshold0.0,chande_momentum,DIA,trend,0.3258,-0.6946,-0.4156,325
chande_momentum__period20__threshold10.0,chande_momentum,DIA,trend,0.2243,-1.0751,-0.505,655
chande_momentum__period30__threshold0.0,chande_momentum,DIA,trend,0.1136,-0.4266,-0.3301,265
chande_momentum__period9__threshold0.0,chande_momentum,DIA,trend,0.3234,-1.1297,-0.5608,518
demarker__period14__hi_thresh0.7__lo_thresh0.3,demarker,DIA,meanrev,-0.2739,0.6691,-0.0872,455
demarker__period14__hi_thresh0.8__lo_thresh0.2,demarker,DIA,meanrev,0.0326,1.0356,-0.0355,240
demarker__period21__hi_thresh0.7__lo_thresh0.3,demarker,DIA,meanrev,-0.2336,1.2304,-0.0484,307
demarker__period9__hi_thresh0.7__lo_thresh0.3,demarker,DIA,meanrev,-0.3911,0.7187,-0.0943,673
stoch_rsi__rsi_period14__stoch_period14__lo20.0__hi80.0,stoch_rsi,DIA,meanrev,-0.5522,0.5101,-0.1156,722
stoch_rsi__rsi_period14__stoch_period14__lo10.0__hi90.0,stoch_rsi,DIA,meanrev,-0.6965,0.2263,-0.1013,612
stoch_rsi__rsi_period7__stoch_period14__lo20.0__hi80.0,stoch_rsi,DIA,meanrev,-0.3683,0.0643,-0.1262,802
stoch_rsi__rsi_period21__stoch_period21__lo20.0__hi80.0,stoch_rsi,DIA,meanrev,-0.4814,0.6668,-0.0936,554
hurst_regime__period100__trend_thresh0.55__mr_thresh0.45,hurst_regime,DIA,trend,0.0419,-0.6005,-0.2498,348
hurst_regime__period60__trend_thresh0.55__mr_thresh0.45,hurst_regime,DIA,trend,0.0721,-0.8483,-0.3077,513
hurst_regime__period100__trend_thresh0.58__mr_thresh0.42,hurst_regime,DIA,trend,0.1492,-0.3098,-0.0686,114
psych_line__period12__hi_thresh75.0__lo_thresh25.0,psych_line,DIA,meanrev,-0.0056,-0.0165,-0.045,104
psych_line__period12__hi_thresh65.0__lo_thresh35.0,psych_line,DIA,meanrev,-0.289,0.3952,-0.093,614
psych_line__period20__hi_thresh70.0__lo_thresh30.0,psych_line,DIA,meanrev,-0.0784,-0.082,-0.0367,132
er_regime__er_period10__mom_period20__er_thresh0.4,er_regime,DIA,trend,0.0621,-0.3554,-0.2127,1499
er_regime__er_period10__mom_period20__er_thresh0.3,er_regime,DIA,trend,0.3911,-0.2057,-0.248,1484
er_regime__er_period14__mom_period20__er_thresh0.4,er_regime,DIA,trend,0.1347,-0.4777,-0.3241,1273
er_regime__er_period20__mom_period40__er_thresh0.4,er_regime,DIA,trend,-0.0048,-0.1336,-0.2906,990
er_regime__er_period10__mom_period10__er_thresh0.4,er_regime,DIA,trend,-0.1769,-0.307,-0.2589,1704
mcginley_dynamic__fast5__slow20,mcginley_dynamic,DIA,trend,0.3863,-0.6951,-0.4317,181
mcginley_dynamic__fast10__slow40,mcginley_dynamic,DIA,trend,0.4241,-0.11,-0.3052,85
mcginley_dynamic__fast12__slow26,mcginley_dynamic,DIA,trend,0.1099,-0.5458,-0.3946,113
mcginley_dynamic__fast5__slow14,mcginley_dynamic,DIA,trend,0.2774,-0.9127,-0.5034,237
cci_trend__period14__threshold50.0,cci_trend,DIA,trend,0.3602,-0.5486,-0.3437,902
cci_trend__period20__threshold50.0,cci_trend,DIA,trend,0.273,-1.0312,-0.4763,756
cci_trend__period20__threshold100.0,cci_trend,DIA,trend,0.4275,-0.9281,-0.3564,803
cci_trend__period30__threshold50.0,cci_trend,DIA,trend,0.2697,-0.7344,-0.3802,594
cci_trend__period14__threshold100.0,cci_trend,DIA,trend,0.2414,-0.6358,-0.3341,973
volume_roc__period10__signal_period5,volume_roc,DIA,volume,0.4894,-0.6592,-0.3042,835
volume_roc__period14__signal_period10,volume_roc,DIA,volume,0.4491,-0.0501,-0.2473,640
volume_roc__period20__signal_period10,volume_roc,DIA,volume,0.2738,0.1322,-0.1266,518
volume_roc__period5__signal_period3,volume_roc,DIA,volume,-0.0099,0.1013,-0.1506,1224
hv_ratio__fast_period10__slow_period100__thresh_hi1.5__thresh_lo0.7,hv_ratio,DIA,volatility,0.297,-0.0019,-0.1935,442
hv_ratio__fast_period10__slow_period60__thresh_hi1.5__thresh_lo0.7,hv_ratio,DIA,volatility,0.136,-0.02,-0.1394,415
hv_ratio__fast_period21__slow_period100__thresh_hi1.5__thresh_lo0.7,hv_ratio,DIA,volatility,-0.2574,0.3288,-0.0738,181
hv_ratio__fast_period10__slow_period100__thresh_hi2.0__thresh_lo0.5,hv_ratio,DIA,volatility,-0.0744,-0.4782,-0.1292,195
zscore_trend__z_period20__trend_period50__z_thresh1.5,zscore_trend,DIA,meanrev,-0.1125,0.9409,-0.0013,80
zscore_trend__z_period20__trend_period50__z_thresh1.0,zscore_trend,DIA,meanrev,0.0854,-0.1236,-0.0753,188
zscore_trend__z_period20__trend_period100__z_thresh1.5,zscore_trend,DIA,meanrev,0.0221,0.2583,-0.0589,184
zscore_trend__z_period30__trend_period100__z_thresh2.0,zscore_trend,DIA,meanrev,0.2121,0.2929,-0.0229,66
cmo_fisher__fisher_period10__cmo_period14__score_thresh0.3,cmo_fisher,DIA,trend,0.1146,-0.702,-0.2656,807
cmo_fisher__fisher_period10__cmo_period14__score_thresh0.2,cmo_fisher,DIA,trend,0.2867,-0.4805,-0.2345,894
cmo_fisher__fisher_period14__cmo_period20__score_thresh0.3,cmo_fisher,DIA,trend,0.191,-0.2738,-0.1274,674
cmo_fisher__fisher_period8__cmo_period14__score_thresh0.2,cmo_fisher,DIA,trend,0.168,-0.5375,-0.2481,1010
rvi_divergence__rvi_period10__lookback5,rvi_divergence,DIA,meanrev,-0.3104,0.2628,-0.0175,24
rvi_divergence__rvi_period10__lookback8,rvi_divergence,DIA,meanrev,0.0101,-0.3277,-0.0574,16
rvi_divergence__rvi_period14__lookback5,rvi_divergence,DIA,meanrev,-0.3104,0.2628,-0.0175,24
adaptive_rsi__base_period14__fast_n2__slow_n30,adaptive_rsi,DIA,meanrev,-0.0428,0.3493,-0.2242,258
adaptive_rsi__base_period14__fast_n2__slow_n60,adaptive_rsi,DIA,meanrev,-0.0114,0.28,-0.2257,242
adaptive_rsi__base_period9__fast_n2__slow_n30,adaptive_rsi,DIA,meanrev,-0.2337,0.7243,-0.1751,362
adaptive_rsi__base_period21__fast_n2__slow_n30,adaptive_rsi,DIA,meanrev,0.1298,0.1118,-0.2171,178
elder_impulse__ema_period8,elder_impulse,DIA,composite,-0.1876,0.2708,-0.157,1392
elder_impulse__ema_period13,elder_impulse,DIA,composite,-0.3021,0.0185,-0.2203,1376
elder_impulse__ema_period20,elder_impulse,DIA,composite,-0.2454,-0.2479,-0.2781,1314
klinger_osc__fast34__slow55__signal13,klinger_osc,DIA,volume,0.3504,-0.3204,-0.3002,687
klinger_osc__fast21__slow34__signal9,klinger_osc,DIA,volume,0.04,0.2865,-0.2196,853
klinger_osc__fast55__slow89__signal13,klinger_osc,DIA,volume,0.1636,0.0597,-0.2397,625
price_oscillator__fast10__slow30__signal9,price_oscillator,DIA,trend,0.4015,-0.9035,-0.4958,311
price_oscillator__fast12__slow26__signal9,price_oscillator,DIA,trend,0.4849,-0.871,-0.4888,299
price_oscillator__fast5__slow20__signal5,price_oscillator,DIA,trend,0.3632,-0.2028,-0.2494,549
price_oscillator__fast20__slow50__signal9,price_oscillator,DIA,trend,0.1228,-0.6553,-0.4385,233
baz_trend__ewmstd_span42,baz_trend,DIA,trend,0.1371,-0.3554,-0.4189,79
baz_trend__ewmstd_span63,baz_trend,DIA,trend,0.1371,-0.3554,-0.4189,79
baz_trend__ewmstd_span126,baz_trend,DIA,trend,0.1371,-0.3554,-0.4189,79
intermediate_mom__start252__end126,intermediate_mom,DIA,trend,0.5902,0.3788,-0.2608,127
intermediate_mom__start189__end105,intermediate_mom,DIA,trend,0.5831,0.9085,-0.1623,158
intermediate_mom__start168__end84,intermediate_mom,DIA,trend,0.3951,0.2366,-0.2826,158
intermediate_mom__start252__end63,intermediate_mom,DIA,trend,1.0063,0.3585,-0.1814,114
mom_crash_protect__bear_lookback504__bear_thresh-0.2__damp0.0,mom_crash_protect,DIA,trend,0.5911,0.2153,-0.3029,58
mom_crash_protect__bear_lookback504__bear_thresh-0.2__damp0.25,mom_crash_protect,DIA,trend,0.5911,0.2153,-0.3029,58
mom_crash_protect__bear_lookback252__bear_thresh-0.2__damp0.0,mom_crash_protect,DIA,trend,0.5911,0.2153,-0.3029,58
mom_crash_protect__bear_lookback504__bear_thresh-0.25__damp0.0,mom_crash_protect,DIA,trend,0.5911,0.2153,-0.3029,58
consistent_mom__consistency_thresh0.5,consistent_mom,DIA,trend,0.7802,0.2269,-0.2979,232
consistent_mom__consistency_thresh0.58,consistent_mom,DIA,trend,0.7887,0.3063,-0.1918,307
consistent_mom__consistency_thresh0.67,consistent_mom,DIA,trend,0.7133,0.2088,-0.1569,616
signed_range_mom__period10__threshold0.1,signed_range_mom,DIA,trend,0.222,-0.4132,-0.2898,997
signed_range_mom__period21__threshold0.1,signed_range_mom,DIA,trend,0.193,-0.29,-0.1841,719
signed_range_mom__period21__threshold0.15,signed_range_mom,DIA,trend,0.0474,-0.5842,-0.2581,646
signed_range_mom__period42__threshold0.1,signed_range_mom,DIA,trend,-0.1598,-0.4873,-0.2893,504
signed_range_mom__period63__threshold0.1,signed_range_mom,DIA,trend,-0.31,-0.2576,-0.1938,350
multi_tsmom,multi_tsmom,DIA,trend,0.3773,-0.03,-0.3369,321
"multi_tsmom__lookbacks(63, 126, 252)",multi_tsmom,DIA,trend,0.2459,0.2573,-0.2994,134
"multi_tsmom__lookbacks(21, 63, 252)",multi_tsmom,DIA,trend,0.2508,-0.171,-0.3696,226
"multi_tsmom__lookbacks(21, 63, 126, 252)__weights(0.4, 0.3, 0.2, 0.1)",multi_tsmom,DIA,trend,0.4134,-0.3117,-0.4237,222
"multi_tsmom__lookbacks(21, 63, 126, 252)__weights(0.1, 0.2, 0.3, 0.4)",multi_tsmom,DIA,trend,0.2878,0.3795,-0.2436,145
ma_crossover__fast5__slow20__kindsma,ma_crossover,XLK,trend,0.0813,-0.5186,-0.5009,213
ma_crossover__fast10__slow30__kindsma,ma_crossover,XLK,trend,-0.041,0.1509,-0.3494,133
ma_crossover__fast20__slow50__kindsma,ma_crossover,XLK,trend,0.2067,-0.4672,-0.5257,78
ma_crossover__fast50__slow100__kindsma,ma_crossover,XLK,trend,0.4577,0.3909,-0.2465,28
ma_crossover__fast50__slow200__kindsma,ma_crossover,XLK,trend,0.6244,0.5691,-0.255,14
ma_crossover__fast100__slow200__kindsma,ma_crossover,XLK,trend,0.941,0.4759,-0.2503,11
ma_crossover__fast10__slow50__kindsma,ma_crossover,XLK,trend,0.0688,-0.3809,-0.4679,96
ma_crossover__fast20__slow100__kindsma,ma_crossover,XLK,trend,0.2925,0.4001,-0.2638,39
ma_crossover__fast5__slow20__kindema,ma_crossover,XLK,trend,0.128,-0.6554,-0.5628,218
ma_crossover__fast12__slow26__kindema,ma_crossover,XLK,trend,-0.1231,-0.4615,-0.514,140
ma_crossover__fast10__slow50__kindema,ma_crossover,XLK,trend,0.0062,-0.4521,-0.4941,112
ma_crossover__fast20__slow100__kindema,ma_crossover,XLK,trend,0.49,0.2391,-0.3865,36
ts_momentum__period21,ts_momentum,XLK,trend,0.3163,-0.4432,-0.4756,329
ts_momentum__period42,ts_momentum,XLK,trend,0.2427,-0.0498,-0.3145,224
ts_momentum__period63,ts_momentum,XLK,trend,0.015,-0.4457,-0.4708,168
ts_momentum__period126,ts_momentum,XLK,trend,0.0709,0.5351,-0.2896,115
ts_momentum__period252,ts_momentum,XLK,trend,0.57,0.4387,-0.2778,42
roc_momentum__period5,roc_momentum,XLK,trend,-0.5623,-0.3475,-0.4093,769
roc_momentum__period10,roc_momentum,XLK,trend,0.0608,-0.6321,-0.5438,502
roc_momentum__period20,roc_momentum,XLK,trend,0.3309,-0.613,-0.5764,345
roc_momentum__period30,roc_momentum,XLK,trend,-0.0751,-0.5554,-0.5046,261
roc_momentum__period60,roc_momentum,XLK,trend,0.121,-0.2966,-0.3948,165
macd_signal__fast12__slow26__signal9,macd_signal,XLK,trend,0.0362,-0.2779,-0.4185,315
macd_signal__fast8__slow17__signal9,macd_signal,XLK,trend,-0.1428,-0.4339,-0.4058,411
macd_signal__fast5__slow35__signal5,macd_signal,XLK,trend,-0.1874,-0.5839,-0.4742,537
macd_signal__fast3__slow10__signal16,macd_signal,XLK,trend,-0.3509,-0.5251,-0.4904,607
donchian_breakout__period10,donchian_breakout,XLK,trend,-0.3529,-0.0606,-0.1941,1076
donchian_breakout__period20,donchian_breakout,XLK,trend,-0.3806,-0.1106,-0.2191,834
donchian_breakout__period30,donchian_breakout,XLK,trend,-0.4675,-0.2849,-0.2178,712
donchian_breakout__period40,donchian_breakout,XLK,trend,-0.468,-0.0791,-0.1369,640
donchian_breakout__period55,donchian_breakout,XLK,trend,-0.5519,0.1371,-0.0959,580
bb_breakout__period20__std1.5,bb_breakout,XLK,trend,-0.3948,-0.7636,-0.3665,828
bb_breakout__period20__std2.0,bb_breakout,XLK,trend,-0.3959,-0.6538,-0.2242,394
bb_breakout__period20__std2.5,bb_breakout,XLK,trend,-0.3263,-0.2557,-0.1684,118
bb_breakout__period30__std2.0,bb_breakout,XLK,trend,-0.4745,-0.8225,-0.3213,370
bb_breakout__period50__std2.0,bb_breakout,XLK,trend,-0.2307,-0.6163,-0.2691,278
supertrend__period7__mult2.0,supertrend,XLK,trend,-0.0917,-0.5007,-0.4897,225
supertrend__period7__mult3.0,supertrend,XLK,trend,0.0647,-0.3295,-0.4878,122
supertrend__period10__mult3.0,supertrend,XLK,trend,0.0172,-0.1806,-0.4143,120
supertrend__period14__mult2.0,supertrend,XLK,trend,-0.1336,-0.6701,-0.5471,232
supertrend__period14__mult3.0,supertrend,XLK,trend,-0.1602,0.0273,-0.356,122
parabolic_sar__step0.01__max_af0.1,parabolic_sar,XLK,trend,0.1717,-0.3538,-0.379,228
parabolic_sar__step0.02__max_af0.2,parabolic_sar,XLK,trend,-0.5169,-0.2683,-0.34,374
parabolic_sar__step0.03__max_af0.2,parabolic_sar,XLK,trend,-0.2801,-0.5198,-0.4777,456
parabolic_sar__step0.05__max_af0.2,parabolic_sar,XLK,trend,-0.2926,-0.3857,-0.4268,570
adx_trend__period14__threshold20,adx_trend,XLK,trend,-0.0678,-0.9293,-0.5601,267
adx_trend__period14__threshold25,adx_trend,XLK,trend,-0.085,-1.0006,-0.5286,189
adx_trend__period14__threshold30,adx_trend,XLK,trend,-0.272,-0.7529,-0.3922,118
adx_trend__period21__threshold20,adx_trend,XLK,trend,-0.5396,-0.8066,-0.47,147
adx_trend__period21__threshold25,adx_trend,XLK,trend,0.046,-0.7037,-0.342,75
ichimoku__tenkan9__kijun26__senkou_b52,ichimoku,XLK,trend,0.0063,0.3067,-0.2896,436
ichimoku__tenkan7__kijun22__senkou_b44,ichimoku,XLK,trend,0.1616,-0.303,-0.4039,492
linreg_slope__period10,linreg_slope,XLK,trend,-0.311,-0.3986,-0.4251,370
linreg_slope__period20,linreg_slope,XLK,trend,-0.0473,-0.1085,-0.4515,158
linreg_slope__period30,linreg_slope,XLK,trend,0.0854,0.0791,-0.3331,103
linreg_slope__period50,linreg_slope,XLK,trend,0.0873,-0.4418,-0.5028,67
aroon__period14,aroon,XLK,trend,0.0045,-0.6292,-0.5739,237
aroon__period25,aroon,XLK,trend,-0.0357,0.0665,-0.3037,133
aroon__period50,aroon,XLK,trend,0.2643,-0.8268,-0.6275,67
vortex__period10,vortex,XLK,trend,0.146,-0.381,-0.473,434
vortex__period14,vortex,XLK,trend,-0.0374,-0.7369,-0.647,342
vortex__period21,vortex,XLK,trend,0.1212,-0.4949,-0.538,291
trix__period9,trix,XLK,trend,0.0972,0.0017,-0.3934,137
trix__period12,trix,XLK,trend,0.0417,-0.3648,-0.5195,107
trix__period18,trix,XLK,trend,0.3057,-0.4129,-0.4768,71
hull_ma__period14,hull_ma,XLK,trend,-0.4111,-0.3772,-0.3876,565
hull_ma__period20,hull_ma,XLK,trend,-0.1599,-0.4952,-0.4516,418
hull_ma__period30,hull_ma,XLK,trend,0.2454,-0.3395,-0.3846,287
hull_ma__period50,hull_ma,XLK,trend,0.013,-0.6042,-0.572,184
kama__period5,kama,XLK,trend,-0.5957,0.3117,-0.3614,2048
kama__period10,kama,XLK,trend,-0.2027,0.0,0.0,153
kama__period20,kama,XLK,trend,-0.8605,0.0,0.0,41
turtle__entry20__exit_p10,turtle,XLK,trend,-0.3806,-0.1106,-0.2191,834
turtle__entry55__exit_p20,turtle,XLK,trend,-0.5519,0.1371,-0.0959,580
turtle__entry10__exit_p5,turtle,XLK,trend,-0.3529,-0.0606,-0.1941,1076
dual_momentum__period63,dual_momentum,XLK,trend,0.7304,0.1141,-0.2471,169
dual_momentum__period126,dual_momentum,XLK,trend,0.7686,0.6415,-0.1708,115
dual_momentum__period252,dual_momentum,XLK,trend,0.8625,0.5481,-0.2013,43
elder_ray__period13,elder_ray,XLK,trend,-0.0012,-0.6351,-0.5413,567
elder_ray__period21,elder_ray,XLK,trend,0.0154,-0.369,-0.4105,463
elder_ray__period34,elder_ray,XLK,trend,0.1656,-0.2736,-0.4256,353
rsi_reversion__period7__lo30__hi70,rsi_reversion,XLK,meanrev,0.3926,0.6719,-0.0845,662
rsi_reversion__period7__lo25__hi75,rsi_reversion,XLK,meanrev,0.342,0.5058,-0.0876,444
rsi_reversion__period14__lo30__hi70,rsi_reversion,XLK,meanrev,0.5839,0.3945,-0.0649,250
rsi_reversion__period14__lo25__hi75,rsi_reversion,XLK,meanrev,0.5425,0.5714,-0.0391,96
rsi_reversion__period14__lo35__hi65,rsi_reversion,XLK,meanrev,0.2958,0.7405,-0.0995,450
rsi_reversion__period21__lo30__hi70,rsi_reversion,XLK,meanrev,0.3833,0.4074,-0.037,98
rsi_reversion__period21__lo25__hi75,rsi_reversion,XLK,meanrev,0.2517,0.6123,-0.0001,34
rsi_reversion__period28__lo30__hi70,rsi_reversion,XLK,meanrev,0.3126,0.0208,-0.0243,50
rsi_reversion__period30__lo30__hi70,rsi_reversion,XLK,meanrev,0.4317,0.3726,-0.0097,52
rsi_reversion__period30__lo25__hi75,rsi_reversion,XLK,meanrev,-0.0015,0.0,0.0,6
bb_reversion__period20__std1.5,bb_reversion,XLK,meanrev,0.2737,0.6693,-0.1094,828
bb_reversion__period20__std2.0,bb_reversion,XLK,meanrev,0.3053,0.5856,-0.0873,394
bb_reversion__period20__std2.5,bb_reversion,XLK,meanrev,0.2671,0.2211,-0.0896,118
bb_reversion__period30__std2.0,bb_reversion,XLK,meanrev,0.3965,0.7614,-0.1022,370
bb_reversion__period30__std2.5,bb_reversion,XLK,meanrev,0.6811,0.3346,-0.0836,116
bb_reversion__period50__std2.0,bb_reversion,XLK,meanrev,0.1722,0.5603,-0.094,278
zscore_reversion__period10__threshold1.0,zscore_reversion,XLK,meanrev,0.2952,0.2837,-0.1858,1303
zscore_reversion__period20__threshold1.5,zscore_reversion,XLK,meanrev,0.2737,0.6693,-0.1094,828
zscore_reversion__period20__threshold2.0,zscore_reversion,XLK,meanrev,0.3053,0.5856,-0.0873,394
zscore_reversion__period30__threshold1.5,zscore_reversion,XLK,meanrev,0.2163,0.6844,-0.0897,708
zscore_reversion__period30__threshold2.0,zscore_reversion,XLK,meanrev,0.3965,0.7614,-0.1022,370
zscore_reversion__period60__threshold2.0,zscore_reversion,XLK,meanrev,0.5132,0.591,-0.0933,278
stochastic__k5__d3__lo20__hi80,stochastic,XLK,meanrev,0.4351,0.1734,-0.1923,860
stochastic__k14__d3__lo20__hi80,stochastic,XLK,meanrev,0.1684,0.422,-0.165,594
stochastic__k14__d3__lo30__hi70,stochastic,XLK,meanrev,-0.0397,0.4516,-0.2215,618
stochastic__k14__d5__lo20__hi80,stochastic,XLK,meanrev,-0.0613,0.6395,-0.2233,446
stochastic__k21__d3__lo20__hi80,stochastic,XLK,meanrev,-0.1264,0.0807,-0.2369,472
cci_reversion__period14__threshold100,cci_reversion,XLK,meanrev,0.1093,0.2791,-0.1611,939
cci_reversion__period14__threshold150,cci_reversion,XLK,meanrev,0.2191,0.3288,-0.1314,564
cci_reversion__period20__threshold100,cci_reversion,XLK,meanrev,0.0659,0.3808,-0.1396,770
cci_reversion__period20__threshold150,cci_reversion,XLK,meanrev,0.3943,0.7586,-0.0836,496
cci_reversion__period30__threshold100,cci_reversion,XLK,meanrev,0.243,0.2218,-0.1706,631
williams_r__period14__lo-80__hi-20,williams_r,XLK,meanrev,0.1286,0.5876,-0.1559,1050
williams_r__period14__lo-90__hi-10,williams_r,XLK,meanrev,0.4384,-0.2038,-0.1745,1064
williams_r__period21__lo-80__hi-20,williams_r,XLK,meanrev,0.1674,0.7588,-0.1595,879
williams_r__period28__lo-80__hi-20,williams_r,XLK,meanrev,0.122,0.4243,-0.1921,729
keltner_reversion__period20__mult1.5,keltner_reversion,XLK,meanrev,-0.0471,0.7029,-0.0984,680
keltner_reversion__period20__mult2.0,keltner_reversion,XLK,meanrev,0.2477,0.8203,-0.1261,490
keltner_reversion__period20__mult2.5,keltner_reversion,XLK,meanrev,0.7982,1.1832,-0.0472,322
keltner_reversion__period30__mult2.0,keltner_reversion,XLK,meanrev,0.0445,0.8147,-0.1173,562
vwap_reversion__period20__z_thresh1.0,vwap_reversion,XLK,meanrev,-0.2049,0.6004,-0.1831,801
vwap_reversion__period20__z_thresh1.5,vwap_reversion,XLK,meanrev,0.0702,0.6593,-0.1306,712
vwap_reversion__period20__z_thresh2.0,vwap_reversion,XLK,meanrev,0.4726,0.3862,-0.1129,526
percent_b__period20__std2.0__lo0.05__hi0.95,percent_b,XLK,meanrev,0.6613,0.8259,-0.0836,588
percent_b__period20__std2.0__lo0.1__hi0.9,percent_b,XLK,meanrev,0.5627,0.6828,-0.0889,742
percent_b__period20__std2.0__lo0.2__hi0.8,percent_b,XLK,meanrev,0.1207,0.5066,-0.1411,913
percent_b__period30__std2.0__lo0.2__hi0.8,percent_b,XLK,meanrev,0.1752,0.4216,-0.1745,762
connors_rsi__rsi_period3__streak_period2__rank_period100,connors_rsi,XLK,meanrev,0.2873,0.4099,-0.1545,1210
connors_rsi__rsi_period2__streak_period3__rank_period100,connors_rsi,XLK,meanrev,0.3524,0.7354,-0.1033,1260
ultimate_osc__p17__p214__p328,ultimate_osc,XLK,meanrev,0.2046,0.4614,-0.0838,260
ultimate_osc__p14__p28__p316,ultimate_osc,XLK,meanrev,0.31,-0.008,-0.1534,620
gap_fade__threshold0.01,gap_fade,XLK,meanrev,-0.103,-0.4557,-0.2778,818
gap_fade__threshold0.015,gap_fade,XLK,meanrev,0.1163,-0.2566,-0.1068,349
gap_fade__threshold0.02,gap_fade,XLK,meanrev,0.2378,-0.22,-0.0712,173
obv_trend__period10,obv_trend,XLK,volume,-0.2116,-0.3325,-0.4356,799
obv_trend__period20,obv_trend,XLK,volume,0.1946,-0.4797,-0.4993,489
obv_trend__period50,obv_trend,XLK,volume,0.0975,-0.5582,-0.5489,292
chaikin_mf__period10,chaikin_mf,XLK,volume,-0.2618,-0.0788,-0.3871,494
chaikin_mf__period20,chaikin_mf,XLK,volume,-0.1317,-0.255,-0.437,339
chaikin_mf__period21,chaikin_mf,XLK,volume,-0.0653,-0.2263,-0.4778,321
mfi__period10,mfi,XLK,volume,0.2443,-0.5035,-0.1262,302
mfi__period14,mfi,XLK,volume,0.2436,0.3302,-0.095,168
mfi__period21,mfi,XLK,volume,0.2291,-0.4675,-0.0837,52
volume_surge__period10__mult1.5,volume_surge,XLK,volume,0.0707,-0.407,-0.1468,556
volume_surge__period20__mult2.0,volume_surge,XLK,volume,-0.2691,-0.2136,-0.0788,175
volume_surge__period20__mult3.0,volume_surge,XLK,volume,0.3909,-0.7583,-0.0783,30
force_index__period2,force_index,XLK,volume,-0.2815,-0.1077,-0.3704,1350
force_index__period13,force_index,XLK,volume,-0.2775,-0.6663,-0.5504,542
force_index__period20,force_index,XLK,volume,-0.0747,-0.9486,-0.6563,428
chaikin_osc__fast3__slow10,chaikin_osc,XLK,volume,-0.4781,0.1118,-0.3679,403
chaikin_osc__fast3__slow12,chaikin_osc,XLK,volume,-0.4713,-0.1253,-0.3855,367
chaikin_osc__fast5__slow12,chaikin_osc,XLK,volume,-0.1831,-0.0034,-0.3334,259
atr_breakout__period10__mult1.5,atr_breakout,XLK,volatility,-0.4061,-0.7181,-0.327,673
atr_breakout__period14__mult1.5,atr_breakout,XLK,volatility,-0.4166,-0.4616,-0.2781,720
atr_breakout__period14__mult2.0,atr_breakout,XLK,volatility,-0.4542,-1.0192,-0.3871,496
atr_breakout__period20__mult2.0,atr_breakout,XLK,volatility,-0.354,-0.6571,-0.3399,546
atr_breakout__period20__mult2.5,atr_breakout,XLK,volatility,-0.5759,-0.7894,-0.3476,398
vol_breakout__period10__mult0.5,vol_breakout,XLK,volatility,-0.4836,-0.4176,-0.4745,2561
vol_breakout__period20__mult1.0,vol_breakout,XLK,volatility,-0.8113,-0.2445,-0.318,2146
vol_breakout__period20__mult1.5,vol_breakout,XLK,volatility,-0.5412,-0.6873,-0.412,1411
vol_breakout__period30__mult1.0,vol_breakout,XLK,volatility,-0.7176,-0.4563,-0.3727,2083
squeeze_breakout__bb_period20__kc_period20__bb_std2.0__kc_mult1.5,squeeze_breakout,XLK,volatility,0.084,0.103,-0.2299,163
squeeze_breakout__bb_period20__kc_period20__bb_std2.0__kc_mult1.0,squeeze_breakout,XLK,volatility,0.0979,0.2096,-0.2299,113
squeeze_breakout__bb_period30__kc_period30__bb_std2.0__kc_mult1.5,squeeze_breakout,XLK,volatility,0.1666,0.113,-0.3236,73
engulfing,engulfing,XLK,pattern,-0.2482,0.459,-0.0675,538
three_bar_reversal,three_bar_reversal,XLK,pattern,0.0127,0.2159,-0.1681,910
higher_highs_lows__period5,higher_highs_lows,XLK,pattern,-0.3832,-0.494,-0.4267,771
higher_highs_lows__period10,higher_highs_lows,XLK,pattern,0.1459,-0.5696,-0.5452,392
higher_highs_lows__period20,higher_highs_lows,XLK,pattern,0.181,-0.077,-0.3326,217
pivot_bounce__period5,pivot_bounce,XLK,pattern,0.2687,0.0878,-0.1168,1313
pivot_bounce__period10,pivot_bounce,XLK,pattern,0.031,0.1072,-0.1007,1166
pivot_bounce__period20,pivot_bounce,XLK,pattern,0.0224,0.1636,-0.1681,966
macd_rsi_combo__fast12__slow26__signal9__rsi_period14__rsi_lo40__rsi_hi60,macd_rsi_combo,XLK,composite,-0.054,-0.5944,-0.3592,558
macd_rsi_combo__fast12__slow26__signal9__rsi_period14__rsi_lo45__rsi_hi55,macd_rsi_combo,XLK,composite,-0.0475,-0.6103,-0.4244,676
macd_rsi_combo__fast8__slow21__signal5__rsi_period14__rsi_lo40__rsi_hi60,macd_rsi_combo,XLK,composite,-0.1766,-0.6471,-0.3472,598
macd_rsi_combo__fast5__slow35__signal5__rsi_period14__rsi_lo40__rsi_hi60,macd_rsi_combo,XLK,composite,-0.1336,-0.5733,-0.3357,626
triple_screen__trend_period20__osc_period14__osc_lo40__osc_hi60,triple_screen,XLK,composite,0.0,0.0,0.0,0
triple_screen__trend_period30__osc_period14__osc_lo40__osc_hi60,triple_screen,XLK,composite,0.0,0.0,0.0,0
triple_screen__trend_period50__osc_period14__osc_lo35__osc_hi65,triple_screen,XLK,composite,0.0,0.0,0.0,0
triple_screen__trend_period20__osc_period7__osc_lo30__osc_hi70,triple_screen,XLK,composite,0.0,0.0,0.0,0
chandelier_exit__period14__mult2.0,chandelier_exit,XLK,composite,0.2247,-0.5731,-0.5051,513
chandelier_exit__period22__mult3.0,chandelier_exit,XLK,composite,0.3323,-0.3111,-0.459,314
chandelier_exit__period22__mult2.0,chandelier_exit,XLK,composite,0.0633,-0.7088,-0.5323,603
chandelier_exit__period10__mult2.0,chandelier_exit,XLK,composite,0.0174,-0.668,-0.5371,480
high52_momentum__period252__threshold0.7,high52_momentum,XLK,trend,0.4325,0.125,-0.3489,183
high52_momentum__period252__threshold0.75,high52_momentum,XLK,trend,0.3964,0.1913,-0.275,195
high52_momentum__period252__threshold0.8,high52_momentum,XLK,trend,0.4611,0.0072,-0.3162,211
high52_momentum__period126__threshold0.7,high52_momentum,XLK,trend,0.3728,-0.1996,-0.3457,287
high52_momentum__period126__threshold0.75,high52_momentum,XLK,trend,0.1929,-0.2088,-0.3518,329
short_reversal__period5,short_reversal,XLK,meanrev,0.4497,0.2452,-0.2769,769
short_reversal__period10,short_reversal,XLK,meanrev,-0.1328,0.5525,-0.2321,502
short_reversal__period15,short_reversal,XLK,meanrev,0.1128,0.317,-0.2925,392
short_reversal__period20,short_reversal,XLK,meanrev,-0.3773,0.5547,-0.2069,345
low_vol_regime__period20__ma_period60,low_vol_regime,XLK,volatility,0.0268,-0.1046,-0.1921,131
low_vol_regime__period20__ma_period120,low_vol_regime,XLK,volatility,0.0409,0.1475,-0.174,156
low_vol_regime__period60__ma_period120,low_vol_regime,XLK,volatility,0.3993,-0.1439,-0.2638,44
low_vol_regime__period20__ma_period252,low_vol_regime,XLK,volatility,0.3466,-0.013,-0.256,154
low_vol_regime__period60__ma_period252,low_vol_regime,XLK,volatility,0.1257,-0.2032,-0.3568,50
low_vol_regime__period120__ma_period252,low_vol_regime,XLK,volatility,0.18,0.0813,-0.2849,30
nr_breakout__nr_period4__exit_bars3,nr_breakout,XLK,pattern,0.3374,-0.6467,-0.3577,963
nr_breakout__nr_period4__exit_bars5,nr_breakout,XLK,pattern,0.3752,-0.3552,-0.4,746
nr_breakout__nr_period7__exit_bars3,nr_breakout,XLK,pattern,0.0284,-0.1052,-0.2236,681
nr_breakout__nr_period7__exit_bars5,nr_breakout,XLK,pattern,0.0126,0.3062,-0.2477,612
nr_breakout__nr_period10__exit_bars5,nr_breakout,XLK,pattern,-0.1973,0.3685,-0.1867,482
nr_breakout__nr_period10__exit_bars10,nr_breakout,XLK,pattern,-0.0736,0.1545,-0.2298,365
overnight_gap__period1__threshold0.001,overnight_gap,XLK,volume,-0.5301,0.3236,-0.2772,2388
overnight_gap__period1__threshold0.003,overnight_gap,XLK,volume,-0.3951,0.7138,-0.2133,2386
overnight_gap__period3__threshold0.001,overnight_gap,XLK,volume,0.0638,-0.1674,-0.4774,1510
overnight_gap__period3__threshold0.003,overnight_gap,XLK,volume,-0.151,-0.2398,-0.4029,1208
overnight_gap__period5__threshold0.001,overnight_gap,XLK,volume,-0.1171,-0.2009,-0.3327,1246
overnight_gap__period5__threshold0.003,overnight_gap,XLK,volume,-0.1856,-0.4852,-0.3223,764
coppock_curve__roc1252__roc2189__wma_period63,coppock_curve,XLK,trend,0.7949,0.6253,-0.2378,6
coppock_curve__roc1189__roc2126__wma_period42,coppock_curve,XLK,trend,0.6772,0.4651,-0.2735,10
coppock_curve__roc1126__roc2100__wma_period21,coppock_curve,XLK,trend,0.3643,0.4577,-0.333,22
bll_filter__pct0.005__hold0,bll_filter,XLK,trend,-0.3158,0.0056,-0.3781,1143
bll_filter__pct0.01__hold0,bll_filter,XLK,trend,-0.1493,-0.5935,-0.5468,787
bll_filter__pct0.02__hold0,bll_filter,XLK,trend,-0.4041,-0.5187,-0.5043,449
bll_filter__pct0.005__hold10,bll_filter,XLK,trend,-0.3674,0.0771,-0.3569,1223
bll_filter__pct0.01__hold10,bll_filter,XLK,trend,-0.177,-0.6104,-0.5279,919
bll_filter__pct0.01__hold20,bll_filter,XLK,trend,-0.1313,-0.6225,-0.5694,811
bll_filter__pct0.02__hold10,bll_filter,XLK,trend,-0.5993,-0.56,-0.4933,644
frog_in_pan__lookback252__skip21__id_cutoff0.5,frog_in_pan,XLK,trend,0.7826,0.6368,-0.2378,55
frog_in_pan__lookback252__skip21__id_cutoff0.45,frog_in_pan,XLK,trend,1.0176,0.0975,-0.2539,49
frog_in_pan__lookback252__skip0__id_cutoff0.5,frog_in_pan,XLK,trend,0.7667,0.5563,-0.2171,55
frog_in_pan__lookback126__skip21__id_cutoff0.5,frog_in_pan,XLK,trend,0.9745,0.4321,-0.1904,190
frog_in_pan__lookback126__skip21__id_cutoff0.45,frog_in_pan,XLK,trend,0.8522,0.2435,-0.1961,95
vol_mom__mom_period126__vol_period126__skip21__vol_weight0.5,vol_mom,XLK,composite,-0.1206,-0.0737,-0.3162,146
vol_mom__mom_period126__vol_period126__skip0__vol_weight0.5,vol_mom,XLK,composite,-0.1569,-0.127,-0.3377,141
vol_mom__mom_period252__vol_period126__skip21__vol_weight0.5,vol_mom,XLK,composite,0.3377,-0.0975,-0.3581,83
vol_mom__mom_period63__vol_period63__skip0__vol_weight0.3,vol_mom,XLK,composite,0.0532,-0.4457,-0.4708,159
vol_mom__mom_period126__vol_period126__skip21__vol_weight0.3,vol_mom,XLK,composite,0.3481,0.5985,-0.2028,107
seasonality__n_years2,seasonality,XLK,pattern,0.2361,0.3393,-0.2592,89
seasonality__n_years3,seasonality,XLK,pattern,0.3588,0.2813,-0.3103,81
seasonality__n_years5,seasonality,XLK,pattern,0.638,0.6163,-0.2378,68
residual_mom__lookback252__skip21,residual_mom,XLK,trend,0.7958,0.5967,-0.2378,42
residual_mom__lookback252__skip0,residual_mom,XLK,trend,0.691,0.4924,-0.227,42
residual_mom__lookback126__skip21,residual_mom,XLK,trend,0.614,0.3412,-0.3104,111
vol_scaled_mom__rv_window21__vol_target0.12__damp0.5,vol_scaled_mom,XLK,trend,0.8218,0.4179,-0.1762,2657
vol_scaled_mom__rv_window21__vol_target0.08__damp0.5,vol_scaled_mom,XLK,trend,0.8127,0.4068,-0.1325,3336
vol_scaled_mom__rv_window63__vol_target0.12__damp0.5,vol_scaled_mom,XLK,trend,0.7786,0.3911,-0.17,2977
vol_scaled_mom__rv_window21__vol_target0.12__damp0.0,vol_scaled_mom,XLK,trend,0.8451,0.4179,-0.1762,2653
vol_scaled_mom__rv_window21__vol_target0.15__damp0.5,vol_scaled_mom,XLK,trend,0.8303,0.4631,-0.1729,2077
dema_crossover__fast5__slow20,dema_crossover,XLK,trend,-0.1786,-0.6303,-0.5068,457
dema_crossover__fast10__slow40,dema_crossover,XLK,trend,-0.1523,-0.6176,-0.5994,231
dema_crossover__fast12__slow26,dema_crossover,XLK,trend,0.0494,-0.523,-0.4965,259
dema_crossover__fast20__slow50,dema_crossover,XLK,trend,-0.3094,-0.6244,-0.607,157
dema_crossover__fast10__slow30,dema_crossover,XLK,trend,0.0175,-0.4757,-0.4784,259
tema_crossover__fast5__slow20,tema_crossover,XLK,trend,-0.4648,-0.4621,-0.5044,591
tema_crossover__fast10__slow40,tema_crossover,XLK,trend,-0.0148,-0.3448,-0.4293,317
tema_crossover__fast12__slow26,tema_crossover,XLK,trend,-0.0303,-0.2672,-0.3837,309
tema_crossover__fast20__slow50,tema_crossover,XLK,trend,0.0641,-0.7527,-0.6368,183
tema_crossover__fast10__slow30,tema_crossover,XLK,trend,-0.062,-0.3004,-0.3919,331
price_acceleration__period10__smooth3,price_acceleration,XLK,trend,-0.3601,-0.1623,-0.4179,1024
price_acceleration__period20__smooth5,price_acceleration,XLK,trend,-0.11,-0.383,-0.4409,805
price_acceleration__period20__smooth3,price_acceleration,XLK,trend,0.1249,-1.0222,-0.652,1061
price_acceleration__period30__smooth5,price_acceleration,XLK,trend,-0.2284,-0.467,-0.4593,784
price_acceleration__period40__smooth10,price_acceleration,XLK,trend,-0.3528,0.143,-0.3057,588
price_acceleration__period10__smooth5,price_acceleration,XLK,trend,-0.4216,-0.4453,-0.4683,807
turn_of_month__days_before3__days_after3,turn_of_month,XLK,pattern,0.717,0.0902,-0.1958,360
turn_of_month__days_before4__days_after4,turn_of_month,XLK,pattern,0.8924,0.3523,-0.1913,360
turn_of_month__days_before5__days_after5,turn_of_month,XLK,pattern,0.8996,0.591,-0.1375,360
turn_of_month__days_before3__days_after5,turn_of_month,XLK,pattern,0.7954,0.2524,-0.1878,360
trend_intensity__period20,trend_intensity,XLK,trend,0.7208,0.4754,-0.1055,372
trend_intensity__period30,trend_intensity,XLK,trend,0.2819,0.3363,-0.0763,260
trend_intensity__period50,trend_intensity,XLK,trend,0.3354,0.7533,-0.0698,150
trend_intensity__period63,trend_intensity,XLK,trend,0.067,0.6282,-0.0896,154
ma_regime_momentum__regime_ma200__mom_period126__skip21,ma_regime_momentum,XLK,trend,0.5501,0.456,-0.2259,183
ma_regime_momentum__regime_ma200__mom_period252__skip21,ma_regime_momentum,XLK,trend,0.6641,0.443,-0.2426,112
ma_regime_momentum__regime_ma200__mom_period63__skip0,ma_regime_momentum,XLK,trend,0.2947,-0.118,-0.3838,222
ma_regime_momentum__regime_ma100__mom_period126__skip21,ma_regime_momentum,XLK,trend,0.3859,0.2013,-0.2609,276
ma_regime_momentum__regime_ma50__mom_period63__skip0,ma_regime_momentum,XLK,trend,0.0718,-0.569,-0.4719,414
fisher_transform__period5,fisher_transform,XLK,trend,-0.2652,-0.6168,-0.5276,906
fisher_transform__period10,fisher_transform,XLK,trend,-0.3372,-0.5761,-0.4922,602
fisher_transform__period20,fisher_transform,XLK,trend,0.0806,-0.1793,-0.3647,378
fisher_transform__period30,fisher_transform,XLK,trend,0.1423,0.0315,-0.2928,313
relative_vigor__period10,relative_vigor,XLK,trend,0.0207,-0.4357,-0.552,1087
relative_vigor__period14,relative_vigor,XLK,trend,0.0207,-0.4357,-0.552,1087
relative_vigor__period20,relative_vigor,XLK,trend,0.0207,-0.4357,-0.552,1087
chande_momentum__period14__threshold0.0,chande_momentum,XLK,trend,0.1545,-0.4076,-0.5273,414
chande_momentum__period20__threshold0.0,chande_momentum,XLK,trend,0.3291,-0.613,-0.5764,346
chande_momentum__period20__threshold10.0,chande_momentum,XLK,trend,0.092,-0.6696,-0.5039,625
chande_momentum__period30__threshold0.0,chande_momentum,XLK,trend,-0.0733,-0.5554,-0.5046,262
chande_momentum__period9__threshold0.0,chande_momentum,XLK,trend,-0.0699,-0.2536,-0.4361,528
demarker__period14__hi_thresh0.7__lo_thresh0.3,demarker,XLK,meanrev,0.3251,1.0578,-0.1088,506
demarker__period14__hi_thresh0.8__lo_thresh0.2,demarker,XLK,meanrev,0.5607,0.7175,-0.0982,238
demarker__period21__hi_thresh0.7__lo_thresh0.3,demarker,XLK,meanrev,0.0956,0.7434,-0.0779,298
demarker__period9__hi_thresh0.7__lo_thresh0.3,demarker,XLK,meanrev,0.1814,0.2005,-0.1958,718
stoch_rsi__rsi_period14__stoch_period14__lo20.0__hi80.0,stoch_rsi,XLK,meanrev,0.1155,0.165,-0.173,720
stoch_rsi__rsi_period14__stoch_period14__lo10.0__hi90.0,stoch_rsi,XLK,meanrev,0.0686,0.6747,-0.0917,618
stoch_rsi__rsi_period7__stoch_period14__lo20.0__hi80.0,stoch_rsi,XLK,meanrev,0.0241,0.3689,-0.1721,768
stoch_rsi__rsi_period21__stoch_period21__lo20.0__hi80.0,stoch_rsi,XLK,meanrev,-0.2652,0.1695,-0.1994,570
hurst_regime__period100__trend_thresh0.55__mr_thresh0.45,hurst_regime,XLK,trend,-0.3197,-0.7443,-0.3397,365
hurst_regime__period60__trend_thresh0.55__mr_thresh0.45,hurst_regime,XLK,trend,-0.3627,0.4183,-0.1791,502
hurst_regime__period100__trend_thresh0.58__mr_thresh0.42,hurst_regime,XLK,trend,-0.0231,-0.3751,-0.1289,103
psych_line__period12__hi_thresh75.0__lo_thresh25.0,psych_line,XLK,meanrev,0.0834,0.7341,-0.0219,120
psych_line__period12__hi_thresh65.0__lo_thresh35.0,psych_line,XLK,meanrev,-0.0806,0.2583,-0.1884,590
psych_line__period20__hi_thresh70.0__lo_thresh30.0,psych_line,XLK,meanrev,-0.0404,-0.0851,-0.0409,122
er_regime__er_period10__mom_period20__er_thresh0.4,er_regime,XLK,trend,-0.7527,0.1428,-0.2242,1541
er_regime__er_period10__mom_period20__er_thresh0.3,er_regime,XLK,trend,-0.4704,0.0506,-0.2681,1504
er_regime__er_period14__mom_period20__er_thresh0.4,er_regime,XLK,trend,-0.5515,-0.4043,-0.3843,1361
er_regime__er_period20__mom_period40__er_thresh0.4,er_regime,XLK,trend,0.2177,-0.0702,-0.333,1024
er_regime__er_period10__mom_period10__er_thresh0.4,er_regime,XLK,trend,-0.5754,-0.0051,-0.3547,1721
mcginley_dynamic__fast5__slow20,mcginley_dynamic,XLK,trend,0.0445,-0.6302,-0.5541,210
mcginley_dynamic__fast10__slow40,mcginley_dynamic,XLK,trend,0.0655,-0.4873,-0.5027,104
mcginley_dynamic__fast12__slow26,mcginley_dynamic,XLK,trend,-0.0288,-0.5984,-0.552,118
mcginley_dynamic__fast5__slow14,mcginley_dynamic,XLK,trend,0.1201,-0.6142,-0.5233,230
cci_trend__period14__threshold50.0,cci_trend,XLK,trend,-0.2587,-0.4647,-0.4298,918
cci_trend__period20__threshold50.0,cci_trend,XLK,trend,-0.0205,-0.7674,-0.5416,749
cci_trend__period20__threshold100.0,cci_trend,XLK,trend,-0.1588,-0.4534,-0.3193,770
cci_trend__period30__threshold50.0,cci_trend,XLK,trend,0.0586,-0.4779,-0.4392,572
cci_trend__period14__threshold100.0,cci_trend,XLK,trend,-0.2231,-0.3662,-0.2794,939
volume_roc__period10__signal_period5,volume_roc,XLK,volume,0.1485,-0.501,-0.2989,816
volume_roc__period14__signal_period10,volume_roc,XLK,volume,0.3114,0.0883,-0.2696,635
volume_roc__period20__signal_period10,volume_roc,XLK,volume,0.2944,-0.0826,-0.2762,585
volume_roc__period5__signal_period3,volume_roc,XLK,volume,-0.5799,-0.8062,-0.3686,1232
hv_ratio__fast_period10__slow_period100__thresh_hi1.5__thresh_lo0.7,hv_ratio,XLK,volatility,0.2306,0.8579,-0.1282,421
hv_ratio__fast_period10__slow_period60__thresh_hi1.5__thresh_lo0.7,hv_ratio,XLK,volatility,0.3358,0.455,-0.134,362
hv_ratio__fast_period21__slow_period100__thresh_hi1.5__thresh_lo0.7,hv_ratio,XLK,volatility,0.4135,-0.0125,-0.21,175
hv_ratio__fast_period10__slow_period100__thresh_hi2.0__thresh_lo0.5,hv_ratio,XLK,volatility,0.1695,0.0703,-0.1015,155
zscore_trend__z_period20__trend_period50__z_thresh1.5,zscore_trend,XLK,meanrev,0.0502,0.2972,-0.0563,86
zscore_trend__z_period20__trend_period50__z_thresh1.0,zscore_trend,XLK,meanrev,0.3222,0.1375,-0.0851,195
zscore_trend__z_period20__trend_period100__z_thresh1.5,zscore_trend,XLK,meanrev,-0.0959,0.0598,-0.1133,220
zscore_trend__z_period30__trend_period100__z_thresh2.0,zscore_trend,XLK,meanrev,0.1843,0.3878,-0.0363,58
cmo_fisher__fisher_period10__cmo_period14__score_thresh0.3,cmo_fisher,XLK,trend,-0.7582,-0.1798,-0.2412,897
cmo_fisher__fisher_period10__cmo_period14__score_thresh0.2,cmo_fisher,XLK,trend,-0.6631,-0.6411,-0.3623,966
cmo_fisher__fisher_period14__cmo_period20__score_thresh0.3,cmo_fisher,XLK,trend,-0.3687,0.0571,-0.2237,712
cmo_fisher__fisher_period8__cmo_period14__score_thresh0.2,cmo_fisher,XLK,trend,-0.7844,-0.5959,-0.3326,1091
rvi_divergence__rvi_period10__lookback5,rvi_divergence,XLK,meanrev,-0.0389,0.0,0.0,20
rvi_divergence__rvi_period10__lookback8,rvi_divergence,XLK,meanrev,-0.4214,-0.6687,-0.0342,12
rvi_divergence__rvi_period14__lookback5,rvi_divergence,XLK,meanrev,-0.0389,0.0,0.0,20
adaptive_rsi__base_period14__fast_n2__slow_n30,adaptive_rsi,XLK,meanrev,0.0823,0.0701,-0.2931,238
adaptive_rsi__base_period14__fast_n2__slow_n60,adaptive_rsi,XLK,meanrev,0.0723,0.1867,-0.2741,241
adaptive_rsi__base_period9__fast_n2__slow_n30,adaptive_rsi,XLK,meanrev,-0.0042,0.2547,-0.2897,362
adaptive_rsi__base_period21__fast_n2__slow_n30,adaptive_rsi,XLK,meanrev,-0.0572,0.3631,-0.1937,171
elder_impulse__ema_period8,elder_impulse,XLK,composite,-0.4635,-0.4174,-0.3668,1488
elder_impulse__ema_period13,elder_impulse,XLK,composite,-0.4101,-0.3517,-0.381,1395
elder_impulse__ema_period20,elder_impulse,XLK,composite,-0.4524,-0.2663,-0.341,1355
klinger_osc__fast34__slow55__signal13,klinger_osc,XLK,volume,-0.3137,-0.5761,-0.5239,728
klinger_osc__fast21__slow34__signal9,klinger_osc,XLK,volume,-0.5085,-0.4798,-0.4354,925
klinger_osc__fast55__slow89__signal13,klinger_osc,XLK,volume,-0.312,-0.5633,-0.4674,646
price_oscillator__fast10__slow30__signal9,price_oscillator,XLK,trend,-0.0157,-0.1718,-0.3009,325
price_oscillator__fast12__slow26__signal9,price_oscillator,XLK,trend,-0.0273,-0.253,-0.3903,317
price_oscillator__fast5__slow20__signal5,price_oscillator,XLK,trend,-0.3776,-0.3325,-0.4041,587
price_oscillator__fast20__slow50__signal9,price_oscillator,XLK,trend,-0.0401,-0.6971,-0.5762,227
baz_trend__ewmstd_span42,baz_trend,XLK,trend,0.3247,-0.0343,-0.3237,59
baz_trend__ewmstd_span63,baz_trend,XLK,trend,0.3247,-0.0343,-0.3237,59
baz_trend__ewmstd_span126,baz_trend,XLK,trend,0.3247,-0.0343,-0.3237,59
intermediate_mom__start252__end126,intermediate_mom,XLK,trend,0.5741,0.5998,-0.2378,111
intermediate_mom__start189__end105,intermediate_mom,XLK,trend,0.2683,0.5025,-0.2378,135
intermediate_mom__start168__end84,intermediate_mom,XLK,trend,0.3,0.1335,-0.3188,139
intermediate_mom__start252__end63,intermediate_mom,XLK,trend,0.8444,0.454,-0.2378,89
mom_crash_protect__bear_lookback504__bear_thresh-0.2__damp0.0,mom_crash_protect,XLK,trend,0.6973,0.5582,-0.2378,42
mom_crash_protect__bear_lookback504__bear_thresh-0.2__damp0.25,mom_crash_protect,XLK,trend,0.6973,0.5582,-0.2378,42
mom_crash_protect__bear_lookback252__bear_thresh-0.2__damp0.0,mom_crash_protect,XLK,trend,0.7,0.5582,-0.2378,58
mom_crash_protect__bear_lookback504__bear_thresh-0.25__damp0.0,mom_crash_protect,XLK,trend,0.6973,0.5582,-0.2378,42
consistent_mom__consistency_thresh0.5,consistent_mom,XLK,trend,0.7256,0.5166,-0.2378,157
consistent_mom__consistency_thresh0.58,consistent_mom,XLK,trend,0.6623,0.5174,-0.2749,365
consistent_mom__consistency_thresh0.67,consistent_mom,XLK,trend,1.0319,0.4027,-0.1561,562
signed_range_mom__period10__threshold0.1,signed_range_mom,XLK,trend,-0.3447,-0.3266,-0.4514,1068
signed_range_mom__period21__threshold0.1,signed_range_mom,XLK,trend,-0.0287,-0.7345,-0.5349,766
signed_range_mom__period21__threshold0.15,signed_range_mom,XLK,trend,0.0372,-0.228,-0.3052,644
signed_range_mom__period42__threshold0.1,signed_range_mom,XLK,trend,-0.1425,-0.4747,-0.4273,439
signed_range_mom__period63__threshold0.1,signed_range_mom,XLK,trend,-0.4324,-0.2539,-0.2871,316
multi_tsmom,multi_tsmom,XLK,trend,0.2907,0.2638,-0.2389,279
"multi_tsmom__lookbacks(63, 126, 252)",multi_tsmom,XLK,trend,0.2534,0.6654,-0.2132,108
"multi_tsmom__lookbacks(21, 63, 252)",multi_tsmom,XLK,trend,0.2287,-0.1796,-0.4249,208
"multi_tsmom__lookbacks(21, 63, 126, 252)__weights(0.4, 0.3, 0.2, 0.1)",multi_tsmom,XLK,trend,0.2401,-0.1833,-0.4268,198
"multi_tsmom__lookbacks(21, 63, 126, 252)__weights(0.1, 0.2, 0.3, 0.4)",multi_tsmom,XLK,trend,0.3547,0.7402,-0.2001,124
ma_crossover__fast5__slow20__kindsma,ma_crossover,XLF,trend,0.0706,-0.7079,-0.5335,232
ma_crossover__fast10__slow30__kindsma,ma_crossover,XLF,trend,0.0129,0.0654,-0.3697,136
ma_crossover__fast20__slow50__kindsma,ma_crossover,XLF,trend,0.1333,0.2444,-0.3988,84
ma_crossover__fast50__slow100__kindsma,ma_crossover,XLF,trend,0.2881,0.5352,-0.3518,32
ma_crossover__fast50__slow200__kindsma,ma_crossover,XLF,trend,0.1768,0.6167,-0.3682,19
ma_crossover__fast100__slow200__kindsma,ma_crossover,XLF,trend,0.3405,0.926,-0.1871,13
ma_crossover__fast10__slow50__kindsma,ma_crossover,XLF,trend,0.0386,0.1223,-0.4395,105
ma_crossover__fast20__slow100__kindsma,ma_crossover,XLF,trend,0.509,0.4969,-0.3466,34
ma_crossover__fast5__slow20__kindema,ma_crossover,XLF,trend,0.088,-0.2927,-0.4468,230
ma_crossover__fast12__slow26__kindema,ma_crossover,XLF,trend,0.0175,-0.2619,-0.4449,136
ma_crossover__fast10__slow50__kindema,ma_crossover,XLF,trend,0.0748,-0.1767,-0.4834,113
ma_crossover__fast20__slow100__kindema,ma_crossover,XLF,trend,0.4575,0.3324,-0.4345,39
ts_momentum__period21,ts_momentum,XLF,trend,0.1659,0.0187,-0.4196,348
ts_momentum__period42,ts_momentum,XLF,trend,0.1097,0.2039,-0.3545,242
ts_momentum__period63,ts_momentum,XLF,trend,-0.0104,0.3678,-0.3008,182
ts_momentum__period126,ts_momentum,XLF,trend,0.4889,0.399,-0.4226,111
ts_momentum__period252,ts_momentum,XLF,trend,0.1397,0.4388,-0.3947,70
roc_momentum__period5,roc_momentum,XLF,trend,0.0068,-0.8799,-0.5501,804
roc_momentum__period10,roc_momentum,XLF,trend,-0.1435,-0.4829,-0.4687,573
roc_momentum__period20,roc_momentum,XLF,trend,0.0286,-0.2678,-0.3922,373
roc_momentum__period30,roc_momentum,XLF,trend,-0.1734,-0.2332,-0.4888,309
roc_momentum__period60,roc_momentum,XLF,trend,0.0144,0.4468,-0.1944,185
macd_signal__fast12__slow26__signal9,macd_signal,XLF,trend,0.2508,-0.3049,-0.3773,298
macd_signal__fast8__slow17__signal9,macd_signal,XLF,trend,0.2397,-0.8033,-0.5421,376
macd_signal__fast5__slow35__signal5,macd_signal,XLF,trend,0.2531,-0.8449,-0.558,504
macd_signal__fast3__slow10__signal16,macd_signal,XLF,trend,0.334,-0.6807,-0.5184,535
donchian_breakout__period10,donchian_breakout,XLF,trend,0.0109,0.0097,-0.1686,988
donchian_breakout__period20,donchian_breakout,XLF,trend,-0.0879,0.4287,-0.0903,736
donchian_breakout__period30,donchian_breakout,XLF,trend,-0.1727,0.4812,-0.0697,596
donchian_breakout__period40,donchian_breakout,XLF,trend,-0.1709,0.5172,-0.0754,514
donchian_breakout__period55,donchian_breakout,XLF,trend,-0.3626,0.631,-0.0606,454
bb_breakout__period20__std1.5,bb_breakout,XLF,trend,0.1063,-0.2711,-0.2697,758
bb_breakout__period20__std2.0,bb_breakout,XLF,trend,-0.5949,-0.0217,-0.131,434
bb_breakout__period20__std2.5,bb_breakout,XLF,trend,-0.0895,-0.1125,-0.1192,138
bb_breakout__period30__std2.0,bb_breakout,XLF,trend,-0.0085,-0.3045,-0.2052,398
bb_breakout__period50__std2.0,bb_breakout,XLF,trend,0.0542,-0.3137,-0.1974,302
supertrend__period7__mult2.0,supertrend,XLF,trend,0.1011,-0.914,-0.5932,223
supertrend__period7__mult3.0,supertrend,XLF,trend,0.0709,-0.0857,-0.3775,115
supertrend__period10__mult3.0,supertrend,XLF,trend,0.0441,-0.2406,-0.455,117
supertrend__period14__mult2.0,supertrend,XLF,trend,0.2599,-0.8298,-0.5949,217
supertrend__period14__mult3.0,supertrend,XLF,trend,0.0855,-0.1634,-0.4249,119
parabolic_sar__step0.01__max_af0.1,parabolic_sar,XLF,trend,0.6984,-0.2056,-0.2977,207
parabolic_sar__step0.02__max_af0.2,parabolic_sar,XLF,trend,0.1583,-1.1808,-0.6797,359
parabolic_sar__step0.03__max_af0.2,parabolic_sar,XLF,trend,0.3361,-0.9922,-0.5936,444
parabolic_sar__step0.05__max_af0.2,parabolic_sar,XLF,trend,0.395,-0.5421,-0.4613,537
adx_trend__period14__threshold20,adx_trend,XLF,trend,-0.5469,-0.6483,-0.4045,265
adx_trend__period14__threshold25,adx_trend,XLF,trend,-0.509,-0.8829,-0.3617,172
adx_trend__period14__threshold30,adx_trend,XLF,trend,-0.0985,-0.4713,-0.266,96
adx_trend__period21__threshold20,adx_trend,XLF,trend,-0.4041,-0.712,-0.408,149
adx_trend__period21__threshold25,adx_trend,XLF,trend,0.0912,-0.2654,-0.2057,64
ichimoku__tenkan9__kijun26__senkou_b52,ichimoku,XLF,trend,0.065,-0.1175,-0.3779,468
ichimoku__tenkan7__kijun22__senkou_b44,ichimoku,XLF,trend,0.2863,-0.0093,-0.3939,511
linreg_slope__period10,linreg_slope,XLF,trend,0.0971,-0.6917,-0.5015,380
linreg_slope__period20,linreg_slope,XLF,trend,-0.0868,0.0763,-0.4074,190
linreg_slope__period30,linreg_slope,XLF,trend,-0.1129,0.0679,-0.3912,126
linreg_slope__period50,linreg_slope,XLF,trend,-0.0852,0.29,-0.3639,70
aroon__period14,aroon,XLF,trend,0.1357,-0.7889,-0.5927,247
aroon__period25,aroon,XLF,trend,-0.2709,0.0154,-0.3142,146
aroon__period50,aroon,XLF,trend,0.0605,0.3032,-0.3398,72
vortex__period10,vortex,XLF,trend,0.1595,-0.2958,-0.4603,481
vortex__period14,vortex,XLF,trend,0.1944,-0.5464,-0.59,398
vortex__period21,vortex,XLF,trend,0.0922,0.4348,-0.3915,296
trix__period9,trix,XLF,trend,-0.0183,0.0078,-0.4413,153
trix__period12,trix,XLF,trend,-0.2568,-0.0742,-0.4508,125
trix__period18,trix,XLF,trend,0.0448,0.328,-0.3886,72
hull_ma__period14,hull_ma,XLF,trend,0.1047,-0.3973,-0.3632,557
hull_ma__period20,hull_ma,XLF,trend,0.1045,-0.8035,-0.525,413
hull_ma__period30,hull_ma,XLF,trend,0.4631,-0.1832,-0.3917,291
hull_ma__period50,hull_ma,XLF,trend,-0.0223,-0.1829,-0.3902,189
kama__period5,kama,XLF,trend,-0.3057,-0.5524,-0.4572,2014
kama__period10,kama,XLF,trend,0.0365,0.0,0.0,150
kama__period20,kama,XLF,trend,0.8939,0.0,0.0,42
turtle__entry20__exit_p10,turtle,XLF,trend,-0.0879,0.4287,-0.0903,736
turtle__entry55__exit_p20,turtle,XLF,trend,-0.3626,0.631,-0.0606,454
turtle__entry10__exit_p5,turtle,XLF,trend,0.0109,0.0097,-0.1686,988
dual_momentum__period63,dual_momentum,XLF,trend,0.3951,0.6636,-0.1834,183
dual_momentum__period126,dual_momentum,XLF,trend,0.8248,0.6216,-0.2745,111
dual_momentum__period252,dual_momentum,XLF,trend,0.3508,0.6346,-0.285,71
elder_ray__period13,elder_ray,XLF,trend,0.0537,-0.9726,-0.6072,630
elder_ray__period21,elder_ray,XLF,trend,0.0072,-0.8086,-0.6092,504
elder_ray__period34,elder_ray,XLF,trend,0.1932,-0.6484,-0.5591,382
rsi_reversion__period7__lo30__hi70,rsi_reversion,XLF,meanrev,0.1193,-0.0736,-0.1416,658
rsi_reversion__period7__lo25__hi75,rsi_reversion,XLF,meanrev,0.4744,-0.0611,-0.1091,420
rsi_reversion__period14__lo30__hi70,rsi_reversion,XLF,meanrev,0.3079,0.3058,-0.0741,218
rsi_reversion__period14__lo25__hi75,rsi_reversion,XLF,meanrev,0.2732,0.3633,-0.0494,90
rsi_reversion__period14__lo35__hi65,rsi_reversion,XLF,meanrev,-0.0625,0.4708,-0.1295,456
rsi_reversion__period21__lo30__hi70,rsi_reversion,XLF,meanrev,0.5005,0.5827,-0.0408,102
rsi_reversion__period21__lo25__hi75,rsi_reversion,XLF,meanrev,0.5482,0.8007,-0.0001,40
rsi_reversion__period28__lo30__hi70,rsi_reversion,XLF,meanrev,0.2277,0.9198,-0.0084,50
rsi_reversion__period30__lo30__hi70,rsi_reversion,XLF,meanrev,0.3355,0.5973,-0.0084,40
rsi_reversion__period30__lo25__hi75,rsi_reversion,XLF,meanrev,0.3499,0.0,0.0,18
bb_reversion__period20__std1.5,bb_reversion,XLF,meanrev,-0.1947,0.1713,-0.1828,758
bb_reversion__period20__std2.0,bb_reversion,XLF,meanrev,0.505,-0.0514,-0.1121,434
bb_reversion__period20__std2.5,bb_reversion,XLF,meanrev,0.0525,0.0632,-0.0969,138
bb_reversion__period30__std2.0,bb_reversion,XLF,meanrev,-0.0604,0.2336,-0.12,398
bb_reversion__period30__std2.5,bb_reversion,XLF,meanrev,0.2727,-0.3846,-0.1443,148
bb_reversion__period50__std2.0,bb_reversion,XLF,meanrev,-0.1065,0.2509,-0.1189,302
zscore_reversion__period10__threshold1.0,zscore_reversion,XLF,meanrev,-0.0169,0.2552,-0.2113,1282
zscore_reversion__period20__threshold1.5,zscore_reversion,XLF,meanrev,-0.1947,0.1713,-0.1828,758
zscore_reversion__period20__threshold2.0,zscore_reversion,XLF,meanrev,0.505,-0.0514,-0.1121,434
zscore_reversion__period30__threshold1.5,zscore_reversion,XLF,meanrev,-0.3673,0.5645,-0.1157,618
zscore_reversion__period30__threshold2.0,zscore_reversion,XLF,meanrev,-0.0604,0.2336,-0.12,398
zscore_reversion__period60__threshold2.0,zscore_reversion,XLF,meanrev,-0.1333,0.2215,-0.1226,290
stochastic__k5__d3__lo20__hi80,stochastic,XLF,meanrev,0.3824,0.3,-0.1582,820
stochastic__k14__d3__lo20__hi80,stochastic,XLF,meanrev,-0.1696,0.4039,-0.1499,602
stochastic__k14__d3__lo30__hi70,stochastic,XLF,meanrev,-0.1126,0.4657,-0.1922,626
stochastic__k14__d5__lo20__hi80,stochastic,XLF,meanrev,0.199,0.4828,-0.132,428
stochastic__k21__d3__lo20__hi80,stochastic,XLF,meanrev,-0.0964,0.1451,-0.1873,502
cci_reversion__period14__threshold100,cci_reversion,XLF,meanrev,-0.3951,0.5155,-0.101,937
cci_reversion__period14__threshold150,cci_reversion,XLF,meanrev,-0.1626,0.2767,-0.101,532
cci_reversion__period20__threshold100,cci_reversion,XLF,meanrev,-0.2351,0.4648,-0.1354,775
cci_reversion__period20__threshold150,cci_reversion,XLF,meanrev,0.3255,0.4874,-0.0968,512
cci_reversion__period30__threshold100,cci_reversion,XLF,meanrev,-0.158,0.6025,-0.1388,623
williams_r__period14__lo-80__hi-20,williams_r,XLF,meanrev,-0.171,0.1917,-0.1649,1099
williams_r__period14__lo-90__hi-10,williams_r,XLF,meanrev,0.0352,-0.4842,-0.2113,1012
williams_r__period21__lo-80__hi-20,williams_r,XLF,meanrev,-0.2132,0.2978,-0.1349,889
williams_r__period28__lo-80__hi-20,williams_r,XLF,meanrev,-0.2532,0.1995,-0.1684,724
keltner_reversion__period20__mult1.5,keltner_reversion,XLF,meanrev,-0.2031,0.4698,-0.1464,642
keltner_reversion__period20__mult2.0,keltner_reversion,XLF,meanrev,0.1537,0.1261,-0.1407,470
keltner_reversion__period20__mult2.5,keltner_reversion,XLF,meanrev,-0.0277,0.4761,-0.0839,252
keltner_reversion__period30__mult2.0,keltner_reversion,XLF,meanrev,-0.0504,0.006,-0.1702,506
vwap_reversion__period20__z_thresh1.0,vwap_reversion,XLF,meanrev,-0.283,0.4727,-0.1693,799
vwap_reversion__period20__z_thresh1.5,vwap_reversion,XLF,meanrev,-0.2135,0.2917,-0.1753,714
vwap_reversion__period20__z_thresh2.0,vwap_reversion,XLF,meanrev,0.0737,0.1683,-0.123,468
percent_b__period20__std2.0__lo0.05__hi0.95,percent_b,XLF,meanrev,0.2096,0.0411,-0.1311,572
percent_b__period20__std2.0__lo0.1__hi0.9,percent_b,XLF,meanrev,-0.1902,0.3955,-0.1257,704
percent_b__period20__std2.0__lo0.2__hi0.8,percent_b,XLF,meanrev,-0.2166,0.3834,-0.1827,908
percent_b__period30__std2.0__lo0.2__hi0.8,percent_b,XLF,meanrev,-0.3359,0.3163,-0.1965,697
connors_rsi__rsi_period3__streak_period2__rank_period100,connors_rsi,XLF,meanrev,0.0332,-0.1009,-0.168,1120
connors_rsi__rsi_period2__streak_period3__rank_period100,connors_rsi,XLF,meanrev,0.1441,-0.0253,-0.1725,1187
ultimate_osc__p17__p214__p328,ultimate_osc,XLF,meanrev,0.0514,0.584,-0.0494,184
ultimate_osc__p14__p28__p316,ultimate_osc,XLF,meanrev,-0.0126,0.3872,-0.0741,542
gap_fade__threshold0.01,gap_fade,XLF,meanrev,0.0231,-0.1981,-0.218,871
gap_fade__threshold0.015,gap_fade,XLF,meanrev,-0.1141,-0.1333,-0.1492,380
gap_fade__threshold0.02,gap_fade,XLF,meanrev,0.3458,-0.2631,-0.0988,200
obv_trend__period10,obv_trend,XLF,volume,-0.1155,-0.51,-0.5362,805
obv_trend__period20,obv_trend,XLF,volume,0.0923,-0.1099,-0.3043,524
obv_trend__period50,obv_trend,XLF,volume,0.1355,-0.5787,-0.5413,321
chaikin_mf__period10,chaikin_mf,XLF,volume,-0.0537,-0.0598,-0.2738,525
chaikin_mf__period20,chaikin_mf,XLF,volume,0.0476,-0.1024,-0.33,334
chaikin_mf__period21,chaikin_mf,XLF,volume,-0.0029,-0.0417,-0.2958,329
mfi__period10,mfi,XLF,volume,-0.1869,-0.3882,-0.1473,276
mfi__period14,mfi,XLF,volume,0.2273,0.6835,-0.0347,152
mfi__period21,mfi,XLF,volume,-0.1308,0.2945,-0.0241,44
volume_surge__period10__mult1.5,volume_surge,XLF,volume,-0.05,0.866,-0.1033,430
volume_surge__period20__mult2.0,volume_surge,XLF,volume,-0.3492,0.1552,-0.0485,109
volume_surge__period20__mult3.0,volume_surge,XLF,volume,-0.1287,0.2087,-0.0396,20
force_index__period2,force_index,XLF,volume,-0.4798,0.2783,-0.3628,1397
force_index__period13,force_index,XLF,volume,0.0862,-1.1851,-0.6819,515
force_index__period20,force_index,XLF,volume,0.2047,-0.6951,-0.5472,399
chaikin_osc__fast3__slow10,chaikin_osc,XLF,volume,-0.2236,-0.9354,-0.6195,388
chaikin_osc__fast3__slow12,chaikin_osc,XLF,volume,-0.2332,-0.7462,-0.5838,350
chaikin_osc__fast5__slow12,chaikin_osc,XLF,volume,-0.0393,-0.4281,-0.4628,258
atr_breakout__period10__mult1.5,atr_breakout,XLF,volatility,-0.0527,0.0311,-0.1771,598
atr_breakout__period14__mult1.5,atr_breakout,XLF,volatility,0.0755,-0.3085,-0.2544,646
atr_breakout__period14__mult2.0,atr_breakout,XLF,volatility,-0.0758,0.1379,-0.1365,410
atr_breakout__period20__mult2.0,atr_breakout,XLF,volatility,-0.1,-0.6442,-0.3188,522
atr_breakout__period20__mult2.5,atr_breakout,XLF,volatility,-0.1142,-0.6117,-0.2318,356
vol_breakout__period10__mult0.5,vol_breakout,XLF,volatility,-0.538,-0.0881,-0.3432,2507
vol_breakout__period20__mult1.0,vol_breakout,XLF,volatility,-0.588,-0.3383,-0.3235,2092
vol_breakout__period20__mult1.5,vol_breakout,XLF,volatility,-0.6479,-0.4438,-0.2371,1403
vol_breakout__period30__mult1.0,vol_breakout,XLF,volatility,-0.5982,-0.1441,-0.224,2062
squeeze_breakout__bb_period20__kc_period20__bb_std2.0__kc_mult1.5,squeeze_breakout,XLF,volatility,0.1484,-0.0898,-0.3066,196
squeeze_breakout__bb_period20__kc_period20__bb_std2.0__kc_mult1.0,squeeze_breakout,XLF,volatility,0.11,-0.0848,-0.3744,124
squeeze_breakout__bb_period30__kc_period30__bb_std2.0__kc_mult1.5,squeeze_breakout,XLF,volatility,0.0601,0.1855,-0.3504,94
engulfing,engulfing,XLF,pattern,-0.4899,0.5364,-0.0816,513
three_bar_reversal,three_bar_reversal,XLF,pattern,0.1359,-0.4937,-0.2049,866
higher_highs_lows__period5,higher_highs_lows,XLF,pattern,-0.108,-0.759,-0.5095,809
higher_highs_lows__period10,higher_highs_lows,XLF,pattern,-0.0159,-0.3767,-0.4201,420
higher_highs_lows__period20,higher_highs_lows,XLF,pattern,-0.143,0.0542,-0.3324,234
pivot_bounce__period5,pivot_bounce,XLF,pattern,0.0611,-0.364,-0.2608,1184
pivot_bounce__period10,pivot_bounce,XLF,pattern,-0.0134,-0.2152,-0.2167,1120
pivot_bounce__period20,pivot_bounce,XLF,pattern,-0.2168,0.0026,-0.217,926
macd_rsi_combo__fast12__slow26__signal9__rsi_period14__rsi_lo40__rsi_hi60,macd_rsi_combo,XLF,composite,-0.024,-0.3293,-0.2657,554
macd_rsi_combo__fast12__slow26__signal9__rsi_period14__rsi_lo45__rsi_hi55,macd_rsi_combo,XLF,composite,0.0995,-0.1558,-0.3323,659
macd_rsi_combo__fast8__slow21__signal5__rsi_period14__rsi_lo40__rsi_hi60,macd_rsi_combo,XLF,composite,-0.0667,-0.5948,-0.3008,588
macd_rsi_combo__fast5__slow35__signal5__rsi_period14__rsi_lo40__rsi_hi60,macd_rsi_combo,XLF,composite,0.0092,-0.6068,-0.294,610
triple_screen__trend_period20__osc_period14__osc_lo40__osc_hi60,triple_screen,XLF,composite,0.1213,0.0,0.0,8
triple_screen__trend_period30__osc_period14__osc_lo40__osc_hi60,triple_screen,XLF,composite,0.1714,0.0,0.0,6
triple_screen__trend_period50__osc_period14__osc_lo35__osc_hi65,triple_screen,XLF,composite,0.138,0.0,0.0,2
triple_screen__trend_period20__osc_period7__osc_lo30__osc_hi70,triple_screen,XLF,composite,0.0,0.0,0.0,0
chandelier_exit__period14__mult2.0,chandelier_exit,XLF,composite,0.1649,-0.5027,-0.4439,548
chandelier_exit__period22__mult3.0,chandelier_exit,XLF,composite,0.3665,-0.0896,-0.4075,315
chandelier_exit__period22__mult2.0,chandelier_exit,XLF,composite,0.1327,-0.5366,-0.4431,606
chandelier_exit__period10__mult2.0,chandelier_exit,XLF,composite,0.1382,-0.4164,-0.4344,522
high52_momentum__period252__threshold0.7,high52_momentum,XLF,trend,0.3341,0.2809,-0.4348,197
high52_momentum__period252__threshold0.75,high52_momentum,XLF,trend,0.4509,0.4725,-0.3393,191
high52_momentum__period252__threshold0.8,high52_momentum,XLF,trend,0.3077,0.3323,-0.3199,207
high52_momentum__period126__threshold0.7,high52_momentum,XLF,trend,0.1158,0.0067,-0.4449,315
high52_momentum__period126__threshold0.75,high52_momentum,XLF,trend,0.1465,0.0539,-0.3545,328
short_reversal__period5,short_reversal,XLF,meanrev,-0.1065,0.7489,-0.238,804
short_reversal__period10,short_reversal,XLF,meanrev,0.0709,0.3918,-0.2002,573
short_reversal__period15,short_reversal,XLF,meanrev,-0.2133,0.4717,-0.2623,440
short_reversal__period20,short_reversal,XLF,meanrev,-0.0733,0.2037,-0.2414,373
low_vol_regime__period20__ma_period60,low_vol_regime,XLF,volatility,-0.1525,0.2521,-0.1197,151
low_vol_regime__period20__ma_period120,low_vol_regime,XLF,volatility,-0.4867,0.5107,-0.1465,160
low_vol_regime__period60__ma_period120,low_vol_regime,XLF,volatility,-0.3806,-0.1555,-0.2963,55
low_vol_regime__period20__ma_period252,low_vol_regime,XLF,volatility,-0.1462,0.2407,-0.2148,148
low_vol_regime__period60__ma_period252,low_vol_regime,XLF,volatility,-0.1229,0.3485,-0.1831,52
low_vol_regime__period120__ma_period252,low_vol_regime,XLF,volatility,0.5557,0.4373,-0.143,34
nr_breakout__nr_period4__exit_bars3,nr_breakout,XLF,pattern,-0.4889,-0.1627,-0.2418,955
nr_breakout__nr_period4__exit_bars5,nr_breakout,XLF,pattern,0.1054,0.0741,-0.2771,761
nr_breakout__nr_period7__exit_bars3,nr_breakout,XLF,pattern,-0.2,0.2584,-0.2014,708
nr_breakout__nr_period7__exit_bars5,nr_breakout,XLF,pattern,0.0081,0.2785,-0.2841,607
nr_breakout__nr_period10__exit_bars5,nr_breakout,XLF,pattern,0.0359,0.3808,-0.1766,468
nr_breakout__nr_period10__exit_bars10,nr_breakout,XLF,pattern,-0.1723,-0.3306,-0.3213,375
overnight_gap__period1__threshold0.001,overnight_gap,XLF,volume,-0.5688,0.0002,-0.2565,2389
overnight_gap__period1__threshold0.003,overnight_gap,XLF,volume,-0.2621,0.0401,-0.3205,2414
overnight_gap__period3__threshold0.001,overnight_gap,XLF,volume,0.0086,0.0659,-0.2869,1476
overnight_gap__period3__threshold0.003,overnight_gap,XLF,volume,0.1749,-0.0392,-0.242,1188
overnight_gap__period5__threshold0.001,overnight_gap,XLF,volume,-0.0846,-0.409,-0.3836,1240
overnight_gap__period5__threshold0.003,overnight_gap,XLF,volume,-0.2525,-0.1016,-0.2122,820
coppock_curve__roc1252__roc2189__wma_period63,coppock_curve,XLF,trend,-0.0977,0.847,-0.1843,12
coppock_curve__roc1189__roc2126__wma_period42,coppock_curve,XLF,trend,0.154,0.7044,-0.3112,19
coppock_curve__roc1126__roc2100__wma_period21,coppock_curve,XLF,trend,0.413,0.7802,-0.2649,21
bll_filter__pct0.005__hold0,bll_filter,XLF,trend,-0.3852,0.2363,-0.3224,1214
bll_filter__pct0.01__hold0,bll_filter,XLF,trend,-0.0363,-0.1342,-0.3737,806
bll_filter__pct0.02__hold0,bll_filter,XLF,trend,0.0915,-0.6758,-0.5012,427
bll_filter__pct0.005__hold10,bll_filter,XLF,trend,-0.3619,0.2379,-0.3287,1259
bll_filter__pct0.01__hold10,bll_filter,XLF,trend,0.0018,-0.1345,-0.3015,933
bll_filter__pct0.01__hold20,bll_filter,XLF,trend,-0.058,-0.1341,-0.3737,824
bll_filter__pct0.02__hold10,bll_filter,XLF,trend,-0.1378,-0.4909,-0.3955,630
frog_in_pan__lookback252__skip21__id_cutoff0.5,frog_in_pan,XLF,trend,0.2092,0.5859,-0.2966,119
frog_in_pan__lookback252__skip21__id_cutoff0.45,frog_in_pan,XLF,trend,0.2652,0.426,-0.1837,89
frog_in_pan__lookback252__skip0__id_cutoff0.5,frog_in_pan,XLF,trend,0.3513,0.63,-0.267,119
frog_in_pan__lookback126__skip21__id_cutoff0.5,frog_in_pan,XLF,trend,0.258,0.7838,-0.2388,195
frog_in_pan__lookback126__skip21__id_cutoff0.45,frog_in_pan,XLF,trend,0.3336,0.7815,-0.1676,123
vol_mom__mom_period126__vol_period126__skip21__vol_weight0.5,vol_mom,XLF,composite,0.6179,0.6103,-0.3108,145
vol_mom__mom_period126__vol_period126__skip0__vol_weight0.5,vol_mom,XLF,composite,0.7571,0.3671,-0.3445,144
vol_mom__mom_period252__vol_period126__skip21__vol_weight0.5,vol_mom,XLF,composite,0.4553,0.2775,-0.3025,113
vol_mom__mom_period63__vol_period63__skip0__vol_weight0.3,vol_mom,XLF,composite,0.0928,0.3678,-0.3008,171
vol_mom__mom_period126__vol_period126__skip21__vol_weight0.3,vol_mom,XLF,composite,0.2905,0.7983,-0.3306,101
seasonality__n_years2,seasonality,XLF,pattern,0.301,0.0738,-0.4339,87
seasonality__n_years3,seasonality,XLF,pattern,0.4512,-0.1838,-0.4857,82
seasonality__n_years5,seasonality,XLF,pattern,0.3561,0.0099,-0.4456,80
residual_mom__lookback252__skip21,residual_mom,XLF,trend,0.1889,0.3011,-0.403,108
residual_mom__lookback252__skip0,residual_mom,XLF,trend,-0.0104,0.4028,-0.4298,108
residual_mom__lookback126__skip21,residual_mom,XLF,trend,0.4341,0.8424,-0.3053,101
vol_scaled_mom__rv_window21__vol_target0.12__damp0.5,vol_scaled_mom,XLF,trend,-0.0563,0.1605,-0.3184,2804
vol_scaled_mom__rv_window21__vol_target0.08__damp0.5,vol_scaled_mom,XLF,trend,-0.0486,0.206,-0.2217,3446
vol_scaled_mom__rv_window63__vol_target0.12__damp0.5,vol_scaled_mom,XLF,trend,0.0468,0.2314,-0.3065,3101
vol_scaled_mom__rv_window21__vol_target0.12__damp0.0,vol_scaled_mom,XLF,trend,-0.0699,0.1605,-0.3184,2801
vol_scaled_mom__rv_window21__vol_target0.15__damp0.5,vol_scaled_mom,XLF,trend,-0.0506,0.1674,-0.3557,2050
dema_crossover__fast5__slow20,dema_crossover,XLF,trend,0.1203,-0.6564,-0.5008,408
dema_crossover__fast10__slow40,dema_crossover,XLF,trend,0.2211,-0.7848,-0.5983,226
dema_crossover__fast12__slow26,dema_crossover,XLF,trend,0.2646,-0.5184,-0.4786,248
dema_crossover__fast20__slow50,dema_crossover,XLF,trend,-0.0359,-0.7966,-0.5787,140
dema_crossover__fast10__slow30,dema_crossover,XLF,trend,0.2764,-0.5511,-0.5069,250
tema_crossover__fast5__slow20,tema_crossover,XLF,trend,0.6168,-0.2924,-0.3922,525
tema_crossover__fast10__slow40,tema_crossover,XLF,trend,0.254,-0.5223,-0.4575,292
tema_crossover__fast12__slow26,tema_crossover,XLF,trend,0.2406,-0.0947,-0.2809,290
tema_crossover__fast20__slow50,tema_crossover,XLF,trend,0.3701,-0.279,-0.3899,184
tema_crossover__fast10__slow30,tema_crossover,XLF,trend,0.1459,-0.2861,-0.3521,318
price_acceleration__period10__smooth3,price_acceleration,XLF,trend,0.3201,-0.0906,-0.3506,1032
price_acceleration__period20__smooth5,price_acceleration,XLF,trend,0.2019,-0.4994,-0.4897,758
price_acceleration__period20__smooth3,price_acceleration,XLF,trend,0.1561,-0.3247,-0.3886,1014
price_acceleration__period30__smooth5,price_acceleration,XLF,trend,0.3036,-0.6194,-0.5051,748
price_acceleration__period40__smooth10,price_acceleration,XLF,trend,0.101,-0.2317,-0.3445,548
price_acceleration__period10__smooth5,price_acceleration,XLF,trend,0.2755,-0.1568,-0.3557,759
turn_of_month__days_before3__days_after3,turn_of_month,XLF,pattern,0.8249,0.3279,-0.1331,360
turn_of_month__days_before4__days_after4,turn_of_month,XLF,pattern,0.8775,0.4907,-0.1171,360
turn_of_month__days_before5__days_after5,turn_of_month,XLF,pattern,0.9278,0.7408,-0.1292,360
turn_of_month__days_before3__days_after5,turn_of_month,XLF,pattern,0.9054,0.4966,-0.1534,360
trend_intensity__period20,trend_intensity,XLF,trend,0.3341,0.1133,-0.1863,371
trend_intensity__period30,trend_intensity,XLF,trend,-0.4851,-0.1979,-0.2009,268
trend_intensity__period50,trend_intensity,XLF,trend,0.2161,-0.0237,-0.1323,178
trend_intensity__period63,trend_intensity,XLF,trend,-0.1238,0.2417,-0.1199,192
ma_regime_momentum__regime_ma200__mom_period126__skip21,ma_regime_momentum,XLF,trend,0.294,0.6628,-0.3443,196
ma_regime_momentum__regime_ma200__mom_period252__skip21,ma_regime_momentum,XLF,trend,0.1126,0.3791,-0.3447,166
ma_regime_momentum__regime_ma200__mom_period63__skip0,ma_regime_momentum,XLF,trend,0.1762,0.4446,-0.3485,270
ma_regime_momentum__regime_ma100__mom_period126__skip21,ma_regime_momentum,XLF,trend,0.137,0.48,-0.3381,303
ma_regime_momentum__regime_ma50__mom_period63__skip0,ma_regime_momentum,XLF,trend,-0.0452,0.029,-0.3127,455
fisher_transform__period5,fisher_transform,XLF,trend,0.0785,-0.2036,-0.3802,905
fisher_transform__period10,fisher_transform,XLF,trend,0.1723,-0.4481,-0.3763,614
fisher_transform__period20,fisher_transform,XLF,trend,0.3503,-0.5443,-0.4985,382
fisher_transform__period30,fisher_transform,XLF,trend,-0.0322,-0.2299,-0.3921,342
relative_vigor__period10,relative_vigor,XLF,trend,0.2955,0.4948,-0.2842,1114
relative_vigor__period14,relative_vigor,XLF,trend,0.2955,0.4948,-0.2842,1114
relative_vigor__period20,relative_vigor,XLF,trend,0.2955,0.4948,-0.2842,1114
chande_momentum__period14__threshold0.0,chande_momentum,XLF,trend,0.1969,-0.5419,-0.5237,451
chande_momentum__period20__threshold0.0,chande_momentum,XLF,trend,0.0292,-0.2678,-0.3922,374
chande_momentum__period20__threshold10.0,chande_momentum,XLF,trend,0.0388,-0.2216,-0.4485,688
chande_momentum__period30__threshold0.0,chande_momentum,XLF,trend,-0.1701,-0.2332,-0.4888,310
chande_momentum__period9__threshold0.0,chande_momentum,XLF,trend,0.1696,-1.0646,-0.649,591
demarker__period14__hi_thresh0.7__lo_thresh0.3,demarker,XLF,meanrev,0.2558,0.9941,-0.0895,501
demarker__period14__hi_thresh0.8__lo_thresh0.2,demarker,XLF,meanrev,0.1532,0.6109,-0.0574,254
demarker__period21__hi_thresh0.7__lo_thresh0.3,demarker,XLF,meanrev,0.1677,0.1828,-0.0935,313
demarker__period9__hi_thresh0.7__lo_thresh0.3,demarker,XLF,meanrev,-0.078,0.4163,-0.1453,712
stoch_rsi__rsi_period14__stoch_period14__lo20.0__hi80.0,stoch_rsi,XLF,meanrev,-0.2721,0.4445,-0.1398,748
stoch_rsi__rsi_period14__stoch_period14__lo10.0__hi90.0,stoch_rsi,XLF,meanrev,-0.0834,0.2716,-0.1433,632
stoch_rsi__rsi_period7__stoch_period14__lo20.0__hi80.0,stoch_rsi,XLF,meanrev,-0.217,0.2816,-0.1547,795
stoch_rsi__rsi_period21__stoch_period21__lo20.0__hi80.0,stoch_rsi,XLF,meanrev,-0.2392,0.7496,-0.1131,574
hurst_regime__period100__trend_thresh0.55__mr_thresh0.45,hurst_regime,XLF,trend,0.1935,0.3946,-0.1546,339
hurst_regime__period60__trend_thresh0.55__mr_thresh0.45,hurst_regime,XLF,trend,0.3205,-0.5103,-0.2561,535
hurst_regime__period100__trend_thresh0.58__mr_thresh0.42,hurst_regime,XLF,trend,0.3802,0.3243,-0.0493,100
psych_line__period12__hi_thresh75.0__lo_thresh25.0,psych_line,XLF,meanrev,0.2637,-0.0933,-0.0703,92
psych_line__period12__hi_thresh65.0__lo_thresh35.0,psych_line,XLF,meanrev,-0.0275,0.5342,-0.0846,586
psych_line__period20__hi_thresh70.0__lo_thresh30.0,psych_line,XLF,meanrev,0.2756,0.8278,-0.0299,90
er_regime__er_period10__mom_period20__er_thresh0.4,er_regime,XLF,trend,-0.2493,0.2385,-0.2061,1527
er_regime__er_period10__mom_period20__er_thresh0.3,er_regime,XLF,trend,-0.1664,0.1906,-0.1754,1520
er_regime__er_period14__mom_period20__er_thresh0.4,er_regime,XLF,trend,-0.1548,-0.3495,-0.3623,1395
er_regime__er_period20__mom_period40__er_thresh0.4,er_regime,XLF,trend,0.0291,-0.25,-0.315,1066
er_regime__er_period10__mom_period10__er_thresh0.4,er_regime,XLF,trend,0.4581,-0.1183,-0.4205,1727
mcginley_dynamic__fast5__slow20,mcginley_dynamic,XLF,trend,0.1873,-0.2357,-0.411,202
mcginley_dynamic__fast10__slow40,mcginley_dynamic,XLF,trend,0.0284,0.1119,-0.4794,99
mcginley_dynamic__fast12__slow26,mcginley_dynamic,XLF,trend,0.0861,-0.0308,-0.4171,123
mcginley_dynamic__fast5__slow14,mcginley_dynamic,XLF,trend,0.1872,-0.2266,-0.3828,244
cci_trend__period14__threshold50.0,cci_trend,XLF,trend,0.1463,-0.7612,-0.4896,925
cci_trend__period20__threshold50.0,cci_trend,XLF,trend,0.081,-0.6171,-0.4716,792
cci_trend__period20__threshold100.0,cci_trend,XLF,trend,0.1594,-0.5546,-0.3198,775
cci_trend__period30__threshold50.0,cci_trend,XLF,trend,-0.0061,-0.3396,-0.4708,624
cci_trend__period14__threshold100.0,cci_trend,XLF,trend,0.3034,-0.6243,-0.3628,937
volume_roc__period10__signal_period5,volume_roc,XLF,volume,-0.3491,-0.0427,-0.2801,907
volume_roc__period14__signal_period10,volume_roc,XLF,volume,0.2706,-0.0921,-0.2316,660
volume_roc__period20__signal_period10,volume_roc,XLF,volume,0.0348,0.1977,-0.2428,563
volume_roc__period5__signal_period3,volume_roc,XLF,volume,0.1498,-0.8233,-0.4205,1244
hv_ratio__fast_period10__slow_period100__thresh_hi1.5__thresh_lo0.7,hv_ratio,XLF,volatility,-0.0559,0.388,-0.1793,493
hv_ratio__fast_period10__slow_period60__thresh_hi1.5__thresh_lo0.7,hv_ratio,XLF,volatility,-0.0939,0.5881,-0.1177,457
hv_ratio__fast_period21__slow_period100__thresh_hi1.5__thresh_lo0.7,hv_ratio,XLF,volatility,0.1604,0.0679,-0.1751,194
hv_ratio__fast_period10__slow_period100__thresh_hi2.0__thresh_lo0.5,hv_ratio,XLF,volatility,-0.1135,0.1854,-0.0806,144
zscore_trend__z_period20__trend_period50__z_thresh1.5,zscore_trend,XLF,meanrev,-0.2066,0.1568,-0.0617,90
zscore_trend__z_period20__trend_period50__z_thresh1.0,zscore_trend,XLF,meanrev,-0.0272,0.0901,-0.118,204
zscore_trend__z_period20__trend_period100__z_thresh1.5,zscore_trend,XLF,meanrev,0.0715,-0.1544,-0.106,190
zscore_trend__z_period30__trend_period100__z_thresh2.0,zscore_trend,XLF,meanrev,0.2804,-0.326,-0.0557,68
cmo_fisher__fisher_period10__cmo_period14__score_thresh0.3,cmo_fisher,XLF,trend,-0.2328,0.1448,-0.1219,806
cmo_fisher__fisher_period10__cmo_period14__score_thresh0.2,cmo_fisher,XLF,trend,-0.1569,-0.2861,-0.2274,962
cmo_fisher__fisher_period14__cmo_period20__score_thresh0.3,cmo_fisher,XLF,trend,0.0171,-0.182,-0.1301,655
cmo_fisher__fisher_period8__cmo_period14__score_thresh0.2,cmo_fisher,XLF,trend,-0.0033,-0.3542,-0.2443,1023
rvi_divergence__rvi_period10__lookback5,rvi_divergence,XLF,meanrev,0.4324,1.0099,-0.012,38
rvi_divergence__rvi_period10__lookback8,rvi_divergence,XLF,meanrev,-0.0153,-0.5473,-0.0772,14
rvi_divergence__rvi_period14__lookback5,rvi_divergence,XLF,meanrev,0.4324,1.0099,-0.012,38
adaptive_rsi__base_period14__fast_n2__slow_n30,adaptive_rsi,XLF,meanrev,0.0664,0.1017,-0.2348,256
adaptive_rsi__base_period14__fast_n2__slow_n60,adaptive_rsi,XLF,meanrev,0.0711,0.0528,-0.2266,244
adaptive_rsi__base_period9__fast_n2__slow_n30,adaptive_rsi,XLF,meanrev,0.0117,0.1195,-0.2951,386
adaptive_rsi__base_period21__fast_n2__slow_n30,adaptive_rsi,XLF,meanrev,-0.1173,-0.2138,-0.3273,179
elder_impulse__ema_period8,elder_impulse,XLF,composite,-0.0805,-0.0421,-0.2892,1488
elder_impulse__ema_period13,elder_impulse,XLF,composite,-0.0848,-0.2598,-0.3038,1411
elder_impulse__ema_period20,elder_impulse,XLF,composite,-0.1189,-0.0976,-0.3101,1356
klinger_osc__fast34__slow55__signal13,klinger_osc,XLF,volume,0.1507,0.1832,-0.3007,737
klinger_osc__fast21__slow34__signal9,klinger_osc,XLF,volume,-0.0217,0.4465,-0.2142,873
klinger_osc__fast55__slow89__signal13,klinger_osc,XLF,volume,0.3798,-0.1247,-0.3434,655
price_oscillator__fast10__slow30__signal9,price_oscillator,XLF,trend,0.3563,-0.4228,-0.4309,306
price_oscillator__fast12__slow26__signal9,price_oscillator,XLF,trend,0.2493,-0.2989,-0.379,296
price_oscillator__fast5__slow20__signal5,price_oscillator,XLF,trend,0.3289,-0.7264,-0.531,527
price_oscillator__fast20__slow50__signal9,price_oscillator,XLF,trend,0.1662,-0.386,-0.4269,224
baz_trend__ewmstd_span42,baz_trend,XLF,trend,0.1541,0.2763,-0.4521,76
baz_trend__ewmstd_span63,baz_trend,XLF,trend,0.1541,0.2763,-0.4521,76
baz_trend__ewmstd_span126,baz_trend,XLF,trend,0.1541,0.2763,-0.4521,76
intermediate_mom__start252__end126,intermediate_mom,XLF,trend,-0.0841,0.185,-0.3412,111
intermediate_mom__start189__end105,intermediate_mom,XLF,trend,-0.0121,1.138,-0.2262,174
intermediate_mom__start168__end84,intermediate_mom,XLF,trend,0.0437,0.1694,-0.3533,178
intermediate_mom__start252__end63,intermediate_mom,XLF,trend,0.3351,0.4888,-0.3299,97
mom_crash_protect__bear_lookback504__bear_thresh-0.2__damp0.0,mom_crash_protect,XLF,trend,0.058,0.1979,-0.3922,72
mom_crash_protect__bear_lookback504__bear_thresh-0.2__damp0.25,mom_crash_protect,XLF,trend,0.0572,0.1979,-0.3922,72
mom_crash_protect__bear_lookback252__bear_thresh-0.2__damp0.0,mom_crash_protect,XLF,trend,0.0773,0.1979,-0.3922,78
mom_crash_protect__bear_lookback504__bear_thresh-0.25__damp0.0,mom_crash_protect,XLF,trend,0.055,0.1979,-0.3922,70
consistent_mom__consistency_thresh0.5,consistent_mom,XLF,trend,0.1997,0.3058,-0.3763,340
consistent_mom__consistency_thresh0.58,consistent_mom,XLF,trend,0.1016,0.2141,-0.3337,504
consistent_mom__consistency_thresh0.67,consistent_mom,XLF,trend,0.1405,0.5294,-0.1582,469
signed_range_mom__period10__threshold0.1,signed_range_mom,XLF,trend,-0.2933,-0.0323,-0.313,1019
signed_range_mom__period21__threshold0.1,signed_range_mom,XLF,trend,-0.0518,0.097,-0.2236,705
signed_range_mom__period21__threshold0.15,signed_range_mom,XLF,trend,-0.0543,0.2995,-0.1734,600
signed_range_mom__period42__threshold0.1,signed_range_mom,XLF,trend,-0.3498,-0.003,-0.1826,527
signed_range_mom__period63__threshold0.1,signed_range_mom,XLF,trend,-0.4665,0.2583,-0.1762,337
multi_tsmom,multi_tsmom,XLF,trend,0.2082,0.4438,-0.3394,353
"multi_tsmom__lookbacks(63, 126, 252)",multi_tsmom,XLF,trend,0.3485,0.378,-0.4123,139
"multi_tsmom__lookbacks(21, 63, 252)",multi_tsmom,XLF,trend,0.081,0.2479,-0.3864,252
"multi_tsmom__lookbacks(21, 63, 126, 252)__weights(0.4, 0.3, 0.2, 0.1)",multi_tsmom,XLF,trend,0.0738,0.4248,-0.3318,248
"multi_tsmom__lookbacks(21, 63, 126, 252)__weights(0.1, 0.2, 0.3, 0.4)",multi_tsmom,XLF,trend,0.2847,0.4421,-0.3715,180
ma_crossover__fast5__slow20__kindsma,ma_crossover,XLE,trend,-0.1164,-0.1399,-0.3557,234
ma_crossover__fast10__slow30__kindsma,ma_crossover,XLE,trend,-0.1703,0.9263,-0.2628,140
ma_crossover__fast20__slow50__kindsma,ma_crossover,XLE,trend,-0.1562,-0.2376,-0.5235,85
ma_crossover__fast50__slow100__kindsma,ma_crossover,XLE,trend,0.1847,-0.7018,-0.6022,38
ma_crossover__fast50__slow200__kindsma,ma_crossover,XLE,trend,0.2474,0.2031,-0.3272,19
ma_crossover__fast100__slow200__kindsma,ma_crossover,XLE,trend,0.0607,0.0921,-0.2734,18
ma_crossover__fast10__slow50__kindsma,ma_crossover,XLE,trend,-0.0123,0.1354,-0.4715,93
ma_crossover__fast20__slow100__kindsma,ma_crossover,XLE,trend,0.1283,-0.3044,-0.4883,46
ma_crossover__fast5__slow20__kindema,ma_crossover,XLE,trend,0.0301,-0.1607,-0.4408,228
ma_crossover__fast12__slow26__kindema,ma_crossover,XLE,trend,-0.0072,0.1872,-0.3455,134
ma_crossover__fast10__slow50__kindema,ma_crossover,XLE,trend,-0.0886,0.3531,-0.321,106
ma_crossover__fast20__slow100__kindema,ma_crossover,XLE,trend,-0.015,-0.1367,-0.3933,56
ts_momentum__period21,ts_momentum,XLE,trend,-0.0167,0.6797,-0.3616,332
ts_momentum__period42,ts_momentum,XLE,trend,0.3278,0.2181,-0.3128,242
ts_momentum__period63,ts_momentum,XLE,trend,0.2117,-0.1205,-0.4077,209
ts_momentum__period126,ts_momentum,XLE,trend,0.002,-0.39,-0.4492,142
ts_momentum__period252,ts_momentum,XLE,trend,0.0301,-0.1816,-0.483,106
roc_momentum__period5,roc_momentum,XLE,trend,0.023,-0.2077,-0.4982,794
roc_momentum__period10,roc_momentum,XLE,trend,0.2489,-0.0412,-0.4156,521
roc_momentum__period20,roc_momentum,XLE,trend,0.2183,0.4854,-0.2946,334
roc_momentum__period30,roc_momentum,XLE,trend,-0.0978,-0.0207,-0.4207,294
roc_momentum__period60,roc_momentum,XLE,trend,0.0887,0.0828,-0.3804,226
macd_signal__fast12__slow26__signal9,macd_signal,XLE,trend,0.2196,0.2942,-0.3807,290
macd_signal__fast8__slow17__signal9,macd_signal,XLE,trend,0.2657,0.3462,-0.3723,363
macd_signal__fast5__slow35__signal5,macd_signal,XLE,trend,0.4068,0.3236,-0.2945,481
macd_signal__fast3__slow10__signal16,macd_signal,XLE,trend,0.3274,0.1221,-0.3698,523
donchian_breakout__period10,donchian_breakout,XLE,trend,-0.2456,0.2661,-0.1504,1003
donchian_breakout__period20,donchian_breakout,XLE,trend,-0.2531,0.8272,-0.0899,710
donchian_breakout__period30,donchian_breakout,XLE,trend,-0.2691,0.7265,-0.1176,574
donchian_breakout__period40,donchian_breakout,XLE,trend,-0.1864,0.882,-0.0711,500
donchian_breakout__period55,donchian_breakout,XLE,trend,-0.1002,0.4373,-0.0786,446
bb_breakout__period20__std1.5,bb_breakout,XLE,trend,-0.2508,0.2263,-0.1475,776
bb_breakout__period20__std2.0,bb_breakout,XLE,trend,-0.3336,0.6255,-0.1141,446
bb_breakout__period20__std2.5,bb_breakout,XLE,trend,-0.2644,0.1899,-0.0452,110
bb_breakout__period30__std2.0,bb_breakout,XLE,trend,-0.3746,0.0919,-0.1465,402
bb_breakout__period50__std2.0,bb_breakout,XLE,trend,-0.2328,-0.0297,-0.1652,328
supertrend__period7__mult2.0,supertrend,XLE,trend,0.3039,-0.216,-0.4027,201
supertrend__period7__mult3.0,supertrend,XLE,trend,-0.2337,0.4942,-0.2378,113
supertrend__period10__mult3.0,supertrend,XLE,trend,-0.2858,0.3226,-0.2765,119
supertrend__period14__mult2.0,supertrend,XLE,trend,0.0564,-0.3495,-0.4808,209
supertrend__period14__mult3.0,supertrend,XLE,trend,-0.062,0.3204,-0.2786,113
parabolic_sar__step0.01__max_af0.1,parabolic_sar,XLE,trend,-0.247,0.4287,-0.222,221
parabolic_sar__step0.02__max_af0.2,parabolic_sar,XLE,trend,0.0803,-0.1502,-0.4721,364
parabolic_sar__step0.03__max_af0.2,parabolic_sar,XLE,trend,0.2871,-0.0336,-0.4274,442
parabolic_sar__step0.05__max_af0.2,parabolic_sar,XLE,trend,0.2724,0.0273,-0.465,568
adx_trend__period14__threshold20,adx_trend,XLE,trend,-0.3048,-0.1551,-0.32,251
adx_trend__period14__threshold25,adx_trend,XLE,trend,-0.3328,0.5091,-0.1695,148
adx_trend__period14__threshold30,adx_trend,XLE,trend,-0.2198,0.3775,-0.1516,96
adx_trend__period21__threshold20,adx_trend,XLE,trend,-0.386,0.2034,-0.2267,124
adx_trend__period21__threshold25,adx_trend,XLE,trend,-0.1133,0.168,-0.1722,73
ichimoku__tenkan9__kijun26__senkou_b52,ichimoku,XLE,trend,0.0015,0.3042,-0.3468,507
ichimoku__tenkan7__kijun22__senkou_b44,ichimoku,XLE,trend,0.1166,-0.0126,-0.3997,552
linreg_slope__period10,linreg_slope,XLE,trend,-0.0235,-0.4336,-0.5267,365
linreg_slope__period20,linreg_slope,XLE,trend,-0.1453,0.5876,-0.3263,178
linreg_slope__period30,linreg_slope,XLE,trend,-0.2139,0.5982,-0.2915,114
linreg_slope__period50,linreg_slope,XLE,trend,0.1785,-0.4994,-0.5414,72
aroon__period14,aroon,XLE,trend,-0.1397,0.4188,-0.2262,246
aroon__period25,aroon,XLE,trend,-0.1725,1.0501,-0.167,134
aroon__period50,aroon,XLE,trend,0.1452,-0.2663,-0.4555,76
vortex__period10,vortex,XLE,trend,0.3605,-0.4008,-0.5459,471
vortex__period14,vortex,XLE,trend,-0.0919,0.3255,-0.2834,396
vortex__period21,vortex,XLE,trend,0.0717,0.4782,-0.3705,304
trix__period9,trix,XLE,trend,-0.0361,0.4324,-0.2301,147
trix__period12,trix,XLE,trend,-0.0217,0.36,-0.3795,119
trix__period18,trix,XLE,trend,0.0281,-0.2823,-0.494,77
hull_ma__period14,hull_ma,XLE,trend,0.2407,-0.0899,-0.4401,553
hull_ma__period20,hull_ma,XLE,trend,-0.0032,0.0597,-0.3346,415
hull_ma__period30,hull_ma,XLE,trend,0.2798,-0.3985,-0.579,277
hull_ma__period50,hull_ma,XLE,trend,-0.1742,0.5895,-0.2961,190
kama__period5,kama,XLE,trend,-0.3417,-0.0725,-0.4002,2026
kama__period10,kama,XLE,trend,-0.1131,0.0,0.0,153
kama__period20,kama,XLE,trend,0.6074,0.0,0.0,42
turtle__entry20__exit_p10,turtle,XLE,trend,-0.2531,0.8272,-0.0899,710
turtle__entry55__exit_p20,turtle,XLE,trend,-0.1002,0.4373,-0.0786,446
turtle__entry10__exit_p5,turtle,XLE,trend,-0.2456,0.2661,-0.1504,1003
dual_momentum__period63,dual_momentum,XLE,trend,0.4974,-0.0313,-0.2902,210
dual_momentum__period126,dual_momentum,XLE,trend,0.2798,-0.2104,-0.3366,142
dual_momentum__period252,dual_momentum,XLE,trend,0.2559,-0.0704,-0.3269,107
elder_ray__period13,elder_ray,XLE,trend,0.163,-0.1868,-0.468,630
elder_ray__period21,elder_ray,XLE,trend,0.217,-0.0228,-0.3214,494
elder_ray__period34,elder_ray,XLE,trend,0.3304,-0.131,-0.3932,362
rsi_reversion__period7__lo30__hi70,rsi_reversion,XLE,meanrev,0.2846,-0.1713,-0.2324,650
rsi_reversion__period7__lo25__hi75,rsi_reversion,XLE,meanrev,0.3889,-0.2775,-0.2011,426
rsi_reversion__period14__lo30__hi70,rsi_reversion,XLE,meanrev,-0.0499,-0.1651,-0.166,202
rsi_reversion__period14__lo25__hi75,rsi_reversion,XLE,meanrev,-0.0518,0.1271,-0.0797,90
rsi_reversion__period14__lo35__hi65,rsi_reversion,XLE,meanrev,0.1989,-0.1438,-0.2365,437
rsi_reversion__period21__lo30__hi70,rsi_reversion,XLE,meanrev,0.1827,0.3961,-0.0795,106
rsi_reversion__period21__lo25__hi75,rsi_reversion,XLE,meanrev,0.113,0.5301,-0.0308,26
rsi_reversion__period28__lo30__hi70,rsi_reversion,XLE,meanrev,0.0553,0.2854,-0.05,54
rsi_reversion__period30__lo30__hi70,rsi_reversion,XLE,meanrev,0.0939,0.2416,-0.0407,42
rsi_reversion__period30__lo25__hi75,rsi_reversion,XLE,meanrev,0.3816,0.0,0.0,12
bb_reversion__period20__std1.5,bb_reversion,XLE,meanrev,0.1761,-0.304,-0.2639,776
bb_reversion__period20__std2.0,bb_reversion,XLE,meanrev,0.2612,-0.7001,-0.3196,446
bb_reversion__period20__std2.5,bb_reversion,XLE,meanrev,0.2205,-0.2266,-0.0842,110
bb_reversion__period30__std2.0,bb_reversion,XLE,meanrev,0.317,-0.1475,-0.1981,402
bb_reversion__period30__std2.5,bb_reversion,XLE,meanrev,0.5877,-0.0786,-0.0966,162
bb_reversion__period50__std2.0,bb_reversion,XLE,meanrev,0.1913,-0.0168,-0.2154,328
zscore_reversion__period10__threshold1.0,zscore_reversion,XLE,meanrev,-0.0799,0.0173,-0.271,1280
zscore_reversion__period20__threshold1.5,zscore_reversion,XLE,meanrev,0.1761,-0.304,-0.2639,776
zscore_reversion__period20__threshold2.0,zscore_reversion,XLE,meanrev,0.2612,-0.7001,-0.3196,446
zscore_reversion__period30__threshold1.5,zscore_reversion,XLE,meanrev,0.2587,-0.439,-0.3154,682
zscore_reversion__period30__threshold2.0,zscore_reversion,XLE,meanrev,0.317,-0.1475,-0.1981,402
zscore_reversion__period60__threshold2.0,zscore_reversion,XLE,meanrev,-0.1626,-0.1504,-0.2314,296
stochastic__k5__d3__lo20__hi80,stochastic,XLE,meanrev,0.1545,0.5887,-0.15,812
stochastic__k14__d3__lo20__hi80,stochastic,XLE,meanrev,0.0135,-0.2569,-0.3492,616
stochastic__k14__d3__lo30__hi70,stochastic,XLE,meanrev,-0.0715,-0.0067,-0.3341,629
stochastic__k14__d5__lo20__hi80,stochastic,XLE,meanrev,0.0268,-0.085,-0.323,444
stochastic__k21__d3__lo20__hi80,stochastic,XLE,meanrev,-0.002,-0.1934,-0.295,523
cci_reversion__period14__threshold100,cci_reversion,XLE,meanrev,-0.0934,0.1653,-0.1795,981
cci_reversion__period14__threshold150,cci_reversion,XLE,meanrev,0.0891,-0.0798,-0.1747,542
cci_reversion__period20__threshold100,cci_reversion,XLE,meanrev,0.0093,-0.4439,-0.403,799
cci_reversion__period20__threshold150,cci_reversion,XLE,meanrev,0.0988,-0.3739,-0.2505,484
cci_reversion__period30__threshold100,cci_reversion,XLE,meanrev,-0.0252,-0.5177,-0.3609,610
williams_r__period14__lo-80__hi-20,williams_r,XLE,meanrev,0.0956,0.0324,-0.1954,1080
williams_r__period14__lo-90__hi-10,williams_r,XLE,meanrev,0.3994,-1.0252,-0.4428,1002
williams_r__period21__lo-80__hi-20,williams_r,XLE,meanrev,0.1092,-0.3157,-0.3455,871
williams_r__period28__lo-80__hi-20,williams_r,XLE,meanrev,0.0811,-0.5882,-0.4208,759
keltner_reversion__period20__mult1.5,keltner_reversion,XLE,meanrev,0.3788,-0.7824,-0.4597,621
keltner_reversion__period20__mult2.0,keltner_reversion,XLE,meanrev,0.3812,-0.2548,-0.2315,442
keltner_reversion__period20__mult2.5,keltner_reversion,XLE,meanrev,0.2912,-0.2802,-0.2012,238
keltner_reversion__period30__mult2.0,keltner_reversion,XLE,meanrev,0.2517,-0.2397,-0.2944,491
vwap_reversion__period20__z_thresh1.0,vwap_reversion,XLE,meanrev,-0.1417,-0.1434,-0.3101,759
vwap_reversion__period20__z_thresh1.5,vwap_reversion,XLE,meanrev,0.1525,-0.3649,-0.3592,668
vwap_reversion__period20__z_thresh2.0,vwap_reversion,XLE,meanrev,0.2259,-0.4026,-0.2595,492
percent_b__period20__std2.0__lo0.05__hi0.95,percent_b,XLE,meanrev,0.2369,-0.688,-0.335,568
percent_b__period20__std2.0__lo0.1__hi0.9,percent_b,XLE,meanrev,0.2789,-0.5,-0.3247,718
percent_b__period20__std2.0__lo0.2__hi0.8,percent_b,XLE,meanrev,0.0753,-0.533,-0.3818,906
percent_b__period30__std2.0__lo0.2__hi0.8,percent_b,XLE,meanrev,-0.1965,-0.4659,-0.342,672
connors_rsi__rsi_period3__streak_period2__rank_period100,connors_rsi,XLE,meanrev,0.0939,-0.7906,-0.4413,1184
connors_rsi__rsi_period2__streak_period3__rank_period100,connors_rsi,XLE,meanrev,0.0313,-0.7712,-0.4473,1234
ultimate_osc__p17__p214__p328,ultimate_osc,XLE,meanrev,0.5829,-0.0082,-0.1143,152
ultimate_osc__p14__p28__p316,ultimate_osc,XLE,meanrev,0.2411,0.3304,-0.0986,458
gap_fade__threshold0.01,gap_fade,XLE,meanrev,-0.019,-0.1599,-0.2172,1127
gap_fade__threshold0.015,gap_fade,XLE,meanrev,0.0975,-0.4162,-0.2257,610
gap_fade__threshold0.02,gap_fade,XLE,meanrev,-0.0087,-0.0366,-0.1378,318
obv_trend__period10,obv_trend,XLE,volume,0.3121,0.1185,-0.3907,750
obv_trend__period20,obv_trend,XLE,volume,0.3884,0.1891,-0.4612,482
obv_trend__period50,obv_trend,XLE,volume,-0.0918,0.4035,-0.2422,299
chaikin_mf__period10,chaikin_mf,XLE,volume,0.1464,-0.5233,-0.5622,579
chaikin_mf__period20,chaikin_mf,XLE,volume,-0.1459,-0.4306,-0.5322,399
chaikin_mf__period21,chaikin_mf,XLE,volume,-0.1228,-0.2986,-0.5731,371
mfi__period10,mfi,XLE,volume,0.1506,0.1242,-0.1584,272
mfi__period14,mfi,XLE,volume,0.0017,0.1573,-0.0858,128
mfi__period21,mfi,XLE,volume,0.0495,-0.3855,-0.0682,34
volume_surge__period10__mult1.5,volume_surge,XLE,volume,0.2105,0.6337,-0.0743,372
volume_surge__period20__mult2.0,volume_surge,XLE,volume,-0.1283,0.5465,-0.0186,93
volume_surge__period20__mult3.0,volume_surge,XLE,volume,0.0,0.0,0.0,0
force_index__period2,force_index,XLE,volume,0.0768,-0.2394,-0.5028,1372
force_index__period13,force_index,XLE,volume,0.0551,-0.1511,-0.4965,541
force_index__period20,force_index,XLE,volume,0.0106,-0.0089,-0.3453,417
chaikin_osc__fast3__slow10,chaikin_osc,XLE,volume,0.6073,-1.0664,-0.7492,402
chaikin_osc__fast3__slow12,chaikin_osc,XLE,volume,0.5323,-1.0542,-0.7454,370
chaikin_osc__fast5__slow12,chaikin_osc,XLE,volume,0.4384,-0.8787,-0.6946,286
atr_breakout__period10__mult1.5,atr_breakout,XLE,volatility,-0.2943,0.0707,-0.1564,576
atr_breakout__period14__mult1.5,atr_breakout,XLE,volatility,-0.3976,0.506,-0.1481,648
atr_breakout__period14__mult2.0,atr_breakout,XLE,volatility,-0.2511,0.0155,-0.1968,400
atr_breakout__period20__mult2.0,atr_breakout,XLE,volatility,-0.3215,0.5068,-0.1359,487
atr_breakout__period20__mult2.5,atr_breakout,XLE,volatility,-0.4931,0.2702,-0.1464,372
vol_breakout__period10__mult0.5,vol_breakout,XLE,volatility,-0.1128,0.4801,-0.2717,2521
vol_breakout__period20__mult1.0,vol_breakout,XLE,volatility,-0.3344,0.0389,-0.2649,2196
vol_breakout__period20__mult1.5,vol_breakout,XLE,volatility,-0.3042,0.4393,-0.217,1486
vol_breakout__period30__mult1.0,vol_breakout,XLE,volatility,-0.399,0.083,-0.2679,2164
squeeze_breakout__bb_period20__kc_period20__bb_std2.0__kc_mult1.5,squeeze_breakout,XLE,volatility,0.1416,0.3376,-0.3134,218
squeeze_breakout__bb_period20__kc_period20__bb_std2.0__kc_mult1.0,squeeze_breakout,XLE,volatility,0.1658,0.5871,-0.3102,116
squeeze_breakout__bb_period30__kc_period30__bb_std2.0__kc_mult1.5,squeeze_breakout,XLE,volatility,0.2527,0.0817,-0.3393,84
engulfing,engulfing,XLE,pattern,-0.4068,-0.0727,-0.1232,479
three_bar_reversal,three_bar_reversal,XLE,pattern,-0.0554,-0.3904,-0.3176,915
higher_highs_lows__period5,higher_highs_lows,XLE,pattern,0.1003,-0.0645,-0.3094,770
higher_highs_lows__period10,higher_highs_lows,XLE,pattern,0.08,0.1961,-0.3154,429
higher_highs_lows__period20,higher_highs_lows,XLE,pattern,-0.302,0.1711,-0.2721,231
pivot_bounce__period5,pivot_bounce,XLE,pattern,-0.0604,0.3984,-0.1966,1249
pivot_bounce__period10,pivot_bounce,XLE,pattern,0.1491,-0.5142,-0.333,1155
pivot_bounce__period20,pivot_bounce,XLE,pattern,0.2165,-0.3054,-0.2439,948
macd_rsi_combo__fast12__slow26__signal9__rsi_period14__rsi_lo40__rsi_hi60,macd_rsi_combo,XLE,composite,-0.2105,0.4258,-0.1293,581
macd_rsi_combo__fast12__slow26__signal9__rsi_period14__rsi_lo45__rsi_hi55,macd_rsi_combo,XLE,composite,0.0213,0.1669,-0.2151,647
macd_rsi_combo__fast8__slow21__signal5__rsi_period14__rsi_lo40__rsi_hi60,macd_rsi_combo,XLE,composite,-0.0421,0.6377,-0.1322,588
macd_rsi_combo__fast5__slow35__signal5__rsi_period14__rsi_lo40__rsi_hi60,macd_rsi_combo,XLE,composite,-0.0507,0.633,-0.144,616
triple_screen__trend_period20__osc_period14__osc_lo40__osc_hi60,triple_screen,XLE,composite,0.0675,0.0,0.0,4
triple_screen__trend_period30__osc_period14__osc_lo40__osc_hi60,triple_screen,XLE,composite,0.1377,0.0,0.0,2
triple_screen__trend_period50__osc_period14__osc_lo35__osc_hi65,triple_screen,XLE,composite,0.1377,0.0,0.0,2
triple_screen__trend_period20__osc_period7__osc_lo30__osc_hi70,triple_screen,XLE,composite,0.0,0.0,0.0,0
chandelier_exit__period14__mult2.0,chandelier_exit,XLE,composite,0.4828,-0.2682,-0.4872,524
chandelier_exit__period22__mult3.0,chandelier_exit,XLE,composite,0.0234,-0.3165,-0.4911,356
chandelier_exit__period22__mult2.0,chandelier_exit,XLE,composite,0.2504,0.0047,-0.3588,597
chandelier_exit__period10__mult2.0,chandelier_exit,XLE,composite,0.587,-0.2909,-0.4756,503
high52_momentum__period252__threshold0.7,high52_momentum,XLE,trend,0.2698,0.2099,-0.246,170
high52_momentum__period252__threshold0.75,high52_momentum,XLE,trend,0.0749,-0.0106,-0.2615,194
high52_momentum__period252__threshold0.8,high52_momentum,XLE,trend,0.0001,-0.0779,-0.3154,216
high52_momentum__period126__threshold0.7,high52_momentum,XLE,trend,0.1536,-0.093,-0.3278,297
high52_momentum__period126__threshold0.75,high52_momentum,XLE,trend,-0.0644,-0.2759,-0.3506,319
short_reversal__period5,short_reversal,XLE,meanrev,-0.1087,0.1163,-0.3384,794
short_reversal__period10,short_reversal,XLE,meanrev,-0.304,-0.0203,-0.3163,521
short_reversal__period15,short_reversal,XLE,meanrev,-0.0535,-0.236,-0.4489,440
short_reversal__period20,short_reversal,XLE,meanrev,-0.2568,-0.5205,-0.5996,334
low_vol_regime__period20__ma_period60,low_vol_regime,XLE,volatility,-0.0817,0.5998,-0.1123,134
low_vol_regime__period20__ma_period120,low_vol_regime,XLE,volatility,-0.0711,0.3141,-0.1782,134
low_vol_regime__period60__ma_period120,low_vol_regime,XLE,volatility,0.0361,-0.9993,-0.4487,42
low_vol_regime__period20__ma_period252,low_vol_regime,XLE,volatility,-0.1285,-0.467,-0.3957,160
low_vol_regime__period60__ma_period252,low_vol_regime,XLE,volatility,-0.3244,-0.4531,-0.3685,82
low_vol_regime__period120__ma_period252,low_vol_regime,XLE,volatility,0.0468,0.099,-0.1444,48
nr_breakout__nr_period4__exit_bars3,nr_breakout,XLE,pattern,-0.1423,-0.1549,-0.359,974
nr_breakout__nr_period4__exit_bars5,nr_breakout,XLE,pattern,-0.2374,0.2669,-0.2835,752
nr_breakout__nr_period7__exit_bars3,nr_breakout,XLE,pattern,-0.0748,0.257,-0.2331,693
nr_breakout__nr_period7__exit_bars5,nr_breakout,XLE,pattern,-0.0396,0.5362,-0.2208,595
nr_breakout__nr_period10__exit_bars5,nr_breakout,XLE,pattern,0.1666,0.0371,-0.1981,477
nr_breakout__nr_period10__exit_bars10,nr_breakout,XLE,pattern,0.4224,-0.3948,-0.3277,367
overnight_gap__period1__threshold0.001,overnight_gap,XLE,volume,-0.2518,0.6204,-0.3372,2240
overnight_gap__period1__threshold0.003,overnight_gap,XLE,volume,-0.2471,0.4387,-0.3624,2457
overnight_gap__period3__threshold0.001,overnight_gap,XLE,volume,-0.1364,0.8337,-0.1721,1490
overnight_gap__period3__threshold0.003,overnight_gap,XLE,volume,-0.1823,0.2887,-0.331,1360
overnight_gap__period5__threshold0.001,overnight_gap,XLE,volume,-0.3689,0.8193,-0.2063,1232
overnight_gap__period5__threshold0.003,overnight_gap,XLE,volume,-0.2027,0.26,-0.2487,989
coppock_curve__roc1252__roc2189__wma_period63,coppock_curve,XLE,trend,-0.0421,0.4835,-0.2128,10
coppock_curve__roc1189__roc2126__wma_period42,coppock_curve,XLE,trend,0.2668,0.5984,-0.2106,12
coppock_curve__roc1126__roc2100__wma_period21,coppock_curve,XLE,trend,0.0907,-0.222,-0.4198,36
bll_filter__pct0.005__hold0,bll_filter,XLE,trend,-0.0435,0.1914,-0.3723,1303
bll_filter__pct0.01__hold0,bll_filter,XLE,trend,0.1632,0.2435,-0.3762,927
bll_filter__pct0.02__hold0,bll_filter,XLE,trend,-0.0167,0.3548,-0.3487,543
bll_filter__pct0.005__hold10,bll_filter,XLE,trend,-0.019,0.2172,-0.3663,1340
bll_filter__pct0.01__hold10,bll_filter,XLE,trend,0.1962,0.2724,-0.3762,1014
bll_filter__pct0.01__hold20,bll_filter,XLE,trend,0.1334,0.2329,-0.3762,940
bll_filter__pct0.02__hold10,bll_filter,XLE,trend,-0.0909,0.3705,-0.3534,711
frog_in_pan__lookback252__skip21__id_cutoff0.5,frog_in_pan,XLE,trend,-0.0143,-0.1261,-0.5117,166
frog_in_pan__lookback252__skip21__id_cutoff0.45,frog_in_pan,XLE,trend,-0.1425,-0.4603,-0.2139,115
frog_in_pan__lookback252__skip0__id_cutoff0.5,frog_in_pan,XLE,trend,-0.0097,-0.1071,-0.4393,166
frog_in_pan__lookback126__skip21__id_cutoff0.5,frog_in_pan,XLE,trend,0.0343,-0.119,-0.2683,251
frog_in_pan__lookback126__skip21__id_cutoff0.45,frog_in_pan,XLE,trend,-0.5711,-0.5444,-0.417,169
vol_mom__mom_period126__vol_period126__skip21__vol_weight0.5,vol_mom,XLE,composite,-0.1237,-0.3619,-0.3874,172
vol_mom__mom_period126__vol_period126__skip0__vol_weight0.5,vol_mom,XLE,composite,-0.0854,-0.5943,-0.4036,170
vol_mom__mom_period252__vol_period126__skip21__vol_weight0.5,vol_mom,XLE,composite,0.0342,-0.3354,-0.3927,142
vol_mom__mom_period63__vol_period63__skip0__vol_weight0.3,vol_mom,XLE,composite,0.2612,-0.1205,-0.4077,192
vol_mom__mom_period126__vol_period126__skip21__vol_weight0.3,vol_mom,XLE,composite,-0.0479,-0.1034,-0.3548,135
seasonality__n_years2,seasonality,XLE,pattern,-0.0481,-0.0736,-0.5012,89
seasonality__n_years3,seasonality,XLE,pattern,-0.1492,-0.7517,-0.6596,84
seasonality__n_years5,seasonality,XLE,pattern,-0.4764,-0.1166,-0.4188,88
residual_mom__lookback252__skip21,residual_mom,XLE,trend,0.223,-0.1967,-0.5331,94
residual_mom__lookback252__skip0,residual_mom,XLE,trend,0.0278,0.1849,-0.3335,94
residual_mom__lookback126__skip21,residual_mom,XLE,trend,0.154,0.0729,-0.32,161
vol_scaled_mom__rv_window21__vol_target0.12__damp0.5,vol_scaled_mom,XLE,trend,0.0178,0.0107,-0.2798,3231
vol_scaled_mom__rv_window21__vol_target0.08__damp0.5,vol_scaled_mom,XLE,trend,0.0159,0.0186,-0.1959,3478
vol_scaled_mom__rv_window63__vol_target0.12__damp0.5,vol_scaled_mom,XLE,trend,0.1429,-0.0192,-0.2847,3359
vol_scaled_mom__rv_window21__vol_target0.12__damp0.0,vol_scaled_mom,XLE,trend,0.0095,-0.0383,-0.2921,3073
vol_scaled_mom__rv_window21__vol_target0.15__damp0.5,vol_scaled_mom,XLE,trend,0.0449,-0.0213,-0.3346,2784
dema_crossover__fast5__slow20,dema_crossover,XLE,trend,0.471,0.5174,-0.3199,385
dema_crossover__fast10__slow40,dema_crossover,XLE,trend,0.022,0.5021,-0.2459,208
dema_crossover__fast12__slow26,dema_crossover,XLE,trend,0.0178,0.4558,-0.3525,230
dema_crossover__fast20__slow50,dema_crossover,XLE,trend,-0.0567,0.125,-0.351,140
dema_crossover__fast10__slow30,dema_crossover,XLE,trend,0.0422,0.6247,-0.2804,236
tema_crossover__fast5__slow20,tema_crossover,XLE,trend,0.299,-0.3154,-0.5362,553
tema_crossover__fast10__slow40,tema_crossover,XLE,trend,0.1353,0.4655,-0.3725,260
tema_crossover__fast12__slow26,tema_crossover,XLE,trend,0.3144,-0.0971,-0.4985,303
tema_crossover__fast20__slow50,tema_crossover,XLE,trend,0.1235,0.3018,-0.4337,166
tema_crossover__fast10__slow30,tema_crossover,XLE,trend,0.3639,0.0987,-0.4564,303
price_acceleration__period10__smooth3,price_acceleration,XLE,trend,-0.0159,0.0027,-0.4962,1011
price_acceleration__period20__smooth5,price_acceleration,XLE,trend,-0.0709,-0.5242,-0.6168,761
price_acceleration__period20__smooth3,price_acceleration,XLE,trend,-0.0499,-0.2143,-0.5757,990
price_acceleration__period30__smooth5,price_acceleration,XLE,trend,0.2167,-0.1115,-0.378,734
price_acceleration__period40__smooth10,price_acceleration,XLE,trend,0.279,0.2271,-0.3472,579
price_acceleration__period10__smooth5,price_acceleration,XLE,trend,0.5561,-0.5603,-0.6046,757
turn_of_month__days_before3__days_after3,turn_of_month,XLE,pattern,0.3972,0.3511,-0.1752,360
turn_of_month__days_before4__days_after4,turn_of_month,XLE,pattern,0.5367,0.2979,-0.2323,360
turn_of_month__days_before5__days_after5,turn_of_month,XLE,pattern,0.5639,0.578,-0.2393,360
turn_of_month__days_before3__days_after5,turn_of_month,XLE,pattern,0.4134,0.3553,-0.2671,360
trend_intensity__period20,trend_intensity,XLE,trend,0.1912,0.2173,-0.1194,388
trend_intensity__period30,trend_intensity,XLE,trend,0.1319,0.4863,-0.1536,290
trend_intensity__period50,trend_intensity,XLE,trend,0.0562,-0.7123,-0.2817,164
trend_intensity__period63,trend_intensity,XLE,trend,0.2254,-0.7345,-0.3395,180
ma_regime_momentum__regime_ma200__mom_period126__skip21,ma_regime_momentum,XLE,trend,0.1116,-0.0082,-0.3292,242
ma_regime_momentum__regime_ma200__mom_period252__skip21,ma_regime_momentum,XLE,trend,0.1459,0.023,-0.3221,205
ma_regime_momentum__regime_ma200__mom_period63__skip0,ma_regime_momentum,XLE,trend,0.2488,-0.0185,-0.3695,309
ma_regime_momentum__regime_ma100__mom_period126__skip21,ma_regime_momentum,XLE,trend,0.0306,-0.0012,-0.3145,308
ma_regime_momentum__regime_ma50__mom_period63__skip0,ma_regime_momentum,XLE,trend,0.2696,0.0247,-0.3507,417
fisher_transform__period5,fisher_transform,XLE,trend,0.3143,0.0829,-0.4136,886
fisher_transform__period10,fisher_transform,XLE,trend,0.3405,0.2378,-0.3665,576
fisher_transform__period20,fisher_transform,XLE,trend,0.3032,-0.121,-0.4222,412
fisher_transform__period30,fisher_transform,XLE,trend,0.1674,0.2091,-0.3039,319
relative_vigor__period10,relative_vigor,XLE,trend,0.1352,0.3769,-0.3154,1090
relative_vigor__period14,relative_vigor,XLE,trend,0.1352,0.3769,-0.3154,1090
relative_vigor__period20,relative_vigor,XLE,trend,0.1352,0.3769,-0.3154,1090
chande_momentum__period14__threshold0.0,chande_momentum,XLE,trend,-0.0204,0.087,-0.3601,434
chande_momentum__period20__threshold0.0,chande_momentum,XLE,trend,0.2181,0.4854,-0.2946,335
chande_momentum__period20__threshold10.0,chande_momentum,XLE,trend,0.0165,0.3036,-0.2918,672
chande_momentum__period30__threshold0.0,chande_momentum,XLE,trend,-0.0955,-0.0207,-0.4207,295
chande_momentum__period9__threshold0.0,chande_momentum,XLE,trend,0.2967,-0.1011,-0.4925,531
demarker__period14__hi_thresh0.7__lo_thresh0.3,demarker,XLE,meanrev,0.3033,-0.2219,-0.2755,503
demarker__period14__hi_thresh0.8__lo_thresh0.2,demarker,XLE,meanrev,-0.1465,0.1235,-0.1766,195
demarker__period21__hi_thresh0.7__lo_thresh0.3,demarker,XLE,meanrev,0.0843,-0.0523,-0.205,317
demarker__period9__hi_thresh0.7__lo_thresh0.3,demarker,XLE,meanrev,0.1426,0.2354,-0.2304,775
stoch_rsi__rsi_period14__stoch_period14__lo20.0__hi80.0,stoch_rsi,XLE,meanrev,-0.0098,-0.0261,-0.2685,774
stoch_rsi__rsi_period14__stoch_period14__lo10.0__hi90.0,stoch_rsi,XLE,meanrev,0.35,-0.0826,-0.2629,684
stoch_rsi__rsi_period7__stoch_period14__lo20.0__hi80.0,stoch_rsi,XLE,meanrev,-0.0166,-0.1242,-0.3646,813
stoch_rsi__rsi_period21__stoch_period21__lo20.0__hi80.0,stoch_rsi,XLE,meanrev,-0.1087,0.3121,-0.2142,626
hurst_regime__period100__trend_thresh0.55__mr_thresh0.45,hurst_regime,XLE,trend,0.0795,0.2684,-0.3321,388
hurst_regime__period60__trend_thresh0.55__mr_thresh0.45,hurst_regime,XLE,trend,-0.3393,-0.471,-0.3144,573
hurst_regime__period100__trend_thresh0.58__mr_thresh0.42,hurst_regime,XLE,trend,-0.0545,-0.2909,-0.1331,146
psych_line__period12__hi_thresh75.0__lo_thresh25.0,psych_line,XLE,meanrev,-0.0104,0.7145,-0.0382,112
psych_line__period12__hi_thresh65.0__lo_thresh35.0,psych_line,XLE,meanrev,-0.036,0.0053,-0.2507,653
psych_line__period20__hi_thresh70.0__lo_thresh30.0,psych_line,XLE,meanrev,0.0973,0.5915,-0.0639,103
er_regime__er_period10__mom_period20__er_thresh0.4,er_regime,XLE,trend,-0.1871,0.1841,-0.4251,1523
er_regime__er_period10__mom_period20__er_thresh0.3,er_regime,XLE,trend,-0.2069,0.8239,-0.3047,1593
er_regime__er_period14__mom_period20__er_thresh0.4,er_regime,XLE,trend,-0.1989,-0.0418,-0.3955,1345
er_regime__er_period20__mom_period40__er_thresh0.4,er_regime,XLE,trend,-0.3019,-0.2917,-0.4664,1037
er_regime__er_period10__mom_period10__er_thresh0.4,er_regime,XLE,trend,-0.0479,-0.5626,-0.514,1735
mcginley_dynamic__fast5__slow20,mcginley_dynamic,XLE,trend,0.0668,0.1437,-0.426,196
mcginley_dynamic__fast10__slow40,mcginley_dynamic,XLE,trend,0.2894,0.0496,-0.3709,90
mcginley_dynamic__fast12__slow26,mcginley_dynamic,XLE,trend,-0.0089,0.3014,-0.3451,110
mcginley_dynamic__fast5__slow14,mcginley_dynamic,XLE,trend,0.1255,-0.3591,-0.479,258
cci_trend__period14__threshold50.0,cci_trend,XLE,trend,0.2992,-0.015,-0.3598,924
cci_trend__period20__threshold50.0,cci_trend,XLE,trend,0.0893,0.0011,-0.3035,800
cci_trend__period20__threshold100.0,cci_trend,XLE,trend,-0.0728,0.3752,-0.1676,799
cci_trend__period30__threshold50.0,cci_trend,XLE,trend,0.1778,0.4472,-0.2315,600
cci_trend__period14__threshold100.0,cci_trend,XLE,trend,0.0122,-0.2493,-0.2906,981
volume_roc__period10__signal_period5,volume_roc,XLE,volume,0.4455,0.8616,-0.2026,882
volume_roc__period14__signal_period10,volume_roc,XLE,volume,0.3925,-0.0122,-0.2344,674
volume_roc__period20__signal_period10,volume_roc,XLE,volume,0.5191,0.1076,-0.2613,552
volume_roc__period5__signal_period3,volume_roc,XLE,volume,-0.043,-0.0401,-0.3079,1304
hv_ratio__fast_period10__slow_period100__thresh_hi1.5__thresh_lo0.7,hv_ratio,XLE,volatility,0.112,0.6056,-0.139,400
hv_ratio__fast_period10__slow_period60__thresh_hi1.5__thresh_lo0.7,hv_ratio,XLE,volatility,0.3216,0.0133,-0.2446,389
hv_ratio__fast_period21__slow_period100__thresh_hi1.5__thresh_lo0.7,hv_ratio,XLE,volatility,0.2914,0.0006,-0.1666,164
hv_ratio__fast_period10__slow_period100__thresh_hi2.0__thresh_lo0.5,hv_ratio,XLE,volatility,0.2213,0.2436,-0.073,134
zscore_trend__z_period20__trend_period50__z_thresh1.5,zscore_trend,XLE,meanrev,0.0247,-0.0615,-0.0612,76
zscore_trend__z_period20__trend_period50__z_thresh1.0,zscore_trend,XLE,meanrev,0.097,0.4608,-0.0502,226
zscore_trend__z_period20__trend_period100__z_thresh1.5,zscore_trend,XLE,meanrev,0.245,0.7322,-0.081,214
zscore_trend__z_period30__trend_period100__z_thresh2.0,zscore_trend,XLE,meanrev,-0.0363,0.753,-0.0374,52
cmo_fisher__fisher_period10__cmo_period14__score_thresh0.3,cmo_fisher,XLE,trend,-0.2421,0.5499,-0.1314,824
cmo_fisher__fisher_period10__cmo_period14__score_thresh0.2,cmo_fisher,XLE,trend,-0.3833,0.4304,-0.2074,966
cmo_fisher__fisher_period14__cmo_period20__score_thresh0.3,cmo_fisher,XLE,trend,-0.4741,0.4928,-0.1454,695
cmo_fisher__fisher_period8__cmo_period14__score_thresh0.2,cmo_fisher,XLE,trend,-0.3833,0.6025,-0.1405,1063
rvi_divergence__rvi_period10__lookback5,rvi_divergence,XLE,meanrev,-0.0666,0.1417,-0.0449,28
rvi_divergence__rvi_period10__lookback8,rvi_divergence,XLE,meanrev,-0.3294,-0.7794,-0.1643,16
rvi_divergence__rvi_period14__lookback5,rvi_divergence,XLE,meanrev,-0.0666,0.1417,-0.0449,28
adaptive_rsi__base_period14__fast_n2__slow_n30,adaptive_rsi,XLE,meanrev,0.0183,-0.4439,-0.5768,243
adaptive_rsi__base_period14__fast_n2__slow_n60,adaptive_rsi,XLE,meanrev,-0.108,-0.4122,-0.566,229
adaptive_rsi__base_period9__fast_n2__slow_n30,adaptive_rsi,XLE,meanrev,-0.1979,-0.2757,-0.4292,379
adaptive_rsi__base_period21__fast_n2__slow_n30,adaptive_rsi,XLE,meanrev,0.1062,0.3656,-0.3969,173
elder_impulse__ema_period8,elder_impulse,XLE,composite,0.1629,0.0833,-0.4015,1457
elder_impulse__ema_period13,elder_impulse,XLE,composite,0.0883,0.1059,-0.4226,1394
elder_impulse__ema_period20,elder_impulse,XLE,composite,0.1477,0.244,-0.3609,1324
klinger_osc__fast34__slow55__signal13,klinger_osc,XLE,volume,0.2228,0.1808,-0.3023,703
klinger_osc__fast21__slow34__signal9,klinger_osc,XLE,volume,0.2381,0.7127,-0.3648,881
klinger_osc__fast55__slow89__signal13,klinger_osc,XLE,volume,-0.1416,0.7739,-0.2103,674
price_oscillator__fast10__slow30__signal9,price_oscillator,XLE,trend,0.3497,0.3629,-0.306,278
price_oscillator__fast12__slow26__signal9,price_oscillator,XLE,trend,0.2203,0.2792,-0.3867,284
price_oscillator__fast5__slow20__signal5,price_oscillator,XLE,trend,0.3065,-0.0416,-0.4462,543
price_oscillator__fast20__slow50__signal9,price_oscillator,XLE,trend,-0.0376,0.4824,-0.2529,220
baz_trend__ewmstd_span42,baz_trend,XLE,trend,0.056,-0.1953,-0.4621,91
baz_trend__ewmstd_span63,baz_trend,XLE,trend,0.056,-0.1953,-0.4621,91
baz_trend__ewmstd_span126,baz_trend,XLE,trend,0.056,-0.1953,-0.4621,91
intermediate_mom__start252__end126,intermediate_mom,XLE,trend,0.0045,0.0747,-0.5565,139
intermediate_mom__start189__end105,intermediate_mom,XLE,trend,-0.098,0.8015,-0.4047,154
intermediate_mom__start168__end84,intermediate_mom,XLE,trend,-0.2883,0.0834,-0.4307,154
intermediate_mom__start252__end63,intermediate_mom,XLE,trend,0.0565,-0.179,-0.4988,95
mom_crash_protect__bear_lookback504__bear_thresh-0.2__damp0.0,mom_crash_protect,XLE,trend,0.2261,0.1516,-0.3872,157
mom_crash_protect__bear_lookback504__bear_thresh-0.2__damp0.25,mom_crash_protect,XLE,trend,0.2068,0.1014,-0.4077,161
mom_crash_protect__bear_lookback252__bear_thresh-0.2__damp0.0,mom_crash_protect,XLE,trend,0.2749,-0.0713,-0.5043,150
mom_crash_protect__bear_lookback504__bear_thresh-0.25__damp0.0,mom_crash_protect,XLE,trend,0.2824,0.0642,-0.4304,168
consistent_mom__consistency_thresh0.5,consistent_mom,XLE,trend,0.2736,-0.0651,-0.385,444
consistent_mom__consistency_thresh0.58,consistent_mom,XLE,trend,0.1867,0.3031,-0.1807,528
consistent_mom__consistency_thresh0.67,consistent_mom,XLE,trend,-0.2803,-0.2346,-0.1426,324
signed_range_mom__period10__threshold0.1,signed_range_mom,XLE,trend,0.3669,0.0624,-0.2793,1005
signed_range_mom__period21__threshold0.1,signed_range_mom,XLE,trend,0.2171,0.0165,-0.4158,635
signed_range_mom__period21__threshold0.15,signed_range_mom,XLE,trend,0.0461,-0.0446,-0.4049,603
signed_range_mom__period42__threshold0.1,signed_range_mom,XLE,trend,0.3701,-0.6064,-0.4895,437
signed_range_mom__period63__threshold0.1,signed_range_mom,XLE,trend,0.1881,-0.3959,-0.3688,363
multi_tsmom,multi_tsmom,XLE,trend,0.0606,0.0278,-0.3528,384
"multi_tsmom__lookbacks(63, 126, 252)",multi_tsmom,XLE,trend,0.1034,0.134,-0.3416,173
"multi_tsmom__lookbacks(21, 63, 252)",multi_tsmom,XLE,trend,0.0204,0.2266,-0.3676,254
"multi_tsmom__lookbacks(21, 63, 126, 252)__weights(0.4, 0.3, 0.2, 0.1)",multi_tsmom,XLE,trend,-0.0211,-0.0828,-0.4582,259
"multi_tsmom__lookbacks(21, 63, 126, 252)__weights(0.1, 0.2, 0.3, 0.4)",multi_tsmom,XLE,trend,0.0383,0.2358,-0.3216,222
ma_crossover__fast5__slow20__kindsma,ma_crossover,XLV,trend,0.3158,-0.5828,-0.4198,228
ma_crossover__fast10__slow30__kindsma,ma_crossover,XLV,trend,-0.1504,0.2295,-0.246,138
ma_crossover__fast20__slow50__kindsma,ma_crossover,XLV,trend,0.0221,-0.0629,-0.3066,73
ma_crossover__fast50__slow100__kindsma,ma_crossover,XLV,trend,-0.3874,0.5278,-0.1973,34
ma_crossover__fast50__slow200__kindsma,ma_crossover,XLV,trend,0.3005,0.158,-0.3195,24
ma_crossover__fast100__slow200__kindsma,ma_crossover,XLV,trend,0.5522,0.5537,-0.1702,15
ma_crossover__fast10__slow50__kindsma,ma_crossover,XLV,trend,-0.0976,0.2908,-0.2399,83
ma_crossover__fast20__slow100__kindsma,ma_crossover,XLV,trend,0.2122,0.1812,-0.233,46
ma_crossover__fast5__slow20__kindema,ma_crossover,XLV,trend,0.0226,-0.4096,-0.4648,225
ma_crossover__fast12__slow26__kindema,ma_crossover,XLV,trend,0.0186,0.4629,-0.2555,115
ma_crossover__fast10__slow50__kindema,ma_crossover,XLV,trend,0.1369,-0.1118,-0.358,93
ma_crossover__fast20__slow100__kindema,ma_crossover,XLV,trend,0.0234,0.3264,-0.3086,49
ts_momentum__period21,ts_momentum,XLV,trend,-0.087,-0.0457,-0.3186,310
ts_momentum__period42,ts_momentum,XLV,trend,0.0556,-0.0533,-0.3307,233
ts_momentum__period63,ts_momentum,XLV,trend,-0.0558,0.2103,-0.3179,199
ts_momentum__period126,ts_momentum,XLV,trend,-0.2083,0.2869,-0.3488,150
ts_momentum__period252,ts_momentum,XLV,trend,0.2502,0.4742,-0.2158,70
roc_momentum__period5,roc_momentum,XLV,trend,-0.299,0.0236,-0.3666,755
roc_momentum__period10,roc_momentum,XLV,trend,0.1868,-0.2875,-0.3379,517
roc_momentum__period20,roc_momentum,XLV,trend,0.0008,-0.136,-0.3229,341
roc_momentum__period30,roc_momentum,XLV,trend,-0.0948,-0.1131,-0.3523,290
roc_momentum__period60,roc_momentum,XLV,trend,-0.0138,-0.2039,-0.3339,197
macd_signal__fast12__slow26__signal9,macd_signal,XLV,trend,0.3043,-0.6425,-0.4254,292
macd_signal__fast8__slow17__signal9,macd_signal,XLV,trend,-0.0212,-0.5341,-0.4336,382
macd_signal__fast5__slow35__signal5,macd_signal,XLV,trend,0.173,-0.2394,-0.3969,518
macd_signal__fast3__slow10__signal16,macd_signal,XLV,trend,-0.1005,-0.0568,-0.3194,562
donchian_breakout__period10,donchian_breakout,XLV,trend,-0.3423,0.1694,-0.117,994
donchian_breakout__period20,donchian_breakout,XLV,trend,-0.0942,0.1726,-0.1135,730
donchian_breakout__period30,donchian_breakout,XLV,trend,-0.2761,0.3014,-0.0872,626
donchian_breakout__period40,donchian_breakout,XLV,trend,-0.1123,0.1881,-0.0735,530
donchian_breakout__period55,donchian_breakout,XLV,trend,0.0315,0.3764,-0.0607,454
bb_breakout__period20__std1.5,bb_breakout,XLV,trend,-0.1634,0.0104,-0.1429,744
bb_breakout__period20__std2.0,bb_breakout,XLV,trend,-0.5053,-0.2688,-0.1628,436
bb_breakout__period20__std2.5,bb_breakout,XLV,trend,-0.1123,-0.2165,-0.0797,120
bb_breakout__period30__std2.0,bb_breakout,XLV,trend,-0.237,-0.4889,-0.1991,402
bb_breakout__period50__std2.0,bb_breakout,XLV,trend,-0.2061,-0.6866,-0.2059,354
supertrend__period7__mult2.0,supertrend,XLV,trend,0.3383,-0.7381,-0.4671,203
supertrend__period7__mult3.0,supertrend,XLV,trend,-0.4926,0.2485,-0.1789,123
supertrend__period10__mult3.0,supertrend,XLV,trend,-0.4742,0.0595,-0.3109,129
supertrend__period14__mult2.0,supertrend,XLV,trend,0.3919,-0.3815,-0.3555,197
supertrend__period14__mult3.0,supertrend,XLV,trend,-0.3618,-0.0682,-0.313,129
parabolic_sar__step0.01__max_af0.1,parabolic_sar,XLV,trend,0.2637,-0.0884,-0.3817,215
parabolic_sar__step0.02__max_af0.2,parabolic_sar,XLV,trend,0.4077,-0.3072,-0.3678,350
parabolic_sar__step0.03__max_af0.2,parabolic_sar,XLV,trend,0.2707,-0.8774,-0.5119,446
parabolic_sar__step0.05__max_af0.2,parabolic_sar,XLV,trend,0.0817,-0.2821,-0.3284,559
adx_trend__period14__threshold20,adx_trend,XLV,trend,-0.5935,-0.4369,-0.3224,276
adx_trend__period14__threshold25,adx_trend,XLV,trend,-0.3434,-0.9232,-0.3577,180
adx_trend__period14__threshold30,adx_trend,XLV,trend,-0.5658,-0.2238,-0.1871,108
adx_trend__period21__threshold20,adx_trend,XLV,trend,-0.5539,-0.6514,-0.3314,141
adx_trend__period21__threshold25,adx_trend,XLV,trend,-0.4174,-0.527,-0.2592,79
ichimoku__tenkan9__kijun26__senkou_b52,ichimoku,XLV,trend,-0.0607,-0.1616,-0.3652,515
ichimoku__tenkan7__kijun22__senkou_b44,ichimoku,XLV,trend,0.0494,-0.2423,-0.3872,556
linreg_slope__period10,linreg_slope,XLV,trend,0.055,-0.5988,-0.3695,354
linreg_slope__period20,linreg_slope,XLV,trend,-0.0917,-0.2677,-0.4194,172
linreg_slope__period30,linreg_slope,XLV,trend,-0.0903,0.4011,-0.2847,114
linreg_slope__period50,linreg_slope,XLV,trend,0.3403,-0.1415,-0.3091,62
aroon__period14,aroon,XLV,trend,0.314,-0.6117,-0.4524,234
aroon__period25,aroon,XLV,trend,-0.2425,0.7637,-0.1953,137
aroon__period50,aroon,XLV,trend,-0.1678,0.1118,-0.237,74
vortex__period10,vortex,XLV,trend,0.2414,-0.4737,-0.4154,431
vortex__period14,vortex,XLV,trend,-0.0268,-0.6,-0.4898,373
vortex__period21,vortex,XLV,trend,0.0164,-0.0647,-0.3352,285
trix__period9,trix,XLV,trend,0.0143,-0.1141,-0.3542,150
trix__period12,trix,XLV,trend,-0.0422,0.3028,-0.2988,104
trix__period18,trix,XLV,trend,-0.0177,-0.1891,-0.3534,68
hull_ma__period14,hull_ma,XLV,trend,-0.1866,-0.0226,-0.3646,555
hull_ma__period20,hull_ma,XLV,trend,0.0414,-0.5735,-0.3713,413
hull_ma__period30,hull_ma,XLV,trend,0.2274,-0.3964,-0.354,281
hull_ma__period50,hull_ma,XLV,trend,0.0827,-0.3131,-0.411,199
kama__period5,kama,XLV,trend,-0.0328,-0.1671,-0.3361,2032
kama__period10,kama,XLV,trend,0.2727,0.0,0.0,144
kama__period20,kama,XLV,trend,0.1565,0.0,0.0,41
turtle__entry20__exit_p10,turtle,XLV,trend,-0.0942,0.1726,-0.1135,730
turtle__entry55__exit_p20,turtle,XLV,trend,0.0315,0.3764,-0.0607,454
turtle__entry10__exit_p5,turtle,XLV,trend,-0.3423,0.1694,-0.117,994
dual_momentum__period63,dual_momentum,XLV,trend,0.4839,0.5218,-0.1684,200
dual_momentum__period126,dual_momentum,XLV,trend,0.4095,0.531,-0.2224,150
dual_momentum__period252,dual_momentum,XLV,trend,0.6008,0.5476,-0.1798,71
elder_ray__period13,elder_ray,XLV,trend,-0.2306,-0.2574,-0.4077,603
elder_ray__period21,elder_ray,XLV,trend,-0.3011,0.1261,-0.3289,475
elder_ray__period34,elder_ray,XLV,trend,-0.4639,-0.4103,-0.4809,423
rsi_reversion__period7__lo30__hi70,rsi_reversion,XLV,meanrev,0.1085,0.1397,-0.0875,644
rsi_reversion__period7__lo25__hi75,rsi_reversion,XLV,meanrev,0.2969,0.2408,-0.081,440
rsi_reversion__period14__lo30__hi70,rsi_reversion,XLV,meanrev,0.273,0.3988,-0.0642,248
rsi_reversion__period14__lo25__hi75,rsi_reversion,XLV,meanrev,0.0223,0.5757,-0.0182,88
rsi_reversion__period14__lo35__hi65,rsi_reversion,XLV,meanrev,0.3063,0.4234,-0.0773,443
rsi_reversion__period21__lo30__hi70,rsi_reversion,XLV,meanrev,-0.0237,0.7954,-0.0195,102
rsi_reversion__period21__lo25__hi75,rsi_reversion,XLV,meanrev,0.403,0.5656,-0.0001,34
rsi_reversion__period28__lo30__hi70,rsi_reversion,XLV,meanrev,-0.0396,0.7295,-0.0087,48
rsi_reversion__period30__lo30__hi70,rsi_reversion,XLV,meanrev,-0.1223,0.5817,-0.0082,38
rsi_reversion__period30__lo25__hi75,rsi_reversion,XLV,meanrev,0.3531,0.0,0.0,8
bb_reversion__period20__std1.5,bb_reversion,XLV,meanrev,0.0467,-0.1275,-0.1728,744
bb_reversion__period20__std2.0,bb_reversion,XLV,meanrev,0.3964,0.1758,-0.1148,436
bb_reversion__period20__std2.5,bb_reversion,XLV,meanrev,0.0268,0.1791,-0.0524,120
bb_reversion__period30__std2.0,bb_reversion,XLV,meanrev,0.1472,0.3938,-0.099,402
bb_reversion__period30__std2.5,bb_reversion,XLV,meanrev,0.2295,0.3123,-0.0813,128
bb_reversion__period50__std2.0,bb_reversion,XLV,meanrev,0.1217,0.6025,-0.0625,354
zscore_reversion__period10__threshold1.0,zscore_reversion,XLV,meanrev,0.2079,-0.1365,-0.2566,1303
zscore_reversion__period20__threshold1.5,zscore_reversion,XLV,meanrev,0.0467,-0.1275,-0.1728,744
zscore_reversion__period20__threshold2.0,zscore_reversion,XLV,meanrev,0.3964,0.1758,-0.1148,436
zscore_reversion__period30__threshold1.5,zscore_reversion,XLV,meanrev,-0.0077,-0.107,-0.204,634
zscore_reversion__period30__threshold2.0,zscore_reversion,XLV,meanrev,0.1472,0.3938,-0.099,402
zscore_reversion__period60__threshold2.0,zscore_reversion,XLV,meanrev,0.0282,0.2685,-0.0745,332
stochastic__k5__d3__lo20__hi80,stochastic,XLV,meanrev,-0.046,0.1158,-0.211,828
stochastic__k14__d3__lo20__hi80,stochastic,XLV,meanrev,-0.2416,0.388,-0.1185,604
stochastic__k14__d3__lo30__hi70,stochastic,XLV,meanrev,-0.1059,0.4496,-0.2102,632
stochastic__k14__d5__lo20__hi80,stochastic,XLV,meanrev,-0.0854,0.8167,-0.1592,436
stochastic__k21__d3__lo20__hi80,stochastic,XLV,meanrev,-0.2123,-0.1344,-0.1599,502
cci_reversion__period14__threshold100,cci_reversion,XLV,meanrev,-0.0334,-0.372,-0.2477,946
cci_reversion__period14__threshold150,cci_reversion,XLV,meanrev,0.4263,-0.0166,-0.0921,582
cci_reversion__period20__threshold100,cci_reversion,XLV,meanrev,-0.1056,0.0062,-0.2025,733
cci_reversion__period20__threshold150,cci_reversion,XLV,meanrev,-0.047,0.0434,-0.073,496
cci_reversion__period30__threshold100,cci_reversion,XLV,meanrev,-0.1059,-0.1344,-0.2222,597
williams_r__period14__lo-80__hi-20,williams_r,XLV,meanrev,0.0037,0.0974,-0.2128,1073
williams_r__period14__lo-90__hi-10,williams_r,XLV,meanrev,-0.1049,-0.5394,-0.2199,950
williams_r__period21__lo-80__hi-20,williams_r,XLV,meanrev,0.138,-0.1831,-0.2389,896
williams_r__period28__lo-80__hi-20,williams_r,XLV,meanrev,0.0717,-0.2911,-0.2492,770
keltner_reversion__period20__mult1.5,keltner_reversion,XLV,meanrev,0.0615,0.0103,-0.1683,623
keltner_reversion__period20__mult2.0,keltner_reversion,XLV,meanrev,0.0818,0.5113,-0.0704,422
keltner_reversion__period20__mult2.5,keltner_reversion,XLV,meanrev,0.4216,0.6399,-0.0524,248
keltner_reversion__period30__mult2.0,keltner_reversion,XLV,meanrev,-0.1353,0.2172,-0.091,461
vwap_reversion__period20__z_thresh1.0,vwap_reversion,XLV,meanrev,0.0306,0.221,-0.2455,803
vwap_reversion__period20__z_thresh1.5,vwap_reversion,XLV,meanrev,-0.0267,0.0968,-0.1718,672
vwap_reversion__period20__z_thresh2.0,vwap_reversion,XLV,meanrev,0.3655,-0.1756,-0.1438,542
percent_b__period20__std2.0__lo0.05__hi0.95,percent_b,XLV,meanrev,0.1614,0.1458,-0.0813,560
percent_b__period20__std2.0__lo0.1__hi0.9,percent_b,XLV,meanrev,0.0964,-0.0083,-0.1057,710
percent_b__period20__std2.0__lo0.2__hi0.8,percent_b,XLV,meanrev,-0.0056,-0.1874,-0.2615,876
percent_b__period30__std2.0__lo0.2__hi0.8,percent_b,XLV,meanrev,0.0245,-0.0584,-0.2186,719
connors_rsi__rsi_period3__streak_period2__rank_period100,connors_rsi,XLV,meanrev,0.2948,-0.457,-0.2194,1204
connors_rsi__rsi_period2__streak_period3__rank_period100,connors_rsi,XLV,meanrev,0.1752,-0.5669,-0.2408,1249
ultimate_osc__p17__p214__p328,ultimate_osc,XLV,meanrev,0.1021,0.7645,-0.0241,186
ultimate_osc__p14__p28__p316,ultimate_osc,XLV,meanrev,0.1104,0.068,-0.0893,522
gap_fade__threshold0.01,gap_fade,XLV,meanrev,0.1637,-0.9247,-0.186,360
gap_fade__threshold0.015,gap_fade,XLV,meanrev,0.1629,-0.1507,-0.0707,131
gap_fade__threshold0.02,gap_fade,XLV,meanrev,0.1074,-0.4697,-0.0707,52
obv_trend__period10,obv_trend,XLV,volume,-0.3492,0.0646,-0.3251,743
obv_trend__period20,obv_trend,XLV,volume,-0.3606,0.2507,-0.2471,506
obv_trend__period50,obv_trend,XLV,volume,-0.3836,-0.1578,-0.3757,361
chaikin_mf__period10,chaikin_mf,XLV,volume,-0.411,-0.1104,-0.3831,513
chaikin_mf__period20,chaikin_mf,XLV,volume,-0.4939,-0.4446,-0.3849,323
chaikin_mf__period21,chaikin_mf,XLV,volume,-0.1796,-0.0824,-0.339,309
mfi__period10,mfi,XLV,volume,0.0582,0.5389,-0.0622,316
mfi__period14,mfi,XLV,volume,0.1395,-0.1179,-0.0765,148
mfi__period21,mfi,XLV,volume,-0.1158,-0.0163,-0.0329,50
volume_surge__period10__mult1.5,volume_surge,XLV,volume,0.1196,-0.1291,-0.1419,519
volume_surge__period20__mult2.0,volume_surge,XLV,volume,0.0679,0.0994,-0.0589,164
volume_surge__period20__mult3.0,volume_surge,XLV,volume,0.2334,-0.5301,-0.0359,19
force_index__period2,force_index,XLV,volume,-0.6366,0.5901,-0.1822,1376
force_index__period13,force_index,XLV,volume,-0.2039,-0.2863,-0.3773,496
force_index__period20,force_index,XLV,volume,-0.3019,-0.2253,-0.3483,390
chaikin_osc__fast3__slow10,chaikin_osc,XLV,volume,-0.5511,-0.3077,-0.4345,395
chaikin_osc__fast3__slow12,chaikin_osc,XLV,volume,-0.6131,-0.3383,-0.3857,369
chaikin_osc__fast5__slow12,chaikin_osc,XLV,volume,-0.5561,-0.3585,-0.3419,279
atr_breakout__period10__mult1.5,atr_breakout,XLV,volatility,-0.0058,-0.2747,-0.1479,562
atr_breakout__period14__mult1.5,atr_breakout,XLV,volatility,-0.2912,0.0323,-0.1337,628
atr_breakout__period14__mult2.0,atr_breakout,XLV,volatility,-0.0872,-0.6003,-0.1864,416
atr_breakout__period20__mult2.0,atr_breakout,XLV,volatility,-0.199,-0.5012,-0.225,495
atr_breakout__period20__mult2.5,atr_breakout,XLV,volatility,-0.2383,-1.0588,-0.257,342
vol_breakout__period10__mult0.5,vol_breakout,XLV,volatility,-0.8989,0.5864,-0.1247,2521
vol_breakout__period20__mult1.0,vol_breakout,XLV,volatility,-0.8869,0.0172,-0.1529,2125
vol_breakout__period20__mult1.5,vol_breakout,XLV,volatility,-0.6574,0.3385,-0.1042,1417
vol_breakout__period30__mult1.0,vol_breakout,XLV,volatility,-0.6561,-0.0564,-0.1342,2060
squeeze_breakout__bb_period20__kc_period20__bb_std2.0__kc_mult1.5,squeeze_breakout,XLV,volatility,0.0449,0.1864,-0.2974,178
squeeze_breakout__bb_period20__kc_period20__bb_std2.0__kc_mult1.0,squeeze_breakout,XLV,volatility,0.0673,0.2308,-0.3019,116
squeeze_breakout__bb_period30__kc_period30__bb_std2.0__kc_mult1.5,squeeze_breakout,XLV,volatility,0.1809,-0.1343,-0.3324,86
engulfing,engulfing,XLV,pattern,-0.1942,-0.0716,-0.1084,511
three_bar_reversal,three_bar_reversal,XLV,pattern,0.3031,-0.5653,-0.2227,928
higher_highs_lows__period5,higher_highs_lows,XLV,pattern,0.105,-0.5803,-0.3855,824
higher_highs_lows__period10,higher_highs_lows,XLV,pattern,-0.0708,-0.2448,-0.3263,427
higher_highs_lows__period20,higher_highs_lows,XLV,pattern,-0.2496,0.0053,-0.2584,226
pivot_bounce__period5,pivot_bounce,XLV,pattern,-0.1835,-0.5439,-0.2511,1217
pivot_bounce__period10,pivot_bounce,XLV,pattern,-0.4638,-0.2093,-0.2187,1081
pivot_bounce__period20,pivot_bounce,XLV,pattern,-0.231,-0.6785,-0.2839,904
macd_rsi_combo__fast12__slow26__signal9__rsi_period14__rsi_lo40__rsi_hi60,macd_rsi_combo,XLV,composite,-0.0092,-0.068,-0.1521,532
macd_rsi_combo__fast12__slow26__signal9__rsi_period14__rsi_lo45__rsi_hi55,macd_rsi_combo,XLV,composite,-0.0894,-0.3302,-0.2943,675
macd_rsi_combo__fast8__slow21__signal5__rsi_period14__rsi_lo40__rsi_hi60,macd_rsi_combo,XLV,composite,-0.0114,-0.0238,-0.1359,586
macd_rsi_combo__fast5__slow35__signal5__rsi_period14__rsi_lo40__rsi_hi60,macd_rsi_combo,XLV,composite,0.0532,0.0478,-0.1184,606
triple_screen__trend_period20__osc_period14__osc_lo40__osc_hi60,triple_screen,XLV,composite,0.0354,0.0,0.0,4
triple_screen__trend_period30__osc_period14__osc_lo40__osc_hi60,triple_screen,XLV,composite,0.0354,0.0,0.0,4
triple_screen__trend_period50__osc_period14__osc_lo35__osc_hi65,triple_screen,XLV,composite,0.1325,0.0,0.0,4
triple_screen__trend_period20__osc_period7__osc_lo30__osc_hi70,triple_screen,XLV,composite,0.2209,0.0,0.0,4
chandelier_exit__period14__mult2.0,chandelier_exit,XLV,composite,-0.1524,0.39,-0.236,521
chandelier_exit__period22__mult3.0,chandelier_exit,XLV,composite,-0.1544,0.3355,-0.25,342
chandelier_exit__period22__mult2.0,chandelier_exit,XLV,composite,-0.098,0.2272,-0.2613,574
chandelier_exit__period10__mult2.0,chandelier_exit,XLV,composite,-0.0539,0.3106,-0.227,485
high52_momentum__period252__threshold0.7,high52_momentum,XLV,trend,0.1682,0.3478,-0.2843,183
high52_momentum__period252__threshold0.75,high52_momentum,XLV,trend,0.2488,0.3452,-0.2664,163
high52_momentum__period252__threshold0.8,high52_momentum,XLV,trend,0.3952,0.444,-0.19,159
high52_momentum__period126__threshold0.7,high52_momentum,XLV,trend,0.1308,0.0484,-0.3315,301
high52_momentum__period126__threshold0.75,high52_momentum,XLV,trend,-0.0615,0.2,-0.2562,313
short_reversal__period5,short_reversal,XLV,meanrev,0.1709,-0.1569,-0.417,755
short_reversal__period10,short_reversal,XLV,meanrev,-0.2721,0.1861,-0.2623,517
short_reversal__period15,short_reversal,XLV,meanrev,0.0319,0.4314,-0.3238,416
short_reversal__period20,short_reversal,XLV,meanrev,-0.0553,0.0657,-0.2237,341
low_vol_regime__period20__ma_period60,low_vol_regime,XLV,volatility,-0.3018,0.1381,-0.1042,128
low_vol_regime__period20__ma_period120,low_vol_regime,XLV,volatility,-0.2423,0.3276,-0.1177,136
low_vol_regime__period60__ma_period120,low_vol_regime,XLV,volatility,-0.1857,0.5477,-0.1215,48
low_vol_regime__period20__ma_period252,low_vol_regime,XLV,volatility,-0.1532,0.5562,-0.1202,150
low_vol_regime__period60__ma_period252,low_vol_regime,XLV,volatility,-0.1341,0.6252,-0.156,48
low_vol_regime__period120__ma_period252,low_vol_regime,XLV,volatility,-0.1775,0.0014,-0.2345,26
nr_breakout__nr_period4__exit_bars3,nr_breakout,XLV,pattern,-0.3192,0.5578,-0.1244,956
nr_breakout__nr_period4__exit_bars5,nr_breakout,XLV,pattern,-0.5108,0.1174,-0.2422,753
nr_breakout__nr_period7__exit_bars3,nr_breakout,XLV,pattern,-0.0815,0.3356,-0.112,665
nr_breakout__nr_period7__exit_bars5,nr_breakout,XLV,pattern,0.0272,0.3269,-0.1456,576
nr_breakout__nr_period10__exit_bars5,nr_breakout,XLV,pattern,0.033,-0.4949,-0.2713,469
nr_breakout__nr_period10__exit_bars10,nr_breakout,XLV,pattern,-0.5919,0.0302,-0.1758,384
overnight_gap__period1__threshold0.001,overnight_gap,XLV,volume,-0.5508,0.2341,-0.2653,2450
overnight_gap__period1__threshold0.003,overnight_gap,XLV,volume,-0.2553,0.3536,-0.1468,2069
overnight_gap__period3__threshold0.001,overnight_gap,XLV,volume,0.1978,0.6659,-0.1657,1500
overnight_gap__period3__threshold0.003,overnight_gap,XLV,volume,-0.0776,0.2753,-0.1022,830
overnight_gap__period5__threshold0.001,overnight_gap,XLV,volume,0.4571,-0.0401,-0.1693,1143
overnight_gap__period5__threshold0.003,overnight_gap,XLV,volume,-0.079,0.1001,-0.1153,482
coppock_curve__roc1252__roc2189__wma_period63,coppock_curve,XLV,trend,0.5876,0.6096,-0.1644,6
coppock_curve__roc1189__roc2126__wma_period42,coppock_curve,XLV,trend,0.5726,0.2389,-0.3016,19
coppock_curve__roc1126__roc2100__wma_period21,coppock_curve,XLV,trend,0.0192,0.4219,-0.2576,38
bll_filter__pct0.005__hold0,bll_filter,XLV,trend,-0.5036,0.6692,-0.1624,1035
bll_filter__pct0.01__hold0,bll_filter,XLV,trend,-0.3325,0.0691,-0.3399,666
bll_filter__pct0.02__hold0,bll_filter,XLV,trend,-0.1393,-0.0412,-0.2891,331
bll_filter__pct0.005__hold10,bll_filter,XLV,trend,-0.5293,0.6077,-0.1771,1118
bll_filter__pct0.01__hold10,bll_filter,XLV,trend,-0.3393,0.1931,-0.2926,814
bll_filter__pct0.01__hold20,bll_filter,XLV,trend,-0.3174,0.0466,-0.3399,699
bll_filter__pct0.02__hold10,bll_filter,XLV,trend,-0.2757,-0.2008,-0.2993,546
frog_in_pan__lookback252__skip21__id_cutoff0.5,frog_in_pan,XLV,trend,0.6423,0.5834,-0.1644,108
frog_in_pan__lookback252__skip21__id_cutoff0.45,frog_in_pan,XLV,trend,0.6812,0.0698,-0.2364,112
frog_in_pan__lookback252__skip0__id_cutoff0.5,frog_in_pan,XLV,trend,0.5299,0.5693,-0.1644,111
frog_in_pan__lookback126__skip21__id_cutoff0.5,frog_in_pan,XLV,trend,0.2632,0.5405,-0.1544,224
frog_in_pan__lookback126__skip21__id_cutoff0.45,frog_in_pan,XLV,trend,0.6689,0.4042,-0.1544,124
vol_mom__mom_period126__vol_period126__skip21__vol_weight0.5,vol_mom,XLV,composite,0.0669,-0.3618,-0.2983,174
vol_mom__mom_period126__vol_period126__skip0__vol_weight0.5,vol_mom,XLV,composite,-0.0546,-0.3865,-0.3396,172
vol_mom__mom_period252__vol_period126__skip21__vol_weight0.5,vol_mom,XLV,composite,0.5084,-0.1713,-0.2279,94
vol_mom__mom_period63__vol_period63__skip0__vol_weight0.3,vol_mom,XLV,composite,-0.0904,0.2103,-0.3179,190
vol_mom__mom_period126__vol_period126__skip21__vol_weight0.3,vol_mom,XLV,composite,0.0342,0.3212,-0.2661,149
seasonality__n_years2,seasonality,XLV,pattern,0.3323,0.5529,-0.1644,72
seasonality__n_years3,seasonality,XLV,pattern,0.487,-0.4524,-0.4009,70
seasonality__n_years5,seasonality,XLV,pattern,0.4491,-0.0999,-0.3236,62
residual_mom__lookback252__skip21,residual_mom,XLV,trend,0.4318,0.6096,-0.1644,74
residual_mom__lookback252__skip0,residual_mom,XLV,trend,0.189,0.4742,-0.2158,74
residual_mom__lookback126__skip21,residual_mom,XLV,trend,0.2435,0.4701,-0.2173,135
vol_scaled_mom__rv_window21__vol_target0.12__damp0.5,vol_scaled_mom,XLV,trend,0.37,0.6811,-0.1282,2000
vol_scaled_mom__rv_window21__vol_target0.08__damp0.5,vol_scaled_mom,XLV,trend,0.4313,0.6988,-0.1017,3270
vol_scaled_mom__rv_window63__vol_target0.12__damp0.5,vol_scaled_mom,XLV,trend,0.3808,0.6476,-0.1333,2151
vol_scaled_mom__rv_window21__vol_target0.12__damp0.0,vol_scaled_mom,XLV,trend,0.37,0.6811,-0.1282,2000
vol_scaled_mom__rv_window21__vol_target0.15__damp0.5,vol_scaled_mom,XLV,trend,0.3678,0.6529,-0.1504,1221
dema_crossover__fast5__slow20,dema_crossover,XLV,trend,0.0452,-0.3267,-0.4039,420
dema_crossover__fast10__slow40,dema_crossover,XLV,trend,0.0848,-0.5956,-0.5123,215
dema_crossover__fast12__slow26,dema_crossover,XLV,trend,0.2057,-0.5547,-0.4539,235
dema_crossover__fast20__slow50,dema_crossover,XLV,trend,-0.1563,-0.3336,-0.4526,145
dema_crossover__fast10__slow30,dema_crossover,XLV,trend,0.2169,-0.8084,-0.5045,241
tema_crossover__fast5__slow20,tema_crossover,XLV,trend,-0.3034,0.2118,-0.263,590
tema_crossover__fast10__slow40,tema_crossover,XLV,trend,0.3168,-0.5727,-0.4115,280
tema_crossover__fast12__slow26,tema_crossover,XLV,trend,0.079,-0.3473,-0.3196,296
tema_crossover__fast20__slow50,tema_crossover,XLV,trend,0.2429,-0.9643,-0.543,183
tema_crossover__fast10__slow30,tema_crossover,XLV,trend,0.1659,-0.3631,-0.3162,310
price_acceleration__period10__smooth3,price_acceleration,XLV,trend,-0.1926,0.0555,-0.2216,1001
price_acceleration__period20__smooth5,price_acceleration,XLV,trend,-0.0018,0.0487,-0.2477,756
price_acceleration__period20__smooth3,price_acceleration,XLV,trend,-0.3836,0.0569,-0.2552,1018
price_acceleration__period30__smooth5,price_acceleration,XLV,trend,-0.2474,-0.1922,-0.3047,773
price_acceleration__period40__smooth10,price_acceleration,XLV,trend,0.2464,-0.5146,-0.3867,565
price_acceleration__period10__smooth5,price_acceleration,XLV,trend,-0.0678,0.2232,-0.2147,802
turn_of_month__days_before3__days_after3,turn_of_month,XLV,pattern,0.8473,-0.2354,-0.1564,360
turn_of_month__days_before4__days_after4,turn_of_month,XLV,pattern,0.8271,0.1612,-0.1281,360
turn_of_month__days_before5__days_after5,turn_of_month,XLV,pattern,0.8403,0.4513,-0.1083,360
turn_of_month__days_before3__days_after5,turn_of_month,XLV,pattern,0.8596,0.0673,-0.1743,360
trend_intensity__period20,trend_intensity,XLV,trend,0.6906,0.667,-0.066,402
trend_intensity__period30,trend_intensity,XLV,trend,0.2738,0.5013,-0.0494,306
trend_intensity__period50,trend_intensity,XLV,trend,-0.1696,0.1349,-0.0922,182
trend_intensity__period63,trend_intensity,XLV,trend,0.0972,-0.1897,-0.1699,206
ma_regime_momentum__regime_ma200__mom_period126__skip21,ma_regime_momentum,XLV,trend,-0.1297,0.3763,-0.2749,282
ma_regime_momentum__regime_ma200__mom_period252__skip21,ma_regime_momentum,XLV,trend,0.0113,0.5774,-0.2067,214
ma_regime_momentum__regime_ma200__mom_period63__skip0,ma_regime_momentum,XLV,trend,-0.0969,0.3057,-0.3048,336
ma_regime_momentum__regime_ma100__mom_period126__skip21,ma_regime_momentum,XLV,trend,0.0155,-0.064,-0.3688,311
ma_regime_momentum__regime_ma50__mom_period63__skip0,ma_regime_momentum,XLV,trend,-0.126,0.1464,-0.2589,433
fisher_transform__period5,fisher_transform,XLV,trend,-0.7046,0.2907,-0.2507,897
fisher_transform__period10,fisher_transform,XLV,trend,-0.5195,0.031,-0.2938,615
fisher_transform__period20,fisher_transform,XLV,trend,0.102,0.0223,-0.4011,414
fisher_transform__period30,fisher_transform,XLV,trend,-0.1773,-0.2297,-0.4336,358
relative_vigor__period10,relative_vigor,XLV,trend,-0.2125,0.2985,-0.2891,1098
relative_vigor__period14,relative_vigor,XLV,trend,-0.2125,0.2985,-0.2891,1098
relative_vigor__period20,relative_vigor,XLV,trend,-0.2125,0.2985,-0.2891,1098
chande_momentum__period14__threshold0.0,chande_momentum,XLV,trend,-0.0356,-0.3818,-0.4931,433
chande_momentum__period20__threshold0.0,chande_momentum,XLV,trend,0.0003,-0.136,-0.3229,342
chande_momentum__period20__threshold10.0,chande_momentum,XLV,trend,-0.1588,-0.1703,-0.3275,664
chande_momentum__period30__threshold0.0,chande_momentum,XLV,trend,-0.0932,-0.1131,-0.3523,291
chande_momentum__period9__threshold0.0,chande_momentum,XLV,trend,0.0275,-0.4333,-0.3327,532
demarker__period14__hi_thresh0.7__lo_thresh0.3,demarker,XLV,meanrev,0.2294,0.2008,-0.1066,485
demarker__period14__hi_thresh0.8__lo_thresh0.2,demarker,XLV,meanrev,-0.0291,0.4036,-0.0494,242
demarker__period21__hi_thresh0.7__lo_thresh0.3,demarker,XLV,meanrev,0.0331,0.3998,-0.0811,321
demarker__period9__hi_thresh0.7__lo_thresh0.3,demarker,XLV,meanrev,0.0087,0.6565,-0.1234,720
stoch_rsi__rsi_period14__stoch_period14__lo20.0__hi80.0,stoch_rsi,XLV,meanrev,0.1362,0.5255,-0.1515,757
stoch_rsi__rsi_period14__stoch_period14__lo10.0__hi90.0,stoch_rsi,XLV,meanrev,0.0716,0.1442,-0.1479,648
stoch_rsi__rsi_period7__stoch_period14__lo20.0__hi80.0,stoch_rsi,XLV,meanrev,0.2104,-0.0487,-0.2242,803
stoch_rsi__rsi_period21__stoch_period21__lo20.0__hi80.0,stoch_rsi,XLV,meanrev,-0.0974,0.6016,-0.2106,600
hurst_regime__period100__trend_thresh0.55__mr_thresh0.45,hurst_regime,XLV,trend,0.1929,-0.5983,-0.2826,402
hurst_regime__period60__trend_thresh0.55__mr_thresh0.45,hurst_regime,XLV,trend,-0.0471,-1.3523,-0.4576,582
hurst_regime__period100__trend_thresh0.58__mr_thresh0.42,hurst_regime,XLV,trend,0.3201,-0.5309,-0.1712,146
psych_line__period12__hi_thresh75.0__lo_thresh25.0,psych_line,XLV,meanrev,0.5249,0.4753,-0.0344,108
psych_line__period12__hi_thresh65.0__lo_thresh35.0,psych_line,XLV,meanrev,-0.054,0.258,-0.1168,561
psych_line__period20__hi_thresh70.0__lo_thresh30.0,psych_line,XLV,meanrev,0.2568,0.3966,-0.0265,87
er_regime__er_period10__mom_period20__er_thresh0.4,er_regime,XLV,trend,-0.0726,-0.5468,-0.3181,1537
er_regime__er_period10__mom_period20__er_thresh0.3,er_regime,XLV,trend,-0.3538,-0.3477,-0.2732,1552
er_regime__er_period14__mom_period20__er_thresh0.4,er_regime,XLV,trend,-0.4581,-0.4375,-0.285,1345
er_regime__er_period20__mom_period40__er_thresh0.4,er_regime,XLV,trend,-0.1853,-0.8236,-0.3526,988
er_regime__er_period10__mom_period10__er_thresh0.4,er_regime,XLV,trend,-0.7855,-0.7903,-0.3909,1760
mcginley_dynamic__fast5__slow20,mcginley_dynamic,XLV,trend,-0.2106,-0.3121,-0.4456,221
mcginley_dynamic__fast10__slow40,mcginley_dynamic,XLV,trend,0.3035,-0.3621,-0.4519,77
mcginley_dynamic__fast12__slow26,mcginley_dynamic,XLV,trend,0.1466,0.1716,-0.2968,97
mcginley_dynamic__fast5__slow14,mcginley_dynamic,XLV,trend,0.0776,-0.4147,-0.4549,235
cci_trend__period14__threshold50.0,cci_trend,XLV,trend,-0.0855,-0.4022,-0.3616,913
cci_trend__period20__threshold50.0,cci_trend,XLV,trend,-0.0074,-0.626,-0.4477,795
cci_trend__period20__threshold100.0,cci_trend,XLV,trend,0.0103,-0.1022,-0.2136,733
cci_trend__period30__threshold50.0,cci_trend,XLV,trend,-0.0112,-0.129,-0.3596,601
cci_trend__period14__threshold100.0,cci_trend,XLV,trend,-0.0902,0.2476,-0.122,946
volume_roc__period10__signal_period5,volume_roc,XLV,volume,0.4018,-0.6245,-0.2581,891
volume_roc__period14__signal_period10,volume_roc,XLV,volume,0.213,0.5283,-0.1351,654
volume_roc__period20__signal_period10,volume_roc,XLV,volume,0.0476,0.0057,-0.1744,548
volume_roc__period5__signal_period3,volume_roc,XLV,volume,-0.423,-0.3239,-0.2571,1219
hv_ratio__fast_period10__slow_period100__thresh_hi1.5__thresh_lo0.7,hv_ratio,XLV,volatility,0.8189,0.5788,-0.0877,478
hv_ratio__fast_period10__slow_period60__thresh_hi1.5__thresh_lo0.7,hv_ratio,XLV,volatility,0.5505,0.3176,-0.1199,417
hv_ratio__fast_period21__slow_period100__thresh_hi1.5__thresh_lo0.7,hv_ratio,XLV,volatility,0.172,1.0216,-0.0494,161
hv_ratio__fast_period10__slow_period100__thresh_hi2.0__thresh_lo0.5,hv_ratio,XLV,volatility,0.1915,-0.1697,-0.0783,120
zscore_trend__z_period20__trend_period50__z_thresh1.5,zscore_trend,XLV,meanrev,0.4942,-0.0916,-0.0225,76
zscore_trend__z_period20__trend_period50__z_thresh1.0,zscore_trend,XLV,meanrev,0.3803,0.7219,-0.0626,216
zscore_trend__z_period20__trend_period100__z_thresh1.5,zscore_trend,XLV,meanrev,0.5677,-0.241,-0.091,190
zscore_trend__z_period30__trend_period100__z_thresh2.0,zscore_trend,XLV,meanrev,0.5196,-0.2955,-0.0534,58
cmo_fisher__fisher_period10__cmo_period14__score_thresh0.3,cmo_fisher,XLV,trend,-0.3606,-0.3397,-0.1681,808
cmo_fisher__fisher_period10__cmo_period14__score_thresh0.2,cmo_fisher,XLV,trend,-0.5209,-0.0857,-0.1616,941
cmo_fisher__fisher_period14__cmo_period20__score_thresh0.3,cmo_fisher,XLV,trend,-0.1271,0.1092,-0.1158,683
cmo_fisher__fisher_period8__cmo_period14__score_thresh0.2,cmo_fisher,XLV,trend,-0.532,-0.2983,-0.2324,1011
rvi_divergence__rvi_period10__lookback5,rvi_divergence,XLV,meanrev,0.0456,0.0783,-0.0422,40
rvi_divergence__rvi_period10__lookback8,rvi_divergence,XLV,meanrev,-0.0879,-0.0169,-0.0118,10
rvi_divergence__rvi_period14__lookback5,rvi_divergence,XLV,meanrev,0.0456,0.0783,-0.0422,40
adaptive_rsi__base_period14__fast_n2__slow_n30,adaptive_rsi,XLV,meanrev,0.2437,-0.552,-0.349,268
adaptive_rsi__base_period14__fast_n2__slow_n60,adaptive_rsi,XLV,meanrev,0.2162,-0.4391,-0.3087,263
adaptive_rsi__base_period9__fast_n2__slow_n30,adaptive_rsi,XLV,meanrev,0.1,0.5919,-0.1943,375
adaptive_rsi__base_period21__fast_n2__slow_n30,adaptive_rsi,XLV,meanrev,-0.091,0.2127,-0.1897,158
elder_impulse__ema_period8,elder_impulse,XLV,composite,-0.4919,0.4002,-0.2489,1489
elder_impulse__ema_period13,elder_impulse,XLV,composite,-0.4797,0.2312,-0.252,1401
elder_impulse__ema_period20,elder_impulse,XLV,composite,-0.5279,0.4412,-0.2048,1335
klinger_osc__fast34__slow55__signal13,klinger_osc,XLV,volume,-0.2172,-0.4619,-0.3425,747
klinger_osc__fast21__slow34__signal9,klinger_osc,XLV,volume,-0.4133,0.28,-0.2018,945
klinger_osc__fast55__slow89__signal13,klinger_osc,XLV,volume,-0.2347,-0.7042,-0.4204,661
price_oscillator__fast10__slow30__signal9,price_oscillator,XLV,trend,0.3401,-0.6334,-0.4155,302
price_oscillator__fast12__slow26__signal9,price_oscillator,XLV,trend,0.2928,-0.6309,-0.4259,294
price_oscillator__fast5__slow20__signal5,price_oscillator,XLV,trend,-0.0747,-0.122,-0.3161,568
price_oscillator__fast20__slow50__signal9,price_oscillator,XLV,trend,0.0518,-0.611,-0.4892,233
baz_trend__ewmstd_span42,baz_trend,XLV,trend,0.13,0.0534,-0.3316,68
baz_trend__ewmstd_span63,baz_trend,XLV,trend,0.13,0.0534,-0.3316,68
baz_trend__ewmstd_span126,baz_trend,XLV,trend,0.13,0.0534,-0.3316,68
intermediate_mom__start252__end126,intermediate_mom,XLV,trend,0.343,0.596,-0.1689,147
intermediate_mom__start189__end105,intermediate_mom,XLV,trend,0.6408,0.4698,-0.2065,133
intermediate_mom__start168__end84,intermediate_mom,XLV,trend,0.389,0.2484,-0.2321,133
intermediate_mom__start252__end63,intermediate_mom,XLV,trend,0.7281,0.4963,-0.1644,123
mom_crash_protect__bear_lookback504__bear_thresh-0.2__damp0.0,mom_crash_protect,XLV,trend,0.3894,0.6096,-0.1644,70
mom_crash_protect__bear_lookback504__bear_thresh-0.2__damp0.25,mom_crash_protect,XLV,trend,0.3894,0.6096,-0.1644,70
mom_crash_protect__bear_lookback252__bear_thresh-0.2__damp0.0,mom_crash_protect,XLV,trend,0.3894,0.6096,-0.1644,70
mom_crash_protect__bear_lookback504__bear_thresh-0.25__damp0.0,mom_crash_protect,XLV,trend,0.3894,0.6096,-0.1644,70
consistent_mom__consistency_thresh0.5,consistent_mom,XLV,trend,0.3128,0.579,-0.1644,234
consistent_mom__consistency_thresh0.58,consistent_mom,XLV,trend,0.3558,0.5733,-0.1644,422
consistent_mom__consistency_thresh0.67,consistent_mom,XLV,trend,0.2386,0.1646,-0.1842,604
signed_range_mom__period10__threshold0.1,signed_range_mom,XLV,trend,-0.5399,-0.3618,-0.3074,974
signed_range_mom__period21__threshold0.1,signed_range_mom,XLV,trend,-0.4954,-0.1274,-0.2073,689
signed_range_mom__period21__threshold0.15,signed_range_mom,XLV,trend,-0.4587,-0.2786,-0.2556,628
signed_range_mom__period42__threshold0.1,signed_range_mom,XLV,trend,-0.2211,-0.6455,-0.3335,447
signed_range_mom__period63__threshold0.1,signed_range_mom,XLV,trend,-0.492,-0.1778,-0.2161,342
multi_tsmom,multi_tsmom,XLV,trend,-0.1838,0.3271,-0.2755,330
"multi_tsmom__lookbacks(63, 126, 252)",multi_tsmom,XLV,trend,-0.262,0.3901,-0.3038,155
"multi_tsmom__lookbacks(21, 63, 252)",multi_tsmom,XLV,trend,-0.0406,0.2578,-0.2549,217
"multi_tsmom__lookbacks(21, 63, 126, 252)__weights(0.4, 0.3, 0.2, 0.1)",multi_tsmom,XLV,trend,0.0407,0.2143,-0.2756,220
"multi_tsmom__lookbacks(21, 63, 126, 252)__weights(0.1, 0.2, 0.3, 0.4)",multi_tsmom,XLV,trend,-0.2396,0.4364,-0.2785,192
ma_crossover__fast5__slow20__kindsma,ma_crossover,XLI,trend,-0.1406,-1.415,-0.6837,260
ma_crossover__fast10__slow30__kindsma,ma_crossover,XLI,trend,-0.0722,-0.9163,-0.5365,154
ma_crossover__fast20__slow50__kindsma,ma_crossover,XLI,trend,-0.1206,0.1198,-0.2924,81
ma_crossover__fast50__slow100__kindsma,ma_crossover,XLI,trend,0.1623,0.0163,-0.3039,38
ma_crossover__fast50__slow200__kindsma,ma_crossover,XLI,trend,0.0029,0.101,-0.3881,20
ma_crossover__fast100__slow200__kindsma,ma_crossover,XLI,trend,0.4391,-0.0563,-0.4009,15
ma_crossover__fast10__slow50__kindsma,ma_crossover,XLI,trend,-0.0356,-0.0782,-0.31,95
ma_crossover__fast20__slow100__kindsma,ma_crossover,XLI,trend,-0.0325,-0.1665,-0.3928,48
ma_crossover__fast5__slow20__kindema,ma_crossover,XLI,trend,-0.1754,-0.9236,-0.5658,266
ma_crossover__fast12__slow26__kindema,ma_crossover,XLI,trend,0.1131,-0.588,-0.4752,138
ma_crossover__fast10__slow50__kindema,ma_crossover,XLI,trend,0.3395,-0.3816,-0.4571,104
ma_crossover__fast20__slow100__kindema,ma_crossover,XLI,trend,0.2105,0.0296,-0.3888,51
ts_momentum__period21,ts_momentum,XLI,trend,0.0752,-0.3963,-0.4613,351
ts_momentum__period42,ts_momentum,XLI,trend,0.2643,-0.4127,-0.418,276
ts_momentum__period63,ts_momentum,XLI,trend,0.1118,-0.1442,-0.2921,195
ts_momentum__period126,ts_momentum,XLI,trend,0.3084,-0.1256,-0.392,127
ts_momentum__period252,ts_momentum,XLI,trend,0.0364,0.3643,-0.3075,102
roc_momentum__period5,roc_momentum,XLI,trend,-0.1341,-0.0775,-0.2704,737
roc_momentum__period10,roc_momentum,XLI,trend,0.213,-0.7238,-0.508,509
roc_momentum__period20,roc_momentum,XLI,trend,0.0637,-0.5174,-0.4758,377
roc_momentum__period30,roc_momentum,XLI,trend,0.0825,-0.6523,-0.4791,316
roc_momentum__period60,roc_momentum,XLI,trend,0.2737,-0.1533,-0.3299,203
macd_signal__fast12__slow26__signal9,macd_signal,XLI,trend,0.3783,-0.4836,-0.4068,288
macd_signal__fast8__slow17__signal9,macd_signal,XLI,trend,0.2942,-0.6761,-0.4809,382
macd_signal__fast5__slow35__signal5,macd_signal,XLI,trend,0.1848,-0.6008,-0.4341,514
macd_signal__fast3__slow10__signal16,macd_signal,XLI,trend,0.2367,-0.2307,-0.3669,550
donchian_breakout__period10,donchian_breakout,XLI,trend,-0.0231,-0.1058,-0.1362,1008
donchian_breakout__period20,donchian_breakout,XLI,trend,-0.2481,-0.3272,-0.1164,736
donchian_breakout__period30,donchian_breakout,XLI,trend,-0.2032,-0.3241,-0.1175,592
donchian_breakout__period40,donchian_breakout,XLI,trend,-0.2168,-0.3929,-0.1214,512
donchian_breakout__period55,donchian_breakout,XLI,trend,-0.1847,-0.2504,-0.1143,442
bb_breakout__period20__std1.5,bb_breakout,XLI,trend,-0.1199,-0.6452,-0.3013,786
bb_breakout__period20__std2.0,bb_breakout,XLI,trend,-0.3048,-0.6599,-0.1903,412
bb_breakout__period20__std2.5,bb_breakout,XLI,trend,-0.3242,-0.3633,-0.1284,102
bb_breakout__period30__std2.0,bb_breakout,XLI,trend,-0.2302,-0.5404,-0.1753,380
bb_breakout__period50__std2.0,bb_breakout,XLI,trend,0.0855,-0.8914,-0.2525,298
supertrend__period7__mult2.0,supertrend,XLI,trend,0.16,-1.1263,-0.6103,223
supertrend__period7__mult3.0,supertrend,XLI,trend,-0.1686,-0.3688,-0.3179,131
supertrend__period10__mult3.0,supertrend,XLI,trend,0.1151,-0.845,-0.5175,129
supertrend__period14__mult2.0,supertrend,XLI,trend,0.0718,-1.0647,-0.5925,231
supertrend__period14__mult3.0,supertrend,XLI,trend,0.1361,-0.6289,-0.4333,127
parabolic_sar__step0.01__max_af0.1,parabolic_sar,XLI,trend,0.3873,-0.498,-0.4257,213
parabolic_sar__step0.02__max_af0.2,parabolic_sar,XLI,trend,0.1957,-0.9317,-0.5725,353
parabolic_sar__step0.03__max_af0.2,parabolic_sar,XLI,trend,0.1907,-0.6836,-0.4643,439
parabolic_sar__step0.05__max_af0.2,parabolic_sar,XLI,trend,0.3127,-0.0892,-0.3327,547
adx_trend__period14__threshold20,adx_trend,XLI,trend,0.1227,-1.0856,-0.475,254
adx_trend__period14__threshold25,adx_trend,XLI,trend,0.0842,-0.6559,-0.3132,163
adx_trend__period14__threshold30,adx_trend,XLI,trend,-0.2012,-0.5666,-0.2526,93
adx_trend__period21__threshold20,adx_trend,XLI,trend,-0.13,-0.8067,-0.4112,132
adx_trend__period21__threshold25,adx_trend,XLI,trend,-0.1075,-0.7848,-0.2821,71
ichimoku__tenkan9__kijun26__senkou_b52,ichimoku,XLI,trend,0.0402,-1.2425,-0.5836,523
ichimoku__tenkan7__kijun22__senkou_b44,ichimoku,XLI,trend,0.1658,-1.3099,-0.6166,581
linreg_slope__period10,linreg_slope,XLI,trend,-0.0336,-1.0785,-0.5992,375
linreg_slope__period20,linreg_slope,XLI,trend,-0.0236,-1.0968,-0.6226,192
linreg_slope__period30,linreg_slope,XLI,trend,-0.2755,-0.2714,-0.4568,128
linreg_slope__period50,linreg_slope,XLI,trend,-0.0546,-0.2537,-0.3626,69
aroon__period14,aroon,XLI,trend,0.1466,-1.1441,-0.6076,250
aroon__period25,aroon,XLI,trend,-0.1547,-0.56,-0.441,156
aroon__period50,aroon,XLI,trend,0.0224,-0.3764,-0.3643,79
vortex__period10,vortex,XLI,trend,0.328,-0.994,-0.5697,451
vortex__period14,vortex,XLI,trend,0.0485,-0.5445,-0.458,392
vortex__period21,vortex,XLI,trend,0.0612,-0.6546,-0.4466,318
trix__period9,trix,XLI,trend,-0.085,-1.1584,-0.6116,169
trix__period12,trix,XLI,trend,-0.0898,-0.2869,-0.337,113
trix__period18,trix,XLI,trend,0.1176,0.2125,-0.2879,71
hull_ma__period14,hull_ma,XLI,trend,-0.1351,-0.1026,-0.2561,555
hull_ma__period20,hull_ma,XLI,trend,0.0732,-0.7951,-0.5056,406
hull_ma__period30,hull_ma,XLI,trend,0.2516,-0.8231,-0.5343,289
hull_ma__period50,hull_ma,XLI,trend,0.0045,-0.7745,-0.5339,205
kama__period5,kama,XLI,trend,0.1365,-0.1253,-0.2843,1996
kama__period10,kama,XLI,trend,0.089,0.0,0.0,149
kama__period20,kama,XLI,trend,0.7822,0.0,0.0,41
turtle__entry20__exit_p10,turtle,XLI,trend,-0.2481,-0.3272,-0.1164,736
turtle__entry55__exit_p20,turtle,XLI,trend,-0.1847,-0.2504,-0.1143,442
turtle__entry10__exit_p5,turtle,XLI,trend,-0.0231,-0.1058,-0.1362,1008
dual_momentum__period63,dual_momentum,XLI,trend,0.6537,0.1278,-0.1866,196
dual_momentum__period126,dual_momentum,XLI,trend,0.7969,0.1277,-0.2345,127
dual_momentum__period252,dual_momentum,XLI,trend,0.5624,0.4032,-0.2294,103
elder_ray__period13,elder_ray,XLI,trend,-0.0722,-0.6125,-0.4923,640
elder_ray__period21,elder_ray,XLI,trend,-0.0813,-0.4008,-0.4417,482
elder_ray__period34,elder_ray,XLI,trend,0.1768,-0.6119,-0.4767,380
rsi_reversion__period7__lo30__hi70,rsi_reversion,XLI,meanrev,-0.0555,0.1053,-0.1108,657
rsi_reversion__period7__lo25__hi75,rsi_reversion,XLI,meanrev,0.44,0.2833,-0.1258,450
rsi_reversion__period14__lo30__hi70,rsi_reversion,XLI,meanrev,0.0203,0.7551,-0.0908,236
rsi_reversion__period14__lo25__hi75,rsi_reversion,XLI,meanrev,0.3619,0.4591,-0.037,104
rsi_reversion__period14__lo35__hi65,rsi_reversion,XLI,meanrev,-0.3833,0.6826,-0.1267,423
rsi_reversion__period21__lo30__hi70,rsi_reversion,XLI,meanrev,0.1968,0.4978,-0.037,84
rsi_reversion__period21__lo25__hi75,rsi_reversion,XLI,meanrev,0.5011,0.0,0.0,28
rsi_reversion__period28__lo30__hi70,rsi_reversion,XLI,meanrev,0.4005,0.811,-0.0101,58
rsi_reversion__period30__lo30__hi70,rsi_reversion,XLI,meanrev,0.4657,0.4522,-0.0101,46
rsi_reversion__period30__lo25__hi75,rsi_reversion,XLI,meanrev,0.0521,0.0,0.0,4
bb_reversion__period20__std1.5,bb_reversion,XLI,meanrev,0.0104,0.5398,-0.128,786
bb_reversion__period20__std2.0,bb_reversion,XLI,meanrev,0.1995,0.5753,-0.064,412
bb_reversion__period20__std2.5,bb_reversion,XLI,meanrev,0.2708,0.3296,-0.0571,102
bb_reversion__period30__std2.0,bb_reversion,XLI,meanrev,0.1472,0.4636,-0.1132,380
bb_reversion__period30__std2.5,bb_reversion,XLI,meanrev,0.3093,0.6468,-0.0484,132
bb_reversion__period50__std2.0,bb_reversion,XLI,meanrev,-0.1451,0.8281,-0.1088,298
zscore_reversion__period10__threshold1.0,zscore_reversion,XLI,meanrev,-0.1746,0.3488,-0.1781,1316
zscore_reversion__period20__threshold1.5,zscore_reversion,XLI,meanrev,0.0104,0.5398,-0.128,786
zscore_reversion__period20__threshold2.0,zscore_reversion,XLI,meanrev,0.1995,0.5753,-0.064,412
zscore_reversion__period30__threshold1.5,zscore_reversion,XLI,meanrev,-0.3096,0.7896,-0.1416,660
zscore_reversion__period30__threshold2.0,zscore_reversion,XLI,meanrev,0.1472,0.4636,-0.1132,380
zscore_reversion__period60__threshold2.0,zscore_reversion,XLI,meanrev,-0.4574,0.6261,-0.0746,252
stochastic__k5__d3__lo20__hi80,stochastic,XLI,meanrev,0.1651,0.2665,-0.1434,868
stochastic__k14__d3__lo20__hi80,stochastic,XLI,meanrev,-0.2836,0.1579,-0.216,572
stochastic__k14__d3__lo30__hi70,stochastic,XLI,meanrev,0.0687,0.8598,-0.1355,661
stochastic__k14__d5__lo20__hi80,stochastic,XLI,meanrev,-0.1272,0.8558,-0.1742,416
stochastic__k21__d3__lo20__hi80,stochastic,XLI,meanrev,-0.2622,0.645,-0.177,487
cci_reversion__period14__threshold100,cci_reversion,XLI,meanrev,-0.1662,0.3155,-0.13,969
cci_reversion__period14__threshold150,cci_reversion,XLI,meanrev,0.0579,0.6881,-0.0746,565
cci_reversion__period20__threshold100,cci_reversion,XLI,meanrev,-0.1578,0.7186,-0.1683,801
cci_reversion__period20__threshold150,cci_reversion,XLI,meanrev,0.2141,0.9405,-0.0659,497
cci_reversion__period30__threshold100,cci_reversion,XLI,meanrev,-0.2983,0.4838,-0.1526,620
williams_r__period14__lo-80__hi-20,williams_r,XLI,meanrev,-0.4651,0.2168,-0.2137,1032
williams_r__period14__lo-90__hi-10,williams_r,XLI,meanrev,-0.2765,0.1574,-0.1669,1030
williams_r__period21__lo-80__hi-20,williams_r,XLI,meanrev,-0.2268,0.5566,-0.1749,844
williams_r__period28__lo-80__hi-20,williams_r,XLI,meanrev,-0.1738,0.4594,-0.1649,730
keltner_reversion__period20__mult1.5,keltner_reversion,XLI,meanrev,-0.553,0.5186,-0.1429,627
keltner_reversion__period20__mult2.0,keltner_reversion,XLI,meanrev,-0.3382,1.0128,-0.0937,465
keltner_reversion__period20__mult2.5,keltner_reversion,XLI,meanrev,-0.0595,0.5575,-0.0971,254
keltner_reversion__period30__mult2.0,keltner_reversion,XLI,meanrev,-0.3483,0.7401,-0.1356,495
vwap_reversion__period20__z_thresh1.0,vwap_reversion,XLI,meanrev,-0.3279,0.354,-0.2104,810
vwap_reversion__period20__z_thresh1.5,vwap_reversion,XLI,meanrev,-0.3536,0.8383,-0.1222,670
vwap_reversion__period20__z_thresh2.0,vwap_reversion,XLI,meanrev,-0.0699,0.4397,-0.1509,517
percent_b__period20__std2.0__lo0.05__hi0.95,percent_b,XLI,meanrev,0.1373,0.5668,-0.075,588
percent_b__period20__std2.0__lo0.1__hi0.9,percent_b,XLI,meanrev,0.2498,0.4484,-0.1449,735
percent_b__period20__std2.0__lo0.2__hi0.8,percent_b,XLI,meanrev,-0.322,0.5551,-0.1722,900
percent_b__period30__std2.0__lo0.2__hi0.8,percent_b,XLI,meanrev,-0.4629,0.5149,-0.1485,680
connors_rsi__rsi_period3__streak_period2__rank_period100,connors_rsi,XLI,meanrev,0.1689,0.1251,-0.1511,1213
connors_rsi__rsi_period2__streak_period3__rank_period100,connors_rsi,XLI,meanrev,0.2805,0.0992,-0.1736,1278
ultimate_osc__p17__p214__p328,ultimate_osc,XLI,meanrev,-0.4245,0.3448,-0.0666,194
ultimate_osc__p14__p28__p316,ultimate_osc,XLI,meanrev,-0.2725,-0.0709,-0.1238,540
gap_fade__threshold0.01,gap_fade,XLI,meanrev,-0.1672,0.0167,-0.1764,641
gap_fade__threshold0.015,gap_fade,XLI,meanrev,-0.1279,-0.0684,-0.0989,260
gap_fade__threshold0.02,gap_fade,XLI,meanrev,-0.1286,0.0044,-0.0342,117
obv_trend__period10,obv_trend,XLI,volume,-0.2249,-0.2121,-0.34,805
obv_trend__period20,obv_trend,XLI,volume,0.0262,-0.8006,-0.5061,562
obv_trend__period50,obv_trend,XLI,volume,0.14,-0.7076,-0.4834,321
chaikin_mf__period10,chaikin_mf,XLI,volume,-0.0282,-0.2841,-0.3128,511
chaikin_mf__period20,chaikin_mf,XLI,volume,-0.068,-0.4905,-0.4133,367
chaikin_mf__period21,chaikin_mf,XLI,volume,-0.0527,-0.2549,-0.3469,381
mfi__period10,mfi,XLI,volume,0.0343,0.3746,-0.0975,280
mfi__period14,mfi,XLI,volume,0.0697,0.6997,-0.0717,128
mfi__period21,mfi,XLI,volume,-0.097,0.3922,-0.0265,28
volume_surge__period10__mult1.5,volume_surge,XLI,volume,-0.339,-0.1752,-0.0968,483
volume_surge__period20__mult2.0,volume_surge,XLI,volume,-0.4811,0.3656,-0.0305,125
volume_surge__period20__mult3.0,volume_surge,XLI,volume,-0.1934,0.1934,-0.007,12
force_index__period2,force_index,XLI,volume,-0.2276,0.3141,-0.2166,1363
force_index__period13,force_index,XLI,volume,-0.2387,-0.9446,-0.569,541
force_index__period20,force_index,XLI,volume,-0.1029,-1.0286,-0.5877,413
chaikin_osc__fast3__slow10,chaikin_osc,XLI,volume,-0.1456,-0.1457,-0.294,404
chaikin_osc__fast3__slow12,chaikin_osc,XLI,volume,-0.1703,-0.0722,-0.278,378
chaikin_osc__fast5__slow12,chaikin_osc,XLI,volume,0.0246,-0.3595,-0.3198,286
atr_breakout__period10__mult1.5,atr_breakout,XLI,volatility,0.1316,-0.9364,-0.344,636
atr_breakout__period14__mult1.5,atr_breakout,XLI,volatility,0.1644,-0.9171,-0.3618,713
atr_breakout__period14__mult2.0,atr_breakout,XLI,volatility,0.4464,-0.4742,-0.1735,414
atr_breakout__period20__mult2.0,atr_breakout,XLI,volatility,0.2577,-0.7046,-0.2678,517
atr_breakout__period20__mult2.5,atr_breakout,XLI,volatility,0.0321,-0.8293,-0.2491,351
vol_breakout__period10__mult0.5,vol_breakout,XLI,volatility,-0.3661,0.0804,-0.2052,2552
vol_breakout__period20__mult1.0,vol_breakout,XLI,volatility,-0.2422,0.0099,-0.1901,2091
vol_breakout__period20__mult1.5,vol_breakout,XLI,volatility,-0.2659,0.0766,-0.1427,1375
vol_breakout__period30__mult1.0,vol_breakout,XLI,volatility,-0.2092,-0.1103,-0.2587,2057
squeeze_breakout__bb_period20__kc_period20__bb_std2.0__kc_mult1.5,squeeze_breakout,XLI,volatility,0.2583,-1.0313,-0.6262,179
squeeze_breakout__bb_period20__kc_period20__bb_std2.0__kc_mult1.0,squeeze_breakout,XLI,volatility,0.2001,-0.9765,-0.6047,132
squeeze_breakout__bb_period30__kc_period30__bb_std2.0__kc_mult1.5,squeeze_breakout,XLI,volatility,0.4737,-0.0321,-0.3596,84
engulfing,engulfing,XLI,pattern,-0.1753,-0.3644,-0.1573,487
three_bar_reversal,three_bar_reversal,XLI,pattern,0.0789,0.0771,-0.1093,930
higher_highs_lows__period5,higher_highs_lows,XLI,pattern,-0.1244,-0.9268,-0.5133,790
higher_highs_lows__period10,higher_highs_lows,XLI,pattern,0.1183,-1.0913,-0.5385,428
higher_highs_lows__period20,higher_highs_lows,XLI,pattern,-0.1445,-0.2394,-0.2588,247
pivot_bounce__period5,pivot_bounce,XLI,pattern,0.2236,0.0393,-0.2188,1271
pivot_bounce__period10,pivot_bounce,XLI,pattern,0.179,0.1352,-0.2333,1179
pivot_bounce__period20,pivot_bounce,XLI,pattern,-0.4384,0.4102,-0.1551,893
macd_rsi_combo__fast12__slow26__signal9__rsi_period14__rsi_lo40__rsi_hi60,macd_rsi_combo,XLI,composite,0.2173,-0.3987,-0.2413,542
macd_rsi_combo__fast12__slow26__signal9__rsi_period14__rsi_lo45__rsi_hi55,macd_rsi_combo,XLI,composite,0.3298,-0.831,-0.4165,666
macd_rsi_combo__fast8__slow21__signal5__rsi_period14__rsi_lo40__rsi_hi60,macd_rsi_combo,XLI,composite,0.1335,-0.4545,-0.2427,590
macd_rsi_combo__fast5__slow35__signal5__rsi_period14__rsi_lo40__rsi_hi60,macd_rsi_combo,XLI,composite,0.179,-0.3702,-0.2092,608
triple_screen__trend_period20__osc_period14__osc_lo40__osc_hi60,triple_screen,XLI,composite,0.0,0.0,0.0,0
triple_screen__trend_period30__osc_period14__osc_lo40__osc_hi60,triple_screen,XLI,composite,0.0,0.0,0.0,0
triple_screen__trend_period50__osc_period14__osc_lo35__osc_hi65,triple_screen,XLI,composite,0.0,0.0,0.0,0
triple_screen__trend_period20__osc_period7__osc_lo30__osc_hi70,triple_screen,XLI,composite,0.0,0.0,0.0,0
chandelier_exit__period14__mult2.0,chandelier_exit,XLI,composite,-0.1164,-0.9723,-0.5685,579
chandelier_exit__period22__mult3.0,chandelier_exit,XLI,composite,0.1565,-0.5428,-0.4672,360
chandelier_exit__period22__mult2.0,chandelier_exit,XLI,composite,-0.2141,-0.9895,-0.5388,681
chandelier_exit__period10__mult2.0,chandelier_exit,XLI,composite,0.1094,-0.3801,-0.4616,516
high52_momentum__period252__threshold0.7,high52_momentum,XLI,trend,0.4115,-0.0611,-0.3974,186
high52_momentum__period252__threshold0.75,high52_momentum,XLI,trend,0.3006,0.0039,-0.3713,200
high52_momentum__period252__threshold0.8,high52_momentum,XLI,trend,0.0639,-0.0991,-0.376,248
high52_momentum__period126__threshold0.7,high52_momentum,XLI,trend,0.3451,-0.2539,-0.418,302
high52_momentum__period126__threshold0.75,high52_momentum,XLI,trend,0.2282,-0.3785,-0.3959,338
short_reversal__period5,short_reversal,XLI,meanrev,0.0262,-0.0505,-0.289,737
short_reversal__period10,short_reversal,XLI,meanrev,-0.288,0.6307,-0.2418,509
short_reversal__period15,short_reversal,XLI,meanrev,-0.0169,0.2959,-0.2597,442
short_reversal__period20,short_reversal,XLI,meanrev,-0.1164,0.4487,-0.2849,377
low_vol_regime__period20__ma_period60,low_vol_regime,XLI,volatility,-0.3277,-0.5856,-0.2686,132
low_vol_regime__period20__ma_period120,low_vol_regime,XLI,volatility,-0.4433,-0.067,-0.2182,156
low_vol_regime__period60__ma_period120,low_vol_regime,XLI,volatility,-0.6129,-0.3813,-0.2609,48
low_vol_regime__period20__ma_period252,low_vol_regime,XLI,volatility,-0.5443,-0.2078,-0.1836,158
low_vol_regime__period60__ma_period252,low_vol_regime,XLI,volatility,-0.0045,0.0311,-0.2458,94
low_vol_regime__period120__ma_period252,low_vol_regime,XLI,volatility,0.2124,0.4414,-0.1071,28
nr_breakout__nr_period4__exit_bars3,nr_breakout,XLI,pattern,0.2018,-0.1003,-0.2789,999
nr_breakout__nr_period4__exit_bars5,nr_breakout,XLI,pattern,0.0143,-0.099,-0.2627,750
nr_breakout__nr_period7__exit_bars3,nr_breakout,XLI,pattern,-0.0838,0.2448,-0.2006,694
nr_breakout__nr_period7__exit_bars5,nr_breakout,XLI,pattern,0.1907,0.7473,-0.1283,595
nr_breakout__nr_period10__exit_bars5,nr_breakout,XLI,pattern,0.2201,0.3913,-0.1405,489
nr_breakout__nr_period10__exit_bars10,nr_breakout,XLI,pattern,-0.202,-0.0726,-0.1807,401
overnight_gap__period1__threshold0.001,overnight_gap,XLI,volume,-0.3189,0.6567,-0.1912,2315
overnight_gap__period1__threshold0.003,overnight_gap,XLI,volume,-0.1506,0.2218,-0.2454,2302
overnight_gap__period3__threshold0.001,overnight_gap,XLI,volume,0.0071,0.0563,-0.247,1519
overnight_gap__period3__threshold0.003,overnight_gap,XLI,volume,0.2134,0.8476,-0.1692,1076
overnight_gap__period5__threshold0.001,overnight_gap,XLI,volume,-0.1468,-0.4386,-0.3144,1249
overnight_gap__period5__threshold0.003,overnight_gap,XLI,volume,-0.1448,-0.0152,-0.1463,702
coppock_curve__roc1252__roc2189__wma_period63,coppock_curve,XLI,trend,-0.1653,0.3955,-0.3073,10
coppock_curve__roc1189__roc2126__wma_period42,coppock_curve,XLI,trend,0.1689,0.4535,-0.291,12
coppock_curve__roc1126__roc2100__wma_period21,coppock_curve,XLI,trend,0.3355,0.0407,-0.3655,28
bll_filter__pct0.005__hold0,bll_filter,XLI,trend,0.0647,0.4576,-0.2615,1118
bll_filter__pct0.01__hold0,bll_filter,XLI,trend,0.0239,0.5579,-0.2433,742
bll_filter__pct0.02__hold0,bll_filter,XLI,trend,-0.1594,-0.6909,-0.5073,383
bll_filter__pct0.005__hold10,bll_filter,XLI,trend,0.0884,0.3288,-0.2515,1186
bll_filter__pct0.01__hold10,bll_filter,XLI,trend,-0.0554,0.4038,-0.2269,887
bll_filter__pct0.01__hold20,bll_filter,XLI,trend,0.0081,0.5278,-0.2433,770
bll_filter__pct0.02__hold10,bll_filter,XLI,trend,-0.1316,-0.2798,-0.3216,586
frog_in_pan__lookback252__skip21__id_cutoff0.5,frog_in_pan,XLI,trend,0.7528,-0.1191,-0.4257,151
frog_in_pan__lookback252__skip21__id_cutoff0.45,frog_in_pan,XLI,trend,0.6415,0.1144,-0.247,111
frog_in_pan__lookback252__skip0__id_cutoff0.5,frog_in_pan,XLI,trend,0.3199,0.364,-0.1966,151
frog_in_pan__lookback126__skip21__id_cutoff0.5,frog_in_pan,XLI,trend,0.3325,0.0199,-0.383,201
frog_in_pan__lookback126__skip21__id_cutoff0.45,frog_in_pan,XLI,trend,0.4134,0.4172,-0.142,153
vol_mom__mom_period126__vol_period126__skip21__vol_weight0.5,vol_mom,XLI,composite,0.0738,-0.4039,-0.3483,150
vol_mom__mom_period126__vol_period126__skip0__vol_weight0.5,vol_mom,XLI,composite,0.3657,-0.6504,-0.3609,151
vol_mom__mom_period252__vol_period126__skip21__vol_weight0.5,vol_mom,XLI,composite,0.3544,-0.6734,-0.4155,140
vol_mom__mom_period63__vol_period63__skip0__vol_weight0.3,vol_mom,XLI,composite,0.2139,-0.1442,-0.2921,186
vol_mom__mom_period126__vol_period126__skip21__vol_weight0.3,vol_mom,XLI,composite,-0.0364,0.1552,-0.3635,113
seasonality__n_years2,seasonality,XLI,pattern,0.2464,-0.0325,-0.3088,76
seasonality__n_years3,seasonality,XLI,pattern,0.6181,-0.0762,-0.3096,76
seasonality__n_years5,seasonality,XLI,pattern,0.2077,0.0346,-0.3301,74
residual_mom__lookback252__skip21,residual_mom,XLI,trend,0.4341,-0.0716,-0.4234,102
residual_mom__lookback252__skip0,residual_mom,XLI,trend,0.1393,0.3035,-0.2698,102
residual_mom__lookback126__skip21,residual_mom,XLI,trend,0.0112,0.2974,-0.3314,117
vol_scaled_mom__rv_window21__vol_target0.12__damp0.5,vol_scaled_mom,XLI,trend,0.2016,-0.2544,-0.3759,2518
vol_scaled_mom__rv_window21__vol_target0.08__damp0.5,vol_scaled_mom,XLI,trend,0.1396,-0.273,-0.2779,3404
vol_scaled_mom__rv_window63__vol_target0.12__damp0.5,vol_scaled_mom,XLI,trend,0.2845,-0.2201,-0.3791,2829
vol_scaled_mom__rv_window21__vol_target0.12__damp0.0,vol_scaled_mom,XLI,trend,0.1926,-0.2544,-0.3759,2512
vol_scaled_mom__rv_window21__vol_target0.15__damp0.5,vol_scaled_mom,XLI,trend,0.2013,-0.2262,-0.4251,1713
dema_crossover__fast5__slow20,dema_crossover,XLI,trend,0.3481,-0.8315,-0.5375,432
dema_crossover__fast10__slow40,dema_crossover,XLI,trend,0.0713,-0.5623,-0.4635,216
dema_crossover__fast12__slow26,dema_crossover,XLI,trend,0.2444,-0.5796,-0.4577,232
dema_crossover__fast20__slow50,dema_crossover,XLI,trend,-0.3313,-0.1836,-0.2899,144
dema_crossover__fast10__slow30,dema_crossover,XLI,trend,0.286,-0.647,-0.4642,252
tema_crossover__fast5__slow20,tema_crossover,XLI,trend,0.1943,-0.0832,-0.2908,555
tema_crossover__fast10__slow40,tema_crossover,XLI,trend,0.3525,-0.6585,-0.4764,294
tema_crossover__fast12__slow26,tema_crossover,XLI,trend,0.3234,-0.8624,-0.5485,312
tema_crossover__fast20__slow50,tema_crossover,XLI,trend,0.3386,-0.2806,-0.358,176
tema_crossover__fast10__slow30,tema_crossover,XLI,trend,0.2782,-0.8523,-0.5452,328
price_acceleration__period10__smooth3,price_acceleration,XLI,trend,0.3988,-0.1632,-0.2461,1004
price_acceleration__period20__smooth5,price_acceleration,XLI,trend,0.1709,-0.51,-0.4466,752
price_acceleration__period20__smooth3,price_acceleration,XLI,trend,0.3816,0.0095,-0.3511,948
price_acceleration__period30__smooth5,price_acceleration,XLI,trend,0.1179,-0.5881,-0.4504,746
price_acceleration__period40__smooth10,price_acceleration,XLI,trend,0.1161,-0.3863,-0.3844,536
price_acceleration__period10__smooth5,price_acceleration,XLI,trend,0.1133,-0.3969,-0.3792,759
turn_of_month__days_before3__days_after3,turn_of_month,XLI,pattern,0.7077,0.1179,-0.1212,360
turn_of_month__days_before4__days_after4,turn_of_month,XLI,pattern,0.9671,0.4124,-0.1207,360
turn_of_month__days_before5__days_after5,turn_of_month,XLI,pattern,0.9689,0.5984,-0.1441,360
turn_of_month__days_before3__days_after5,turn_of_month,XLI,pattern,0.9054,0.415,-0.175,360
trend_intensity__period20,trend_intensity,XLI,trend,0.1635,-0.0148,-0.1557,355
trend_intensity__period30,trend_intensity,XLI,trend,-0.0256,0.0955,-0.0797,270
trend_intensity__period50,trend_intensity,XLI,trend,0.16,0.4633,-0.0566,180
trend_intensity__period63,trend_intensity,XLI,trend,0.1597,0.4538,-0.0853,184
ma_regime_momentum__regime_ma200__mom_period126__skip21,ma_regime_momentum,XLI,trend,0.2508,0.0926,-0.3608,217
ma_regime_momentum__regime_ma200__mom_period252__skip21,ma_regime_momentum,XLI,trend,0.3424,-0.1326,-0.3772,184
ma_regime_momentum__regime_ma200__mom_period63__skip0,ma_regime_momentum,XLI,trend,0.3312,-0.0732,-0.3178,274
ma_regime_momentum__regime_ma100__mom_period126__skip21,ma_regime_momentum,XLI,trend,0.1619,-0.0304,-0.3435,288
ma_regime_momentum__regime_ma50__mom_period63__skip0,ma_regime_momentum,XLI,trend,0.2071,-0.3642,-0.3653,426
fisher_transform__period5,fisher_transform,XLI,trend,-0.1605,0.3756,-0.2442,891
fisher_transform__period10,fisher_transform,XLI,trend,0.1042,-0.1445,-0.3531,581
fisher_transform__period20,fisher_transform,XLI,trend,0.2076,-0.8963,-0.5736,420
fisher_transform__period30,fisher_transform,XLI,trend,-0.0128,-0.6945,-0.5164,361
relative_vigor__period10,relative_vigor,XLI,trend,0.3538,0.5163,-0.1874,1074
relative_vigor__period14,relative_vigor,XLI,trend,0.3538,0.5163,-0.1874,1074
relative_vigor__period20,relative_vigor,XLI,trend,0.3538,0.5163,-0.1874,1074
chande_momentum__period14__threshold0.0,chande_momentum,XLI,trend,0.415,-0.5673,-0.4916,456
chande_momentum__period20__threshold0.0,chande_momentum,XLI,trend,0.065,-0.5174,-0.4758,377
chande_momentum__period20__threshold10.0,chande_momentum,XLI,trend,0.191,-0.4142,-0.3862,692
chande_momentum__period30__threshold0.0,chande_momentum,XLI,trend,0.0827,-0.6523,-0.4791,317
chande_momentum__period9__threshold0.0,chande_momentum,XLI,trend,0.1983,-1.1543,-0.6206,546
demarker__period14__hi_thresh0.7__lo_thresh0.3,demarker,XLI,meanrev,-0.0349,0.9636,-0.099,489
demarker__period14__hi_thresh0.8__lo_thresh0.2,demarker,XLI,meanrev,-0.1671,0.7052,-0.0717,239
demarker__period21__hi_thresh0.7__lo_thresh0.3,demarker,XLI,meanrev,0.1808,0.6385,-0.0975,297
demarker__period9__hi_thresh0.7__lo_thresh0.3,demarker,XLI,meanrev,-0.4456,0.921,-0.1315,692
stoch_rsi__rsi_period14__stoch_period14__lo20.0__hi80.0,stoch_rsi,XLI,meanrev,-0.1824,0.0328,-0.2091,732
stoch_rsi__rsi_period14__stoch_period14__lo10.0__hi90.0,stoch_rsi,XLI,meanrev,0.2826,0.039,-0.1465,696
stoch_rsi__rsi_period7__stoch_period14__lo20.0__hi80.0,stoch_rsi,XLI,meanrev,0.0638,-0.0206,-0.2257,812
stoch_rsi__rsi_period21__stoch_period21__lo20.0__hi80.0,stoch_rsi,XLI,meanrev,-0.317,0.3269,-0.1855,611
hurst_regime__period100__trend_thresh0.55__mr_thresh0.45,hurst_regime,XLI,trend,-0.0517,0.0562,-0.156,316
hurst_regime__period60__trend_thresh0.55__mr_thresh0.45,hurst_regime,XLI,trend,0.1855,-0.8291,-0.3181,552
hurst_regime__period100__trend_thresh0.58__mr_thresh0.42,hurst_regime,XLI,trend,0.3196,-0.2612,-0.1259,150
psych_line__period12__hi_thresh75.0__lo_thresh25.0,psych_line,XLI,meanrev,-0.3793,0.3723,-0.0297,90
psych_line__period12__hi_thresh65.0__lo_thresh35.0,psych_line,XLI,meanrev,-0.5096,0.3627,-0.1449,569
psych_line__period20__hi_thresh70.0__lo_thresh30.0,psych_line,XLI,meanrev,-0.5012,-0.6777,-0.069,89
er_regime__er_period10__mom_period20__er_thresh0.4,er_regime,XLI,trend,0.2212,-0.136,-0.2236,1523
er_regime__er_period10__mom_period20__er_thresh0.3,er_regime,XLI,trend,0.2506,-0.0915,-0.2679,1508
er_regime__er_period14__mom_period20__er_thresh0.4,er_regime,XLI,trend,0.0259,-0.559,-0.4701,1330
er_regime__er_period20__mom_period40__er_thresh0.4,er_regime,XLI,trend,0.1328,-0.3981,-0.3408,990
er_regime__er_period10__mom_period10__er_thresh0.4,er_regime,XLI,trend,0.0871,-0.503,-0.3302,1708
mcginley_dynamic__fast5__slow20,mcginley_dynamic,XLI,trend,-0.0916,-1.0302,-0.5781,242
mcginley_dynamic__fast10__slow40,mcginley_dynamic,XLI,trend,0.3197,-0.3225,-0.423,94
mcginley_dynamic__fast12__slow26,mcginley_dynamic,XLI,trend,0.3131,-0.9231,-0.5862,118
mcginley_dynamic__fast5__slow14,mcginley_dynamic,XLI,trend,-0.1204,-1.0915,-0.5984,278
cci_trend__period14__threshold50.0,cci_trend,XLI,trend,0.1338,-0.3991,-0.3309,950
cci_trend__period20__threshold50.0,cci_trend,XLI,trend,0.051,-0.7322,-0.4284,796
cci_trend__period20__threshold100.0,cci_trend,XLI,trend,0.0696,-0.8189,-0.389,801
cci_trend__period30__threshold50.0,cci_trend,XLI,trend,0.104,-0.7229,-0.4264,651
cci_trend__period14__threshold100.0,cci_trend,XLI,trend,0.0523,-0.4318,-0.2938,969
volume_roc__period10__signal_period5,volume_roc,XLI,volume,0.5858,0.0989,-0.1693,830
volume_roc__period14__signal_period10,volume_roc,XLI,volume,0.4224,0.4421,-0.1237,677
volume_roc__period20__signal_period10,volume_roc,XLI,volume,0.2333,0.0224,-0.2525,596
volume_roc__period5__signal_period3,volume_roc,XLI,volume,-0.1986,-0.092,-0.2359,1210
hv_ratio__fast_period10__slow_period100__thresh_hi1.5__thresh_lo0.7,hv_ratio,XLI,volatility,-0.2711,-0.03,-0.1797,415
hv_ratio__fast_period10__slow_period60__thresh_hi1.5__thresh_lo0.7,hv_ratio,XLI,volatility,0.1366,-0.304,-0.2382,398
hv_ratio__fast_period21__slow_period100__thresh_hi1.5__thresh_lo0.7,hv_ratio,XLI,volatility,-0.0621,0.1026,-0.0954,191
hv_ratio__fast_period10__slow_period100__thresh_hi2.0__thresh_lo0.5,hv_ratio,XLI,volatility,-0.1115,-0.3757,-0.0918,161
zscore_trend__z_period20__trend_period50__z_thresh1.5,zscore_trend,XLI,meanrev,-0.0197,-0.1564,-0.0768,94
zscore_trend__z_period20__trend_period50__z_thresh1.0,zscore_trend,XLI,meanrev,0.5039,-0.0448,-0.1042,200
zscore_trend__z_period20__trend_period100__z_thresh1.5,zscore_trend,XLI,meanrev,0.3078,0.1247,-0.0957,206
zscore_trend__z_period30__trend_period100__z_thresh2.0,zscore_trend,XLI,meanrev,0.1859,0.4306,-0.0153,56
cmo_fisher__fisher_period10__cmo_period14__score_thresh0.3,cmo_fisher,XLI,trend,0.1139,-0.1976,-0.1906,820
cmo_fisher__fisher_period10__cmo_period14__score_thresh0.2,cmo_fisher,XLI,trend,0.482,-0.7046,-0.3488,908
cmo_fisher__fisher_period14__cmo_period20__score_thresh0.3,cmo_fisher,XLI,trend,0.5918,-0.5398,-0.2033,643
cmo_fisher__fisher_period8__cmo_period14__score_thresh0.2,cmo_fisher,XLI,trend,0.1221,-0.4815,-0.3451,1028
rvi_divergence__rvi_period10__lookback5,rvi_divergence,XLI,meanrev,-0.4364,-0.0322,-0.0299,22
rvi_divergence__rvi_period10__lookback8,rvi_divergence,XLI,meanrev,-0.3585,0.4616,-0.0194,10
rvi_divergence__rvi_period14__lookback5,rvi_divergence,XLI,meanrev,-0.4364,-0.0322,-0.0299,22
adaptive_rsi__base_period14__fast_n2__slow_n30,adaptive_rsi,XLI,meanrev,0.1204,0.4673,-0.1704,271
adaptive_rsi__base_period14__fast_n2__slow_n60,adaptive_rsi,XLI,meanrev,0.1602,0.3525,-0.1846,272
adaptive_rsi__base_period9__fast_n2__slow_n30,adaptive_rsi,XLI,meanrev,-0.0194,0.711,-0.2544,375
adaptive_rsi__base_period21__fast_n2__slow_n30,adaptive_rsi,XLI,meanrev,0.2373,0.2203,-0.259,199
elder_impulse__ema_period8,elder_impulse,XLI,composite,-0.1306,0.1307,-0.25,1453
elder_impulse__ema_period13,elder_impulse,XLI,composite,-0.2809,-0.1234,-0.2478,1416
elder_impulse__ema_period20,elder_impulse,XLI,composite,-0.2678,-0.0499,-0.2288,1340
klinger_osc__fast34__slow55__signal13,klinger_osc,XLI,volume,-0.0792,-0.459,-0.3797,707
klinger_osc__fast21__slow34__signal9,klinger_osc,XLI,volume,-0.0399,0.4101,-0.1914,873
klinger_osc__fast55__slow89__signal13,klinger_osc,XLI,volume,-0.0539,-0.8172,-0.5378,677
price_oscillator__fast10__slow30__signal9,price_oscillator,XLI,trend,0.3199,-0.3781,-0.3562,300
price_oscillator__fast12__slow26__signal9,price_oscillator,XLI,trend,0.3306,-0.5052,-0.4131,290
price_oscillator__fast5__slow20__signal5,price_oscillator,XLI,trend,0.1863,-0.2106,-0.3925,557
price_oscillator__fast20__slow50__signal9,price_oscillator,XLI,trend,0.127,-0.6421,-0.4841,228
baz_trend__ewmstd_span42,baz_trend,XLI,trend,0.4063,0.0544,-0.3313,71
baz_trend__ewmstd_span63,baz_trend,XLI,trend,0.4063,0.0544,-0.3313,71
baz_trend__ewmstd_span126,baz_trend,XLI,trend,0.4063,0.0544,-0.3313,71
intermediate_mom__start252__end126,intermediate_mom,XLI,trend,0.1831,0.1573,-0.2976,127
intermediate_mom__start189__end105,intermediate_mom,XLI,trend,0.1392,0.6777,-0.2453,132
intermediate_mom__start168__end84,intermediate_mom,XLI,trend,0.122,-0.4474,-0.4768,136
intermediate_mom__start252__end63,intermediate_mom,XLI,trend,0.3912,0.4128,-0.258,62
mom_crash_protect__bear_lookback504__bear_thresh-0.2__damp0.0,mom_crash_protect,XLI,trend,0.2823,-0.2459,-0.4821,102
mom_crash_protect__bear_lookback504__bear_thresh-0.2__damp0.25,mom_crash_protect,XLI,trend,0.2823,-0.2459,-0.4821,102
mom_crash_protect__bear_lookback252__bear_thresh-0.2__damp0.0,mom_crash_protect,XLI,trend,0.3046,-0.2459,-0.4821,106
mom_crash_protect__bear_lookback504__bear_thresh-0.25__damp0.0,mom_crash_protect,XLI,trend,0.2823,-0.2459,-0.4821,102
consistent_mom__consistency_thresh0.5,consistent_mom,XLI,trend,0.5194,-0.0865,-0.4334,345
consistent_mom__consistency_thresh0.58,consistent_mom,XLI,trend,0.5237,0.0797,-0.3336,497
consistent_mom__consistency_thresh0.67,consistent_mom,XLI,trend,-0.2455,0.2795,-0.0839,478
signed_range_mom__period10__threshold0.1,signed_range_mom,XLI,trend,0.0441,-0.4866,-0.3614,997
signed_range_mom__period21__threshold0.1,signed_range_mom,XLI,trend,-0.1622,-0.5035,-0.4107,680
signed_range_mom__period21__threshold0.15,signed_range_mom,XLI,trend,-0.1982,-0.5207,-0.3221,645
signed_range_mom__period42__threshold0.1,signed_range_mom,XLI,trend,-0.3592,-0.0058,-0.1875,453
signed_range_mom__period63__threshold0.1,signed_range_mom,XLI,trend,-0.2895,-0.3523,-0.2962,387
multi_tsmom,multi_tsmom,XLI,trend,0.2927,-0.0658,-0.3011,355
"multi_tsmom__lookbacks(63, 126, 252)",multi_tsmom,XLI,trend,0.1685,0.2966,-0.2957,163
"multi_tsmom__lookbacks(21, 63, 252)",multi_tsmom,XLI,trend,0.2449,-0.1936,-0.3198,262
"multi_tsmom__lookbacks(21, 63, 126, 252)__weights(0.4, 0.3, 0.2, 0.1)",multi_tsmom,XLI,trend,0.3428,-0.4162,-0.3857,237
"multi_tsmom__lookbacks(21, 63, 126, 252)__weights(0.1, 0.2, 0.3, 0.4)",multi_tsmom,XLI,trend,0.1762,0.2974,-0.2564,203
ma_crossover__fast5__slow20__kindsma,ma_crossover,XLU,trend,0.4205,-0.1313,-0.3406,224
ma_crossover__fast10__slow30__kindsma,ma_crossover,XLU,trend,-0.0802,-0.2772,-0.3315,130
ma_crossover__fast20__slow50__kindsma,ma_crossover,XLU,trend,-0.1441,-0.8029,-0.4968,90
ma_crossover__fast50__slow100__kindsma,ma_crossover,XLU,trend,0.1187,0.7288,-0.1669,38
ma_crossover__fast50__slow200__kindsma,ma_crossover,XLU,trend,0.3643,0.2919,-0.2223,18
ma_crossover__fast100__slow200__kindsma,ma_crossover,XLU,trend,0.4219,0.145,-0.2878,16
ma_crossover__fast10__slow50__kindsma,ma_crossover,XLU,trend,-0.1091,-0.7423,-0.5029,105
ma_crossover__fast20__slow100__kindsma,ma_crossover,XLU,trend,-0.1394,-0.3665,-0.4758,54
ma_crossover__fast5__slow20__kindema,ma_crossover,XLU,trend,0.1995,-0.2655,-0.3759,223
ma_crossover__fast12__slow26__kindema,ma_crossover,XLU,trend,-0.1212,-0.3349,-0.374,127
ma_crossover__fast10__slow50__kindema,ma_crossover,XLU,trend,-0.2387,-0.179,-0.4038,107
ma_crossover__fast20__slow100__kindema,ma_crossover,XLU,trend,-0.2208,-0.2615,-0.4211,54
ts_momentum__period21,ts_momentum,XLU,trend,0.1811,-0.2753,-0.3858,302
ts_momentum__period42,ts_momentum,XLU,trend,-0.3701,-0.6869,-0.515,286
ts_momentum__period63,ts_momentum,XLU,trend,-0.5725,-0.1644,-0.3585,238
ts_momentum__period126,ts_momentum,XLU,trend,0.0268,-0.0293,-0.3347,107
ts_momentum__period252,ts_momentum,XLU,trend,0.2003,-0.1368,-0.3734,92
roc_momentum__period5,roc_momentum,XLU,trend,-0.4666,0.0879,-0.3293,804
roc_momentum__period10,roc_momentum,XLU,trend,-0.2659,-0.4178,-0.3828,585
roc_momentum__period20,roc_momentum,XLU,trend,0.252,-0.3403,-0.3742,352
roc_momentum__period30,roc_momentum,XLU,trend,-0.2058,-0.4196,-0.4505,282
roc_momentum__period60,roc_momentum,XLU,trend,-0.2999,-0.4327,-0.4643,255
macd_signal__fast12__slow26__signal9,macd_signal,XLU,trend,0.113,-0.1403,-0.35,309
macd_signal__fast8__slow17__signal9,macd_signal,XLU,trend,-0.1253,0.3278,-0.2627,414
macd_signal__fast5__slow35__signal5,macd_signal,XLU,trend,-0.2714,0.2655,-0.2659,540
macd_signal__fast3__slow10__signal16,macd_signal,XLU,trend,-0.2847,0.4547,-0.1872,592
donchian_breakout__period10,donchian_breakout,XLU,trend,-0.4997,-0.3511,-0.1852,926
donchian_breakout__period20,donchian_breakout,XLU,trend,-0.5517,-0.8391,-0.2296,696
donchian_breakout__period30,donchian_breakout,XLU,trend,-0.5878,-0.8097,-0.2161,582
donchian_breakout__period40,donchian_breakout,XLU,trend,-0.8174,-0.6742,-0.1865,494
donchian_breakout__period55,donchian_breakout,XLU,trend,-0.8032,-0.4033,-0.1415,408
bb_breakout__period20__std1.5,bb_breakout,XLU,trend,-0.0005,-0.8295,-0.3382,789
bb_breakout__period20__std2.0,bb_breakout,XLU,trend,0.1387,-1.1,-0.2251,410
bb_breakout__period20__std2.5,bb_breakout,XLU,trend,-0.0735,-0.7223,-0.0808,118
bb_breakout__period30__std2.0,bb_breakout,XLU,trend,0.0147,-0.3709,-0.1627,372
bb_breakout__period50__std2.0,bb_breakout,XLU,trend,-0.0388,-0.6797,-0.1789,288
supertrend__period7__mult2.0,supertrend,XLU,trend,-0.0909,0.1327,-0.238,181
supertrend__period7__mult3.0,supertrend,XLU,trend,-0.0897,-0.554,-0.3711,111
supertrend__period10__mult3.0,supertrend,XLU,trend,-0.0017,-0.4641,-0.341,109
supertrend__period14__mult2.0,supertrend,XLU,trend,0.1681,0.1438,-0.238,177
supertrend__period14__mult3.0,supertrend,XLU,trend,-0.0642,-0.5534,-0.3708,111
parabolic_sar__step0.01__max_af0.1,parabolic_sar,XLU,trend,0.2352,0.2057,-0.2011,221
parabolic_sar__step0.02__max_af0.2,parabolic_sar,XLU,trend,-0.152,-0.632,-0.445,362
parabolic_sar__step0.03__max_af0.2,parabolic_sar,XLU,trend,0.127,-0.212,-0.2967,442
parabolic_sar__step0.05__max_af0.2,parabolic_sar,XLU,trend,-0.0042,-0.4482,-0.455,580
adx_trend__period14__threshold20,adx_trend,XLU,trend,-0.0572,-0.7684,-0.4273,256
adx_trend__period14__threshold25,adx_trend,XLU,trend,-0.3858,-0.5092,-0.2749,180
adx_trend__period14__threshold30,adx_trend,XLU,trend,-0.2542,-0.2779,-0.1851,103
adx_trend__period21__threshold20,adx_trend,XLU,trend,-0.4711,-0.1617,-0.1812,128
adx_trend__period21__threshold25,adx_trend,XLU,trend,-0.6294,-0.3112,-0.1825,78
ichimoku__tenkan9__kijun26__senkou_b52,ichimoku,XLU,trend,0.0042,-0.1335,-0.3107,489
ichimoku__tenkan7__kijun22__senkou_b44,ichimoku,XLU,trend,-0.0001,-0.154,-0.3313,546
linreg_slope__period10,linreg_slope,XLU,trend,0.0406,-0.2488,-0.4093,358
linreg_slope__period20,linreg_slope,XLU,trend,0.0539,0.2423,-0.2067,156
linreg_slope__period30,linreg_slope,XLU,trend,-0.044,-0.5146,-0.4052,116
linreg_slope__period50,linreg_slope,XLU,trend,-0.3729,-0.9057,-0.5355,80
aroon__period14,aroon,XLU,trend,0.2707,-0.1637,-0.3206,246
aroon__period25,aroon,XLU,trend,-0.0047,-0.385,-0.3233,140
aroon__period50,aroon,XLU,trend,-0.1909,-0.886,-0.5409,86
vortex__period10,vortex,XLU,trend,-0.0694,-0.5496,-0.4987,486
vortex__period14,vortex,XLU,trend,0.3858,-0.3247,-0.3828,362
vortex__period21,vortex,XLU,trend,0.2396,-0.1541,-0.3379,286
trix__period9,trix,XLU,trend,-0.225,0.215,-0.153,152
trix__period12,trix,XLU,trend,-0.1708,-0.3189,-0.4011,114
trix__period18,trix,XLU,trend,-0.2235,-0.547,-0.4767,80
hull_ma__period14,hull_ma,XLU,trend,-0.113,0.3638,-0.249,553
hull_ma__period20,hull_ma,XLU,trend,-0.1877,-0.0679,-0.3051,407
hull_ma__period30,hull_ma,XLU,trend,-0.0101,-0.3486,-0.4374,309
hull_ma__period50,hull_ma,XLU,trend,0.2844,0.2004,-0.2094,163
kama__period5,kama,XLU,trend,-0.2835,0.2141,-0.3178,1988
kama__period10,kama,XLU,trend,-0.1449,0.0,0.0,156
kama__period20,kama,XLU,trend,0.255,0.0,0.0,41
turtle__entry20__exit_p10,turtle,XLU,trend,-0.5517,-0.8391,-0.2296,696
turtle__entry55__exit_p20,turtle,XLU,trend,-0.8032,-0.4033,-0.1415,408
turtle__entry10__exit_p5,turtle,XLU,trend,-0.4997,-0.3511,-0.1852,926
dual_momentum__period63,dual_momentum,XLU,trend,0.0379,0.387,-0.1607,238
dual_momentum__period126,dual_momentum,XLU,trend,0.4655,0.4431,-0.2413,107
dual_momentum__period252,dual_momentum,XLU,trend,0.3727,0.3604,-0.2322,93
elder_ray__period13,elder_ray,XLU,trend,-0.2347,-0.5333,-0.5028,669
elder_ray__period21,elder_ray,XLU,trend,-0.004,-0.2368,-0.3738,517
elder_ray__period34,elder_ray,XLU,trend,0.0619,-0.4813,-0.4583,413
rsi_reversion__period7__lo30__hi70,rsi_reversion,XLU,meanrev,0.0964,0.413,-0.0934,610
rsi_reversion__period7__lo25__hi75,rsi_reversion,XLU,meanrev,0.2651,0.6272,-0.0622,398
rsi_reversion__period14__lo30__hi70,rsi_reversion,XLU,meanrev,0.2144,0.3425,-0.074,204
rsi_reversion__period14__lo25__hi75,rsi_reversion,XLU,meanrev,0.4504,0.4134,-0.0364,88
rsi_reversion__period14__lo35__hi65,rsi_reversion,XLU,meanrev,-0.0576,0.5968,-0.1032,372
rsi_reversion__period21__lo30__hi70,rsi_reversion,XLU,meanrev,0.6049,0.379,-0.0364,102
rsi_reversion__period21__lo25__hi75,rsi_reversion,XLU,meanrev,0.1381,0.6261,-0.0001,22
rsi_reversion__period28__lo30__hi70,rsi_reversion,XLU,meanrev,0.1356,0.6037,-0.0223,34
rsi_reversion__period30__lo30__hi70,rsi_reversion,XLU,meanrev,0.012,0.5883,-0.009,26
rsi_reversion__period30__lo25__hi75,rsi_reversion,XLU,meanrev,-0.0375,0.0,0.0,4
bb_reversion__period20__std1.5,bb_reversion,XLU,meanrev,-0.1104,0.6828,-0.0997,789
bb_reversion__period20__std2.0,bb_reversion,XLU,meanrev,-0.2238,0.982,-0.0414,410
bb_reversion__period20__std2.5,bb_reversion,XLU,meanrev,0.0208,0.6631,-0.0253,118
bb_reversion__period30__std2.0,bb_reversion,XLU,meanrev,-0.0906,0.268,-0.0803,372
bb_reversion__period30__std2.5,bb_reversion,XLU,meanrev,0.0829,0.0073,-0.0311,150
bb_reversion__period50__std2.0,bb_reversion,XLU,meanrev,-0.0137,0.5902,-0.0741,288
zscore_reversion__period10__threshold1.0,zscore_reversion,XLU,meanrev,0.2444,0.2396,-0.1305,1338
zscore_reversion__period20__threshold1.5,zscore_reversion,XLU,meanrev,-0.1104,0.6828,-0.0997,789
zscore_reversion__period20__threshold2.0,zscore_reversion,XLU,meanrev,-0.2238,0.982,-0.0414,410
zscore_reversion__period30__threshold1.5,zscore_reversion,XLU,meanrev,0.0989,0.7001,-0.1042,696
zscore_reversion__period30__threshold2.0,zscore_reversion,XLU,meanrev,-0.0906,0.268,-0.0803,372
zscore_reversion__period60__threshold2.0,zscore_reversion,XLU,meanrev,-0.1583,0.1192,-0.0981,254
stochastic__k5__d3__lo20__hi80,stochastic,XLU,meanrev,0.1179,0.2147,-0.1559,768
stochastic__k14__d3__lo20__hi80,stochastic,XLU,meanrev,0.0272,0.6172,-0.1486,588
stochastic__k14__d3__lo30__hi70,stochastic,XLU,meanrev,0.0052,0.0749,-0.3118,630
stochastic__k14__d5__lo20__hi80,stochastic,XLU,meanrev,0.2057,-0.1389,-0.194,412
stochastic__k21__d3__lo20__hi80,stochastic,XLU,meanrev,-0.1154,0.1332,-0.2203,494
cci_reversion__period14__threshold100,cci_reversion,XLU,meanrev,0.0704,0.4,-0.1176,953
cci_reversion__period14__threshold150,cci_reversion,XLU,meanrev,0.0312,0.7922,-0.0546,544
cci_reversion__period20__threshold100,cci_reversion,XLU,meanrev,0.0103,0.4499,-0.1317,810
cci_reversion__period20__threshold150,cci_reversion,XLU,meanrev,-0.1551,0.7302,-0.0751,474
cci_reversion__period30__threshold100,cci_reversion,XLU,meanrev,0.0438,0.5995,-0.1933,642
williams_r__period14__lo-80__hi-20,williams_r,XLU,meanrev,0.2824,0.4454,-0.108,1111
williams_r__period14__lo-90__hi-10,williams_r,XLU,meanrev,0.2135,0.2773,-0.0959,975
williams_r__period21__lo-80__hi-20,williams_r,XLU,meanrev,0.2617,0.4656,-0.0981,907
williams_r__period28__lo-80__hi-20,williams_r,XLU,meanrev,0.1265,0.5683,-0.1153,793
keltner_reversion__period20__mult1.5,keltner_reversion,XLU,meanrev,0.1298,0.6687,-0.0746,570
keltner_reversion__period20__mult2.0,keltner_reversion,XLU,meanrev,0.0645,0.6075,-0.0632,366
keltner_reversion__period20__mult2.5,keltner_reversion,XLU,meanrev,-0.1143,0.658,-0.0465,172
keltner_reversion__period30__mult2.0,keltner_reversion,XLU,meanrev,0.1269,0.7013,-0.0921,420
vwap_reversion__period20__z_thresh1.0,vwap_reversion,XLU,meanrev,-0.0769,0.4528,-0.164,847
vwap_reversion__period20__z_thresh1.5,vwap_reversion,XLU,meanrev,0.0081,0.2723,-0.1572,692
vwap_reversion__period20__z_thresh2.0,vwap_reversion,XLU,meanrev,-0.0332,0.3314,-0.1011,508
percent_b__period20__std2.0__lo0.05__hi0.95,percent_b,XLU,meanrev,-0.1085,0.9095,-0.05,545
percent_b__period20__std2.0__lo0.1__hi0.9,percent_b,XLU,meanrev,-0.2025,0.8119,-0.0825,703
percent_b__period20__std2.0__lo0.2__hi0.8,percent_b,XLU,meanrev,0.2125,0.2661,-0.1053,982
percent_b__period30__std2.0__lo0.2__hi0.8,percent_b,XLU,meanrev,0.0979,0.0528,-0.1883,747
connors_rsi__rsi_period3__streak_period2__rank_period100,connors_rsi,XLU,meanrev,0.1006,0.0408,-0.1272,1121
connors_rsi__rsi_period2__streak_period3__rank_period100,connors_rsi,XLU,meanrev,-0.0596,0.3078,-0.1483,1196
ultimate_osc__p17__p214__p328,ultimate_osc,XLU,meanrev,0.0922,0.0593,-0.0711,182
ultimate_osc__p14__p28__p316,ultimate_osc,XLU,meanrev,0.1269,0.3407,-0.1192,496
gap_fade__threshold0.01,gap_fade,XLU,meanrev,0.1172,-0.4833,-0.0743,241
gap_fade__threshold0.015,gap_fade,XLU,meanrev,-0.0948,-0.5054,-0.0352,97
gap_fade__threshold0.02,gap_fade,XLU,meanrev,0.3314,-0.4928,-0.0022,39
obv_trend__period10,obv_trend,XLU,volume,-0.1993,-0.0337,-0.3066,798
obv_trend__period20,obv_trend,XLU,volume,-0.3354,-0.5887,-0.5149,594
obv_trend__period50,obv_trend,XLU,volume,-0.4471,-0.8484,-0.5459,352
chaikin_mf__period10,chaikin_mf,XLU,volume,-0.1236,-0.8054,-0.5261,488
chaikin_mf__period20,chaikin_mf,XLU,volume,-0.0691,-0.5072,-0.4614,352
chaikin_mf__period21,chaikin_mf,XLU,volume,0.0765,-0.4883,-0.4838,313
mfi__period10,mfi,XLU,volume,0.2512,0.2822,-0.0908,282
mfi__period14,mfi,XLU,volume,0.6334,-0.0437,-0.0794,136
mfi__period21,mfi,XLU,volume,0.3573,0.2335,-0.0227,33
volume_surge__period10__mult1.5,volume_surge,XLU,volume,-0.2033,-1.0083,-0.1756,489
volume_surge__period20__mult2.0,volume_surge,XLU,volume,-0.0829,0.1198,-0.0267,118
volume_surge__period20__mult3.0,volume_surge,XLU,volume,-0.3141,0.0,0.0,8
force_index__period2,force_index,XLU,volume,-0.4694,-0.1629,-0.2947,1386
force_index__period13,force_index,XLU,volume,-0.1131,-0.5718,-0.484,582
force_index__period20,force_index,XLU,volume,-0.5389,-0.5735,-0.4745,518
chaikin_osc__fast3__slow10,chaikin_osc,XLU,volume,-0.2099,-0.711,-0.4979,404
chaikin_osc__fast3__slow12,chaikin_osc,XLU,volume,-0.1625,-0.8796,-0.5482,352
chaikin_osc__fast5__slow12,chaikin_osc,XLU,volume,-0.1024,-1.0203,-0.5651,265
atr_breakout__period10__mult1.5,atr_breakout,XLU,volatility,0.0148,-0.7429,-0.2597,484
atr_breakout__period14__mult1.5,atr_breakout,XLU,volatility,-0.2171,-0.741,-0.2795,592
atr_breakout__period14__mult2.0,atr_breakout,XLU,volatility,-0.1827,-0.3172,-0.1454,322
atr_breakout__period20__mult2.0,atr_breakout,XLU,volatility,-0.1843,-0.8096,-0.2595,440
atr_breakout__period20__mult2.5,atr_breakout,XLU,volatility,-0.0638,-0.4044,-0.132,264
vol_breakout__period10__mult0.5,vol_breakout,XLU,volatility,-0.7163,-0.1411,-0.2959,2495
vol_breakout__period20__mult1.0,vol_breakout,XLU,volatility,-0.4382,-0.3032,-0.2348,2110
vol_breakout__period20__mult1.5,vol_breakout,XLU,volatility,-0.5091,-0.2566,-0.1916,1403
vol_breakout__period30__mult1.0,vol_breakout,XLU,volatility,-0.4258,-0.2556,-0.2188,2110
squeeze_breakout__bb_period20__kc_period20__bb_std2.0__kc_mult1.5,squeeze_breakout,XLU,volatility,-0.2409,-0.6767,-0.4589,233
squeeze_breakout__bb_period20__kc_period20__bb_std2.0__kc_mult1.0,squeeze_breakout,XLU,volatility,-0.0702,-0.4891,-0.401,134
squeeze_breakout__bb_period30__kc_period30__bb_std2.0__kc_mult1.5,squeeze_breakout,XLU,volatility,-0.1347,-0.6047,-0.4672,129
engulfing,engulfing,XLU,pattern,-0.671,-1.2017,-0.1895,558
three_bar_reversal,three_bar_reversal,XLU,pattern,-0.0891,-0.1802,-0.1553,897
higher_highs_lows__period5,higher_highs_lows,XLU,pattern,0.1275,0.0523,-0.2662,797
higher_highs_lows__period10,higher_highs_lows,XLU,pattern,0.0289,0.128,-0.2141,431
higher_highs_lows__period20,higher_highs_lows,XLU,pattern,-0.0752,-0.9166,-0.4625,236
pivot_bounce__period5,pivot_bounce,XLU,pattern,-0.129,-0.0158,-0.1431,1139
pivot_bounce__period10,pivot_bounce,XLU,pattern,-0.2779,-0.3552,-0.222,1045
pivot_bounce__period20,pivot_bounce,XLU,pattern,-0.3183,0.2066,-0.0989,872
macd_rsi_combo__fast12__slow26__signal9__rsi_period14__rsi_lo40__rsi_hi60,macd_rsi_combo,XLU,composite,-0.287,-0.4742,-0.2581,603
macd_rsi_combo__fast12__slow26__signal9__rsi_period14__rsi_lo45__rsi_hi55,macd_rsi_combo,XLU,composite,-0.1492,-0.4963,-0.3271,708
macd_rsi_combo__fast8__slow21__signal5__rsi_period14__rsi_lo40__rsi_hi60,macd_rsi_combo,XLU,composite,-0.2383,-0.4132,-0.2267,610
macd_rsi_combo__fast5__slow35__signal5__rsi_period14__rsi_lo40__rsi_hi60,macd_rsi_combo,XLU,composite,-0.3442,-0.2879,-0.2089,636
triple_screen__trend_period20__osc_period14__osc_lo40__osc_hi60,triple_screen,XLU,composite,-0.2614,0.0,0.0,6
triple_screen__trend_period30__osc_period14__osc_lo40__osc_hi60,triple_screen,XLU,composite,-0.2614,0.0,0.0,6
triple_screen__trend_period50__osc_period14__osc_lo35__osc_hi65,triple_screen,XLU,composite,-0.2614,0.0,0.0,6
triple_screen__trend_period20__osc_period7__osc_lo30__osc_hi70,triple_screen,XLU,composite,-0.1416,0.0,0.0,2
chandelier_exit__period14__mult2.0,chandelier_exit,XLU,composite,0.4942,0.1377,-0.2271,472
chandelier_exit__period22__mult3.0,chandelier_exit,XLU,composite,0.4939,0.0503,-0.3397,275
chandelier_exit__period22__mult2.0,chandelier_exit,XLU,composite,0.3948,0.0997,-0.3004,507
chandelier_exit__period10__mult2.0,chandelier_exit,XLU,composite,0.5453,0.4141,-0.1981,439
high52_momentum__period252__threshold0.7,high52_momentum,XLU,trend,0.1037,-0.1964,-0.4184,171
high52_momentum__period252__threshold0.75,high52_momentum,XLU,trend,0.193,-0.0463,-0.3182,204
high52_momentum__period252__threshold0.8,high52_momentum,XLU,trend,0.1165,-0.2914,-0.3381,256
high52_momentum__period126__threshold0.7,high52_momentum,XLU,trend,-0.1171,-0.3199,-0.3788,338
high52_momentum__period126__threshold0.75,high52_momentum,XLU,trend,0.0692,-0.332,-0.3552,334
short_reversal__period5,short_reversal,XLU,meanrev,0.3394,-0.2284,-0.2763,804
short_reversal__period10,short_reversal,XLU,meanrev,0.1733,0.3145,-0.21,585
short_reversal__period15,short_reversal,XLU,meanrev,-0.1892,0.2855,-0.2579,460
short_reversal__period20,short_reversal,XLU,meanrev,-0.3073,0.2766,-0.1992,352
low_vol_regime__period20__ma_period60,low_vol_regime,XLU,volatility,-0.136,-0.2702,-0.0837,104
low_vol_regime__period20__ma_period120,low_vol_regime,XLU,volatility,-0.0778,-0.628,-0.1752,126
low_vol_regime__period60__ma_period120,low_vol_regime,XLU,volatility,-0.2106,-0.1438,-0.0821,44
low_vol_regime__period20__ma_period252,low_vol_regime,XLU,volatility,-0.3488,0.5649,-0.1375,130
low_vol_regime__period60__ma_period252,low_vol_regime,XLU,volatility,-0.1564,0.4743,-0.1588,48
low_vol_regime__period120__ma_period252,low_vol_regime,XLU,volatility,-0.2593,0.2801,-0.1384,18
nr_breakout__nr_period4__exit_bars3,nr_breakout,XLU,pattern,0.2511,0.3091,-0.1959,996
nr_breakout__nr_period4__exit_bars5,nr_breakout,XLU,pattern,0.2218,0.3796,-0.1558,769
nr_breakout__nr_period7__exit_bars3,nr_breakout,XLU,pattern,-0.4377,0.5476,-0.0785,699
nr_breakout__nr_period7__exit_bars5,nr_breakout,XLU,pattern,-0.2609,0.4851,-0.1158,621
nr_breakout__nr_period10__exit_bars5,nr_breakout,XLU,pattern,-0.1312,0.9125,-0.1116,490
nr_breakout__nr_period10__exit_bars10,nr_breakout,XLU,pattern,-0.4007,0.4391,-0.2046,386
overnight_gap__period1__threshold0.001,overnight_gap,XLU,volume,-0.3841,0.2685,-0.3073,2415
overnight_gap__period1__threshold0.003,overnight_gap,XLU,volume,-0.248,0.1164,-0.1872,1842
overnight_gap__period3__threshold0.001,overnight_gap,XLU,volume,-0.0486,0.2798,-0.1834,1493
overnight_gap__period3__threshold0.003,overnight_gap,XLU,volume,-0.0964,-0.056,-0.1642,617
overnight_gap__period5__threshold0.001,overnight_gap,XLU,volume,-0.0155,0.3692,-0.1178,1142
overnight_gap__period5__threshold0.003,overnight_gap,XLU,volume,0.1878,0.1361,-0.133,318
coppock_curve__roc1252__roc2189__wma_period63,coppock_curve,XLU,trend,0.5184,0.0296,-0.2577,10
coppock_curve__roc1189__roc2126__wma_period42,coppock_curve,XLU,trend,0.4403,-0.0164,-0.3674,16
coppock_curve__roc1126__roc2100__wma_period21,coppock_curve,XLU,trend,0.3202,-0.0103,-0.4352,24
bll_filter__pct0.005__hold0,bll_filter,XLU,trend,-0.7142,-0.2697,-0.3523,1171
bll_filter__pct0.01__hold0,bll_filter,XLU,trend,-0.1549,-0.45,-0.4016,720
bll_filter__pct0.02__hold0,bll_filter,XLU,trend,0.2426,-0.3259,-0.4276,338
bll_filter__pct0.005__hold10,bll_filter,XLU,trend,-0.6922,-0.3599,-0.3606,1235
bll_filter__pct0.01__hold10,bll_filter,XLU,trend,-0.197,-0.5536,-0.3982,862
bll_filter__pct0.01__hold20,bll_filter,XLU,trend,-0.1831,-0.441,-0.4016,748
bll_filter__pct0.02__hold10,bll_filter,XLU,trend,-0.0886,-0.4996,-0.4365,551
frog_in_pan__lookback252__skip21__id_cutoff0.5,frog_in_pan,XLU,trend,0.6783,-0.1396,-0.3077,98
frog_in_pan__lookback252__skip21__id_cutoff0.45,frog_in_pan,XLU,trend,0.0616,-0.5659,-0.2145,139
frog_in_pan__lookback252__skip0__id_cutoff0.5,frog_in_pan,XLU,trend,0.4739,0.0754,-0.2661,98
frog_in_pan__lookback126__skip21__id_cutoff0.5,frog_in_pan,XLU,trend,0.3769,0.3586,-0.1931,194
frog_in_pan__lookback126__skip21__id_cutoff0.45,frog_in_pan,XLU,trend,-0.1298,0.0053,-0.1314,173
vol_mom__mom_period126__vol_period126__skip21__vol_weight0.5,vol_mom,XLU,composite,0.1243,0.1182,-0.2358,148
vol_mom__mom_period126__vol_period126__skip0__vol_weight0.5,vol_mom,XLU,composite,-0.1988,0.0537,-0.2798,150
vol_mom__mom_period252__vol_period126__skip21__vol_weight0.5,vol_mom,XLU,composite,0.5033,-0.1069,-0.2741,138
vol_mom__mom_period63__vol_period63__skip0__vol_weight0.3,vol_mom,XLU,composite,-0.4761,-0.1644,-0.3585,232
vol_mom__mom_period126__vol_period126__skip21__vol_weight0.3,vol_mom,XLU,composite,0.1645,0.0645,-0.2645,107
seasonality__n_years2,seasonality,XLU,pattern,0.5819,-0.0051,-0.2251,86
seasonality__n_years3,seasonality,XLU,pattern,0.6842,0.0527,-0.2538,80
seasonality__n_years5,seasonality,XLU,pattern,0.869,0.477,-0.1503,76
residual_mom__lookback252__skip21,residual_mom,XLU,trend,0.7152,-0.1624,-0.3256,74
residual_mom__lookback252__skip0,residual_mom,XLU,trend,0.2734,-0.0221,-0.4068,74
residual_mom__lookback126__skip21,residual_mom,XLU,trend,0.4593,-0.1054,-0.3421,131
vol_scaled_mom__rv_window21__vol_target0.12__damp0.5,vol_scaled_mom,XLU,trend,0.6693,-0.2653,-0.3305,2417
vol_scaled_mom__rv_window21__vol_target0.08__damp0.5,vol_scaled_mom,XLU,trend,0.7452,-0.1471,-0.2307,3328
vol_scaled_mom__rv_window63__vol_target0.12__damp0.5,vol_scaled_mom,XLU,trend,0.6107,-0.1902,-0.301,2596
vol_scaled_mom__rv_window21__vol_target0.12__damp0.0,vol_scaled_mom,XLU,trend,0.6693,-0.2653,-0.3305,2417
vol_scaled_mom__rv_window21__vol_target0.15__damp0.5,vol_scaled_mom,XLU,trend,0.6515,-0.2799,-0.3586,1525
dema_crossover__fast5__slow20,dema_crossover,XLU,trend,-0.0878,-0.009,-0.3005,438
dema_crossover__fast10__slow40,dema_crossover,XLU,trend,0.1031,-0.2047,-0.3766,223
dema_crossover__fast12__slow26,dema_crossover,XLU,trend,0.4119,-0.1413,-0.3625,219
dema_crossover__fast20__slow50,dema_crossover,XLU,trend,-0.1009,-0.1463,-0.3897,145
dema_crossover__fast10__slow30,dema_crossover,XLU,trend,0.4047,-0.1163,-0.335,231
tema_crossover__fast5__slow20,tema_crossover,XLU,trend,-0.1684,0.6445,-0.1938,578
tema_crossover__fast10__slow40,tema_crossover,XLU,trend,0.0731,0.0576,-0.298,292
tema_crossover__fast12__slow26,tema_crossover,XLU,trend,0.3428,0.1879,-0.3137,296
tema_crossover__fast20__slow50,tema_crossover,XLU,trend,0.2346,-0.1309,-0.3677,171
tema_crossover__fast10__slow30,tema_crossover,XLU,trend,0.3062,0.3026,-0.2987,308
price_acceleration__period10__smooth3,price_acceleration,XLU,trend,-0.121,-0.3603,-0.436,1070
price_acceleration__period20__smooth5,price_acceleration,XLU,trend,0.0339,0.0857,-0.2654,784
price_acceleration__period20__smooth3,price_acceleration,XLU,trend,-0.05,-0.6851,-0.5195,1044
price_acceleration__period30__smooth5,price_acceleration,XLU,trend,-0.0374,-0.288,-0.3819,747
price_acceleration__period40__smooth10,price_acceleration,XLU,trend,-0.1624,-0.5755,-0.4117,564
price_acceleration__period10__smooth5,price_acceleration,XLU,trend,-0.3396,-0.2067,-0.3469,851
turn_of_month__days_before3__days_after3,turn_of_month,XLU,pattern,0.1504,0.5136,-0.1294,360
turn_of_month__days_before4__days_after4,turn_of_month,XLU,pattern,0.4487,0.2326,-0.2154,360
turn_of_month__days_before5__days_after5,turn_of_month,XLU,pattern,0.5182,0.3001,-0.231,360
turn_of_month__days_before3__days_after5,turn_of_month,XLU,pattern,0.4369,0.1584,-0.283,360
trend_intensity__period20,trend_intensity,XLU,trend,0.0609,-0.1931,-0.0842,333
trend_intensity__period30,trend_intensity,XLU,trend,0.2831,-0.3237,-0.1291,278
trend_intensity__period50,trend_intensity,XLU,trend,-0.103,0.2949,-0.0566,160
trend_intensity__period63,trend_intensity,XLU,trend,0.0991,0.0625,-0.0823,168
ma_regime_momentum__regime_ma200__mom_period126__skip21,ma_regime_momentum,XLU,trend,-0.0175,-0.0592,-0.3463,244
ma_regime_momentum__regime_ma200__mom_period252__skip21,ma_regime_momentum,XLU,trend,0.1986,-0.2671,-0.3795,235
ma_regime_momentum__regime_ma200__mom_period63__skip0,ma_regime_momentum,XLU,trend,-0.4677,-0.1933,-0.3645,369
ma_regime_momentum__regime_ma100__mom_period126__skip21,ma_regime_momentum,XLU,trend,-0.0066,-0.1188,-0.3272,297
ma_regime_momentum__regime_ma50__mom_period63__skip0,ma_regime_momentum,XLU,trend,-0.3933,-0.4251,-0.3868,490
fisher_transform__period5,fisher_transform,XLU,trend,-0.4081,-0.2416,-0.359,943
fisher_transform__period10,fisher_transform,XLU,trend,-0.0399,-0.0085,-0.3402,619
fisher_transform__period20,fisher_transform,XLU,trend,-0.035,-0.4188,-0.4387,444
fisher_transform__period30,fisher_transform,XLU,trend,0.1053,-0.1561,-0.346,314
relative_vigor__period10,relative_vigor,XLU,trend,-0.1052,-0.8328,-0.5717,1079
relative_vigor__period14,relative_vigor,XLU,trend,-0.1052,-0.8328,-0.5717,1079
relative_vigor__period20,relative_vigor,XLU,trend,-0.1052,-0.8328,-0.5717,1079
chande_momentum__period14__threshold0.0,chande_momentum,XLU,trend,0.2168,-0.2664,-0.3381,463
chande_momentum__period20__threshold0.0,chande_momentum,XLU,trend,0.2536,-0.3403,-0.3742,353
chande_momentum__period20__threshold10.0,chande_momentum,XLU,trend,0.0771,-0.4169,-0.3491,693
chande_momentum__period30__threshold0.0,chande_momentum,XLU,trend,-0.2018,-0.4196,-0.4505,283
chande_momentum__period9__threshold0.0,chande_momentum,XLU,trend,-0.2001,-0.709,-0.4981,612
demarker__period14__hi_thresh0.7__lo_thresh0.3,demarker,XLU,meanrev,0.3179,0.0384,-0.1923,489
demarker__period14__hi_thresh0.8__lo_thresh0.2,demarker,XLU,meanrev,0.3063,0.2515,-0.1124,235
demarker__period21__hi_thresh0.7__lo_thresh0.3,demarker,XLU,meanrev,-0.0835,0.4348,-0.0672,291
demarker__period9__hi_thresh0.7__lo_thresh0.3,demarker,XLU,meanrev,0.1077,-0.0311,-0.1852,697
stoch_rsi__rsi_period14__stoch_period14__lo20.0__hi80.0,stoch_rsi,XLU,meanrev,0.0504,0.0985,-0.2399,733
stoch_rsi__rsi_period14__stoch_period14__lo10.0__hi90.0,stoch_rsi,XLU,meanrev,0.0407,0.2649,-0.1706,642
stoch_rsi__rsi_period7__stoch_period14__lo20.0__hi80.0,stoch_rsi,XLU,meanrev,0.1494,-0.014,-0.2656,785
stoch_rsi__rsi_period21__stoch_period21__lo20.0__hi80.0,stoch_rsi,XLU,meanrev,-0.2794,0.1612,-0.1853,596
hurst_regime__period100__trend_thresh0.55__mr_thresh0.45,hurst_regime,XLU,trend,-0.6223,-0.0949,-0.2199,382
hurst_regime__period60__trend_thresh0.55__mr_thresh0.45,hurst_regime,XLU,trend,-0.6515,-0.8828,-0.3556,514
hurst_regime__period100__trend_thresh0.58__mr_thresh0.42,hurst_regime,XLU,trend,-0.4411,-0.4351,-0.0987,141
psych_line__period12__hi_thresh75.0__lo_thresh25.0,psych_line,XLU,meanrev,0.1724,-0.9114,-0.1326,100
psych_line__period12__hi_thresh65.0__lo_thresh35.0,psych_line,XLU,meanrev,-0.2804,-0.1248,-0.2893,562
psych_line__period20__hi_thresh70.0__lo_thresh30.0,psych_line,XLU,meanrev,-0.0991,0.1188,-0.0725,94
er_regime__er_period10__mom_period20__er_thresh0.4,er_regime,XLU,trend,-0.6444,-0.278,-0.2531,1550
er_regime__er_period10__mom_period20__er_thresh0.3,er_regime,XLU,trend,-0.5236,-0.1855,-0.2766,1562
er_regime__er_period14__mom_period20__er_thresh0.4,er_regime,XLU,trend,-0.9337,-0.4057,-0.2885,1377
er_regime__er_period20__mom_period40__er_thresh0.4,er_regime,XLU,trend,0.1561,0.3842,-0.1521,1052
er_regime__er_period10__mom_period10__er_thresh0.4,er_regime,XLU,trend,-0.3414,-0.1422,-0.3227,1768
mcginley_dynamic__fast5__slow20,mcginley_dynamic,XLU,trend,0.1966,-0.2469,-0.3688,205
mcginley_dynamic__fast10__slow40,mcginley_dynamic,XLU,trend,-0.1908,-0.3355,-0.4743,105
mcginley_dynamic__fast12__slow26,mcginley_dynamic,XLU,trend,-0.0603,-0.5738,-0.4544,115
mcginley_dynamic__fast5__slow14,mcginley_dynamic,XLU,trend,0.2078,-0.0778,-0.3481,253
cci_trend__period14__threshold50.0,cci_trend,XLU,trend,-0.1345,-0.4699,-0.424,936
cci_trend__period20__threshold50.0,cci_trend,XLU,trend,-0.1328,-0.2041,-0.338,821
cci_trend__period20__threshold100.0,cci_trend,XLU,trend,-0.1058,-0.5656,-0.3577,810
cci_trend__period30__threshold50.0,cci_trend,XLU,trend,-0.0847,-0.6737,-0.4909,646
cci_trend__period14__threshold100.0,cci_trend,XLU,trend,-0.181,-0.5393,-0.3019,953
volume_roc__period10__signal_period5,volume_roc,XLU,volume,-0.3244,-0.3782,-0.2737,934
volume_roc__period14__signal_period10,volume_roc,XLU,volume,0.1342,-0.0826,-0.2283,707
volume_roc__period20__signal_period10,volume_roc,XLU,volume,0.0758,0.2567,-0.1662,581
volume_roc__period5__signal_period3,volume_roc,XLU,volume,-0.6084,-0.683,-0.3354,1273
hv_ratio__fast_period10__slow_period100__thresh_hi1.5__thresh_lo0.7,hv_ratio,XLU,volatility,0.519,0.4833,-0.0768,424
hv_ratio__fast_period10__slow_period60__thresh_hi1.5__thresh_lo0.7,hv_ratio,XLU,volatility,0.2927,0.2378,-0.0894,395
hv_ratio__fast_period21__slow_period100__thresh_hi1.5__thresh_lo0.7,hv_ratio,XLU,volatility,0.2992,0.0658,-0.0734,158
hv_ratio__fast_period10__slow_period100__thresh_hi2.0__thresh_lo0.5,hv_ratio,XLU,volatility,-0.0795,-0.029,-0.035,82
zscore_trend__z_period20__trend_period50__z_thresh1.5,zscore_trend,XLU,meanrev,-0.3874,0.6538,-0.0172,84
zscore_trend__z_period20__trend_period50__z_thresh1.0,zscore_trend,XLU,meanrev,-0.2655,-0.1492,-0.0649,232
zscore_trend__z_period20__trend_period100__z_thresh1.5,zscore_trend,XLU,meanrev,-0.4269,0.7795,-0.0237,190
zscore_trend__z_period30__trend_period100__z_thresh2.0,zscore_trend,XLU,meanrev,-0.0629,0.3676,-0.0168,46
cmo_fisher__fisher_period10__cmo_period14__score_thresh0.3,cmo_fisher,XLU,trend,-0.5943,-0.4808,-0.2331,787
cmo_fisher__fisher_period10__cmo_period14__score_thresh0.2,cmo_fisher,XLU,trend,-0.5384,-0.3961,-0.2361,916
cmo_fisher__fisher_period14__cmo_period20__score_thresh0.3,cmo_fisher,XLU,trend,-0.2883,-0.9065,-0.276,662
cmo_fisher__fisher_period8__cmo_period14__score_thresh0.2,cmo_fisher,XLU,trend,-0.4301,-0.5699,-0.2611,1011
rvi_divergence__rvi_period10__lookback5,rvi_divergence,XLU,meanrev,-0.0377,-0.4468,-0.0812,34
rvi_divergence__rvi_period10__lookback8,rvi_divergence,XLU,meanrev,-0.2586,0.0,0.0,6
rvi_divergence__rvi_period14__lookback5,rvi_divergence,XLU,meanrev,-0.0377,-0.4468,-0.0812,34
adaptive_rsi__base_period14__fast_n2__slow_n30,adaptive_rsi,XLU,meanrev,-0.0439,0.176,-0.3477,240
adaptive_rsi__base_period14__fast_n2__slow_n60,adaptive_rsi,XLU,meanrev,-0.1468,0.2084,-0.3042,240
adaptive_rsi__base_period9__fast_n2__slow_n30,adaptive_rsi,XLU,meanrev,-0.0439,-0.2341,-0.356,374
adaptive_rsi__base_period21__fast_n2__slow_n30,adaptive_rsi,XLU,meanrev,-0.0556,0.6463,-0.1711,183
elder_impulse__ema_period8,elder_impulse,XLU,composite,-0.2965,-0.3589,-0.3471,1506
elder_impulse__ema_period13,elder_impulse,XLU,composite,-0.2969,-0.6475,-0.4266,1469
elder_impulse__ema_period20,elder_impulse,XLU,composite,-0.2015,-0.5365,-0.3815,1397
klinger_osc__fast34__slow55__signal13,klinger_osc,XLU,volume,0.3833,0.6021,-0.1768,739
klinger_osc__fast21__slow34__signal9,klinger_osc,XLU,volume,-0.0331,0.1942,-0.2999,927
klinger_osc__fast55__slow89__signal13,klinger_osc,XLU,volume,0.2519,0.4579,-0.1664,671
price_oscillator__fast10__slow30__signal9,price_oscillator,XLU,trend,-0.0045,-0.075,-0.32,325
price_oscillator__fast12__slow26__signal9,price_oscillator,XLU,trend,0.0646,-0.2396,-0.3649,311
price_oscillator__fast5__slow20__signal5,price_oscillator,XLU,trend,-0.254,0.5627,-0.1777,588
price_oscillator__fast20__slow50__signal9,price_oscillator,XLU,trend,0.1554,-0.2092,-0.3669,219
baz_trend__ewmstd_span42,baz_trend,XLU,trend,-0.2232,-0.0911,-0.3446,78
baz_trend__ewmstd_span63,baz_trend,XLU,trend,-0.2232,-0.0911,-0.3446,78
baz_trend__ewmstd_span126,baz_trend,XLU,trend,-0.2232,-0.0911,-0.3446,78
intermediate_mom__start252__end126,intermediate_mom,XLU,trend,0.679,0.0756,-0.1988,107
intermediate_mom__start189__end105,intermediate_mom,XLU,trend,0.4316,-0.2685,-0.3816,183
intermediate_mom__start168__end84,intermediate_mom,XLU,trend,0.1486,0.2006,-0.3334,183
intermediate_mom__start252__end63,intermediate_mom,XLU,trend,0.6659,0.0677,-0.2821,120
mom_crash_protect__bear_lookback504__bear_thresh-0.2__damp0.0,mom_crash_protect,XLU,trend,0.6503,-0.2684,-0.3711,92
mom_crash_protect__bear_lookback504__bear_thresh-0.2__damp0.25,mom_crash_protect,XLU,trend,0.6503,-0.2684,-0.3711,92
mom_crash_protect__bear_lookback252__bear_thresh-0.2__damp0.0,mom_crash_protect,XLU,trend,0.6503,-0.2684,-0.3711,92
mom_crash_protect__bear_lookback504__bear_thresh-0.25__damp0.0,mom_crash_protect,XLU,trend,0.6503,-0.2684,-0.3711,92
consistent_mom__consistency_thresh0.5,consistent_mom,XLU,trend,0.5889,-0.2627,-0.3648,243
consistent_mom__consistency_thresh0.58,consistent_mom,XLU,trend,0.6174,0.2391,-0.2363,465
consistent_mom__consistency_thresh0.67,consistent_mom,XLU,trend,-0.3879,-0.3671,-0.1322,538
signed_range_mom__period10__threshold0.1,signed_range_mom,XLU,trend,-0.1233,-0.7808,-0.4675,999
signed_range_mom__period21__threshold0.1,signed_range_mom,XLU,trend,0.0256,0.2179,-0.1787,630
signed_range_mom__period21__threshold0.15,signed_range_mom,XLU,trend,0.1199,-0.0655,-0.2621,549
signed_range_mom__period42__threshold0.1,signed_range_mom,XLU,trend,-0.4351,-0.7427,-0.4127,422
signed_range_mom__period63__threshold0.1,signed_range_mom,XLU,trend,-0.2496,-0.1327,-0.249,328
multi_tsmom,multi_tsmom,XLU,trend,-0.2567,-0.2406,-0.3808,353
"multi_tsmom__lookbacks(63, 126, 252)",multi_tsmom,XLU,trend,-0.3067,0.1763,-0.262,148
"multi_tsmom__lookbacks(21, 63, 252)",multi_tsmom,XLU,trend,-0.2995,-0.4698,-0.4753,270
"multi_tsmom__lookbacks(21, 63, 126, 252)__weights(0.4, 0.3, 0.2, 0.1)",multi_tsmom,XLU,trend,-0.144,-0.6155,-0.5234,245
"multi_tsmom__lookbacks(21, 63, 126, 252)__weights(0.1, 0.2, 0.3, 0.4)",multi_tsmom,XLU,trend,-0.1817,0.0327,-0.3164,200
ma_crossover__fast5__slow20__kindsma,ma_crossover,XLY,trend,0.4907,-0.7419,-0.5925,226
ma_crossover__fast10__slow30__kindsma,ma_crossover,XLY,trend,0.2884,0.3133,-0.2365,125
ma_crossover__fast20__slow50__kindsma,ma_crossover,XLY,trend,0.0657,0.0805,-0.2797,72
ma_crossover__fast50__slow100__kindsma,ma_crossover,XLY,trend,-0.0205,0.3804,-0.2901,32
ma_crossover__fast50__slow200__kindsma,ma_crossover,XLY,trend,0.3937,1.0084,-0.1383,12
ma_crossover__fast100__slow200__kindsma,ma_crossover,XLY,trend,0.487,0.8893,-0.215,10
ma_crossover__fast10__slow50__kindsma,ma_crossover,XLY,trend,0.0295,-0.187,-0.463,96
ma_crossover__fast20__slow100__kindsma,ma_crossover,XLY,trend,-0.0388,0.5304,-0.1931,42
ma_crossover__fast5__slow20__kindema,ma_crossover,XLY,trend,0.2928,-0.5464,-0.5203,241
ma_crossover__fast12__slow26__kindema,ma_crossover,XLY,trend,0.272,0.0406,-0.2878,121
ma_crossover__fast10__slow50__kindema,ma_crossover,XLY,trend,0.3775,-0.211,-0.4159,95
ma_crossover__fast20__slow100__kindema,ma_crossover,XLY,trend,0.1724,0.7365,-0.1848,39
ts_momentum__period21,ts_momentum,XLY,trend,0.2902,-0.3688,-0.4411,348
ts_momentum__period42,ts_momentum,XLY,trend,0.2786,-0.1757,-0.3762,234
ts_momentum__period63,ts_momentum,XLY,trend,0.1874,0.2206,-0.224,166
ts_momentum__period126,ts_momentum,XLY,trend,0.266,0.6201,-0.2505,115
ts_momentum__period252,ts_momentum,XLY,trend,0.6545,0.7745,-0.2505,34
roc_momentum__period5,roc_momentum,XLY,trend,0.118,-0.0968,-0.2957,759
roc_momentum__period10,roc_momentum,XLY,trend,0.4142,-0.4291,-0.4716,522
roc_momentum__period20,roc_momentum,XLY,trend,0.3726,-0.1936,-0.3758,362
roc_momentum__period30,roc_momentum,XLY,trend,0.1287,-0.0709,-0.3591,280
roc_momentum__period60,roc_momentum,XLY,trend,0.1165,-0.0926,-0.3791,190
macd_signal__fast12__slow26__signal9,macd_signal,XLY,trend,0.0982,-0.5307,-0.4967,306
macd_signal__fast8__slow17__signal9,macd_signal,XLY,trend,0.4726,0.0744,-0.3933,370
macd_signal__fast5__slow35__signal5,macd_signal,XLY,trend,0.4076,-0.1365,-0.4543,508
macd_signal__fast3__slow10__signal16,macd_signal,XLY,trend,0.4335,0.0451,-0.3833,554
donchian_breakout__period10,donchian_breakout,XLY,trend,-0.1695,-0.7711,-0.286,1022
donchian_breakout__period20,donchian_breakout,XLY,trend,-0.1327,-0.3901,-0.1496,769
donchian_breakout__period30,donchian_breakout,XLY,trend,-0.1146,-0.1085,-0.1083,638
donchian_breakout__period40,donchian_breakout,XLY,trend,0.0867,-0.1485,-0.1198,554
donchian_breakout__period55,donchian_breakout,XLY,trend,0.1245,-0.2244,-0.1347,492
bb_breakout__period20__std1.5,bb_breakout,XLY,trend,0.2238,-0.3455,-0.2558,795
bb_breakout__period20__std2.0,bb_breakout,XLY,trend,-0.5921,-0.0945,-0.135,423
bb_breakout__period20__std2.5,bb_breakout,XLY,trend,-0.4781,0.0515,-0.0667,113
bb_breakout__period30__std2.0,bb_breakout,XLY,trend,-0.2093,0.1923,-0.1336,399
bb_breakout__period50__std2.0,bb_breakout,XLY,trend,-0.0968,-0.0091,-0.1346,334
supertrend__period7__mult2.0,supertrend,XLY,trend,0.2116,-0.6248,-0.5719,217
supertrend__period7__mult3.0,supertrend,XLY,trend,0.1838,-0.6888,-0.605,127
supertrend__period10__mult3.0,supertrend,XLY,trend,0.3596,-0.5601,-0.5754,123
supertrend__period14__mult2.0,supertrend,XLY,trend,0.2039,-0.3015,-0.4784,219
supertrend__period14__mult3.0,supertrend,XLY,trend,0.3455,-0.5043,-0.5745,125
parabolic_sar__step0.01__max_af0.1,parabolic_sar,XLY,trend,0.5852,-0.1235,-0.4965,211
parabolic_sar__step0.02__max_af0.2,parabolic_sar,XLY,trend,0.2762,-0.5059,-0.5381,359
parabolic_sar__step0.03__max_af0.2,parabolic_sar,XLY,trend,0.5613,-0.9056,-0.6012,437
parabolic_sar__step0.05__max_af0.2,parabolic_sar,XLY,trend,0.2172,-0.393,-0.4716,553
adx_trend__period14__threshold20,adx_trend,XLY,trend,-0.0817,-1.0485,-0.5729,267
adx_trend__period14__threshold25,adx_trend,XLY,trend,-0.137,-1.2056,-0.5505,166
adx_trend__period14__threshold30,adx_trend,XLY,trend,-0.3084,-1.1737,-0.448,110
adx_trend__period21__threshold20,adx_trend,XLY,trend,-0.7779,-0.9506,-0.4776,139
adx_trend__period21__threshold25,adx_trend,XLY,trend,-0.6163,-0.7844,-0.3196,74
ichimoku__tenkan9__kijun26__senkou_b52,ichimoku,XLY,trend,0.2256,-0.3491,-0.4019,479
ichimoku__tenkan7__kijun22__senkou_b44,ichimoku,XLY,trend,0.489,-0.5153,-0.5036,518
linreg_slope__period10,linreg_slope,XLY,trend,0.1619,-0.6564,-0.5737,369
linreg_slope__period20,linreg_slope,XLY,trend,0.3161,-0.3637,-0.4562,175
linreg_slope__period30,linreg_slope,XLY,trend,0.0473,0.124,-0.3378,117
linreg_slope__period50,linreg_slope,XLY,trend,0.1014,-0.1689,-0.3619,70
aroon__period14,aroon,XLY,trend,0.4927,-0.9789,-0.6782,238
aroon__period25,aroon,XLY,trend,0.054,0.1415,-0.2925,139
aroon__period50,aroon,XLY,trend,0.3438,-0.3025,-0.4291,68
vortex__period10,vortex,XLY,trend,0.5641,-0.8385,-0.6316,439
vortex__period14,vortex,XLY,trend,0.2266,-0.7188,-0.6425,404
vortex__period21,vortex,XLY,trend,0.2682,0.0224,-0.2894,273
trix__period9,trix,XLY,trend,0.4504,-0.3254,-0.4594,156
trix__period12,trix,XLY,trend,0.2008,0.2999,-0.2548,102
trix__period18,trix,XLY,trend,0.0207,-0.0152,-0.332,70
hull_ma__period14,hull_ma,XLY,trend,0.1095,-0.2671,-0.3426,548
hull_ma__period20,hull_ma,XLY,trend,0.3069,-0.584,-0.558,390
hull_ma__period30,hull_ma,XLY,trend,0.3614,-0.1364,-0.4133,277
hull_ma__period50,hull_ma,XLY,trend,0.2274,-0.2575,-0.4964,197
kama__period5,kama,XLY,trend,0.1176,-0.5859,-0.4862,2005
kama__period10,kama,XLY,trend,0.0685,0.0,0.0,152
kama__period20,kama,XLY,trend,-0.6977,0.0,0.0,41
turtle__entry20__exit_p10,turtle,XLY,trend,-0.1327,-0.3901,-0.1496,769
turtle__entry55__exit_p20,turtle,XLY,trend,0.1245,-0.2244,-0.1347,492
turtle__entry10__exit_p5,turtle,XLY,trend,-0.1695,-0.7711,-0.286,1022
dual_momentum__period63,dual_momentum,XLY,trend,0.7605,0.6754,-0.1347,167
dual_momentum__period126,dual_momentum,XLY,trend,0.7822,0.809,-0.1969,115
dual_momentum__period252,dual_momentum,XLY,trend,0.8499,0.8471,-0.2313,35
elder_ray__period13,elder_ray,XLY,trend,0.4041,-0.6922,-0.5398,606
elder_ray__period21,elder_ray,XLY,trend,0.3146,-0.7006,-0.5636,494
elder_ray__period34,elder_ray,XLY,trend,0.4377,-0.7955,-0.5942,371
rsi_reversion__period7__lo30__hi70,rsi_reversion,XLY,meanrev,0.2091,0.1246,-0.1593,656
rsi_reversion__period7__lo25__hi75,rsi_reversion,XLY,meanrev,0.2654,-0.1703,-0.1711,410
rsi_reversion__period14__lo30__hi70,rsi_reversion,XLY,meanrev,0.3349,-0.0254,-0.0948,254
rsi_reversion__period14__lo25__hi75,rsi_reversion,XLY,meanrev,0.079,0.3136,-0.0761,94
rsi_reversion__period14__lo35__hi65,rsi_reversion,XLY,meanrev,0.0433,-0.2924,-0.1625,402
rsi_reversion__period21__lo30__hi70,rsi_reversion,XLY,meanrev,0.1259,0.4438,-0.0838,90
rsi_reversion__period21__lo25__hi75,rsi_reversion,XLY,meanrev,-0.0771,0.4942,-0.02,38
rsi_reversion__period28__lo30__hi70,rsi_reversion,XLY,meanrev,0.1313,0.0057,-0.0489,30
rsi_reversion__period30__lo30__hi70,rsi_reversion,XLY,meanrev,-0.0712,0.3568,-0.0314,28
rsi_reversion__period30__lo25__hi75,rsi_reversion,XLY,meanrev,-0.1687,0.0,0.0,8
bb_reversion__period20__std1.5,bb_reversion,XLY,meanrev,-0.3259,0.2421,-0.1748,795
bb_reversion__period20__std2.0,bb_reversion,XLY,meanrev,0.4934,0.0238,-0.1179,423
bb_reversion__period20__std2.5,bb_reversion,XLY,meanrev,0.4203,-0.0885,-0.0819,113
bb_reversion__period30__std2.0,bb_reversion,XLY,meanrev,0.1339,-0.2586,-0.1623,399
bb_reversion__period30__std2.5,bb_reversion,XLY,meanrev,0.5968,0.3031,-0.0746,146
bb_reversion__period50__std2.0,bb_reversion,XLY,meanrev,0.0352,-0.0525,-0.1547,334
zscore_reversion__period10__threshold1.0,zscore_reversion,XLY,meanrev,-0.613,0.0067,-0.2884,1240
zscore_reversion__period20__threshold1.5,zscore_reversion,XLY,meanrev,-0.3259,0.2421,-0.1748,795
zscore_reversion__period20__threshold2.0,zscore_reversion,XLY,meanrev,0.4934,0.0238,-0.1179,423
zscore_reversion__period30__threshold1.5,zscore_reversion,XLY,meanrev,-0.2756,-0.2642,-0.2202,603
zscore_reversion__period30__threshold2.0,zscore_reversion,XLY,meanrev,0.1339,-0.2586,-0.1623,399
zscore_reversion__period60__threshold2.0,zscore_reversion,XLY,meanrev,-0.0386,0.0069,-0.1522,274
stochastic__k5__d3__lo20__hi80,stochastic,XLY,meanrev,-0.1581,0.0679,-0.2393,794
stochastic__k14__d3__lo20__hi80,stochastic,XLY,meanrev,-0.5437,0.2764,-0.1368,580
stochastic__k14__d3__lo30__hi70,stochastic,XLY,meanrev,-0.4439,0.732,-0.1912,612
stochastic__k14__d5__lo20__hi80,stochastic,XLY,meanrev,-0.4372,0.0045,-0.1601,412
stochastic__k21__d3__lo20__hi80,stochastic,XLY,meanrev,-0.675,-0.0331,-0.1738,490
cci_reversion__period14__threshold100,cci_reversion,XLY,meanrev,-0.4151,0.3484,-0.195,950
cci_reversion__period14__threshold150,cci_reversion,XLY,meanrev,0.1522,0.5607,-0.0803,529
cci_reversion__period20__threshold100,cci_reversion,XLY,meanrev,-0.5804,0.4957,-0.2008,765
cci_reversion__period20__threshold150,cci_reversion,XLY,meanrev,-0.062,0.2605,-0.1241,485
cci_reversion__period30__threshold100,cci_reversion,XLY,meanrev,-0.4431,-0.0551,-0.2566,603
williams_r__period14__lo-80__hi-20,williams_r,XLY,meanrev,-0.3094,0.0845,-0.1563,1063
williams_r__period14__lo-90__hi-10,williams_r,XLY,meanrev,-0.3468,-0.1676,-0.1746,1016
williams_r__period21__lo-80__hi-20,williams_r,XLY,meanrev,-0.2786,0.2677,-0.1351,859
williams_r__period28__lo-80__hi-20,williams_r,XLY,meanrev,-0.2822,-0.1747,-0.215,728
keltner_reversion__period20__mult1.5,keltner_reversion,XLY,meanrev,-0.0546,0.2992,-0.1454,634
keltner_reversion__period20__mult2.0,keltner_reversion,XLY,meanrev,-0.1057,-0.3113,-0.2093,416
keltner_reversion__period20__mult2.5,keltner_reversion,XLY,meanrev,0.2368,0.0228,-0.1316,300
keltner_reversion__period30__mult2.0,keltner_reversion,XLY,meanrev,-0.0253,0.0032,-0.2248,488
vwap_reversion__period20__z_thresh1.0,vwap_reversion,XLY,meanrev,-0.2537,0.4402,-0.1561,806
vwap_reversion__period20__z_thresh1.5,vwap_reversion,XLY,meanrev,-0.3431,-0.2606,-0.2738,621
vwap_reversion__period20__z_thresh2.0,vwap_reversion,XLY,meanrev,-0.0006,-0.3318,-0.2781,511
percent_b__period20__std2.0__lo0.05__hi0.95,percent_b,XLY,meanrev,0.1885,-0.0636,-0.151,591
percent_b__period20__std2.0__lo0.1__hi0.9,percent_b,XLY,meanrev,-0.2225,-0.0836,-0.153,719
percent_b__period20__std2.0__lo0.2__hi0.8,percent_b,XLY,meanrev,-0.4436,0.3612,-0.2164,873
percent_b__period30__std2.0__lo0.2__hi0.8,percent_b,XLY,meanrev,-0.3535,-0.1577,-0.2908,655
connors_rsi__rsi_period3__streak_period2__rank_period100,connors_rsi,XLY,meanrev,0.4308,0.1809,-0.1163,1238
connors_rsi__rsi_period2__streak_period3__rank_period100,connors_rsi,XLY,meanrev,0.2893,0.2191,-0.1196,1255
ultimate_osc__p17__p214__p328,ultimate_osc,XLY,meanrev,-0.2745,0.3004,-0.0825,242
ultimate_osc__p14__p28__p316,ultimate_osc,XLY,meanrev,-0.0061,-0.4697,-0.153,518
gap_fade__threshold0.01,gap_fade,XLY,meanrev,0.0533,-0.4363,-0.2047,794
gap_fade__threshold0.015,gap_fade,XLY,meanrev,0.2515,0.2068,-0.0763,346
gap_fade__threshold0.02,gap_fade,XLY,meanrev,0.5482,-0.041,-0.0647,172
obv_trend__period10,obv_trend,XLY,volume,0.2288,-0.0956,-0.3732,770
obv_trend__period20,obv_trend,XLY,volume,0.2801,-0.2334,-0.3407,520
obv_trend__period50,obv_trend,XLY,volume,0.0497,-0.3831,-0.4487,326
chaikin_mf__period10,chaikin_mf,XLY,volume,0.3337,-0.0834,-0.386,497
chaikin_mf__period20,chaikin_mf,XLY,volume,0.2118,-0.0423,-0.4139,326
chaikin_mf__period21,chaikin_mf,XLY,volume,0.17,0.0116,-0.3335,330
mfi__period10,mfi,XLY,volume,-0.3595,0.5141,-0.0484,298
mfi__period14,mfi,XLY,volume,-0.0604,0.9001,-0.0138,160
mfi__period21,mfi,XLY,volume,-0.0624,0.4678,-0.0001,34
volume_surge__period10__mult1.5,volume_surge,XLY,volume,0.0148,-0.107,-0.1044,538
volume_surge__period20__mult2.0,volume_surge,XLY,volume,-0.3803,0.2125,-0.0498,181
volume_surge__period20__mult3.0,volume_surge,XLY,volume,-0.477,-0.6396,-0.0441,24
force_index__period2,force_index,XLY,volume,-0.0288,0.4432,-0.1867,1349
force_index__period13,force_index,XLY,volume,0.1295,-0.3236,-0.414,527
force_index__period20,force_index,XLY,volume,0.2931,-0.439,-0.4816,415
chaikin_osc__fast3__slow10,chaikin_osc,XLY,volume,0.2624,-0.3522,-0.4642,415
chaikin_osc__fast3__slow12,chaikin_osc,XLY,volume,0.2212,-0.4894,-0.47,369
chaikin_osc__fast5__slow12,chaikin_osc,XLY,volume,0.445,-0.2951,-0.4246,251
atr_breakout__period10__mult1.5,atr_breakout,XLY,volatility,0.0184,-0.3571,-0.2323,614
atr_breakout__period14__mult1.5,atr_breakout,XLY,volatility,0.2131,-0.6322,-0.3336,667
atr_breakout__period14__mult2.0,atr_breakout,XLY,volatility,-0.189,-0.2362,-0.2268,450
atr_breakout__period20__mult2.0,atr_breakout,XLY,volatility,-0.0815,-0.1349,-0.1962,492
atr_breakout__period20__mult2.5,atr_breakout,XLY,volatility,-0.0552,0.0092,-0.1327,346
vol_breakout__period10__mult0.5,vol_breakout,XLY,volatility,-0.3045,0.0689,-0.2233,2527
vol_breakout__period20__mult1.0,vol_breakout,XLY,volatility,-0.6696,-0.282,-0.3014,2109
vol_breakout__period20__mult1.5,vol_breakout,XLY,volatility,-0.5645,-0.0144,-0.212,1410
vol_breakout__period30__mult1.0,vol_breakout,XLY,volatility,-0.5463,0.0419,-0.2189,2074
squeeze_breakout__bb_period20__kc_period20__bb_std2.0__kc_mult1.5,squeeze_breakout,XLY,volatility,0.2165,0.374,-0.1769,183
squeeze_breakout__bb_period20__kc_period20__bb_std2.0__kc_mult1.0,squeeze_breakout,XLY,volatility,0.2966,0.4232,-0.1867,103
squeeze_breakout__bb_period30__kc_period30__bb_std2.0__kc_mult1.5,squeeze_breakout,XLY,volatility,0.3843,0.3681,-0.2683,72
engulfing,engulfing,XLY,pattern,0.3652,0.4899,-0.0935,533
three_bar_reversal,three_bar_reversal,XLY,pattern,0.116,0.4688,-0.1212,993
higher_highs_lows__period5,higher_highs_lows,XLY,pattern,0.3423,-0.57,-0.499,779
higher_highs_lows__period10,higher_highs_lows,XLY,pattern,0.2208,-0.2999,-0.4054,414
higher_highs_lows__period20,higher_highs_lows,XLY,pattern,-0.0338,-0.2043,-0.3886,218
pivot_bounce__period5,pivot_bounce,XLY,pattern,-0.6051,0.1808,-0.1579,1210
pivot_bounce__period10,pivot_bounce,XLY,pattern,-0.4393,-0.1767,-0.156,1139
pivot_bounce__period20,pivot_bounce,XLY,pattern,-0.6807,-0.2843,-0.1753,934
macd_rsi_combo__fast12__slow26__signal9__rsi_period14__rsi_lo40__rsi_hi60,macd_rsi_combo,XLY,composite,0.0564,-0.2587,-0.2795,554
macd_rsi_combo__fast12__slow26__signal9__rsi_period14__rsi_lo45__rsi_hi55,macd_rsi_combo,XLY,composite,0.1437,-0.766,-0.4619,683
macd_rsi_combo__fast8__slow21__signal5__rsi_period14__rsi_lo40__rsi_hi60,macd_rsi_combo,XLY,composite,0.1,-0.1611,-0.2466,600
macd_rsi_combo__fast5__slow35__signal5__rsi_period14__rsi_lo40__rsi_hi60,macd_rsi_combo,XLY,composite,0.128,-0.1278,-0.2278,616
triple_screen__trend_period20__osc_period14__osc_lo40__osc_hi60,triple_screen,XLY,composite,-0.0805,0.0,0.0,6
triple_screen__trend_period30__osc_period14__osc_lo40__osc_hi60,triple_screen,XLY,composite,-0.0805,0.0,0.0,6
triple_screen__trend_period50__osc_period14__osc_lo35__osc_hi65,triple_screen,XLY,composite,-0.1969,0.0,0.0,4
triple_screen__trend_period20__osc_period7__osc_lo30__osc_hi70,triple_screen,XLY,composite,0.0,0.0,0.0,0
chandelier_exit__period14__mult2.0,chandelier_exit,XLY,composite,0.5628,-0.3303,-0.4073,516
chandelier_exit__period22__mult3.0,chandelier_exit,XLY,composite,0.4242,-0.0001,-0.3498,318
chandelier_exit__period22__mult2.0,chandelier_exit,XLY,composite,0.6651,-0.4311,-0.4645,585
chandelier_exit__period10__mult2.0,chandelier_exit,XLY,composite,0.5663,-0.2864,-0.3936,493
high52_momentum__period252__threshold0.7,high52_momentum,XLY,trend,0.4582,0.6342,-0.2314,143
high52_momentum__period252__threshold0.75,high52_momentum,XLY,trend,0.4968,0.5007,-0.2269,177
high52_momentum__period252__threshold0.8,high52_momentum,XLY,trend,0.3455,0.2892,-0.2298,217
high52_momentum__period126__threshold0.7,high52_momentum,XLY,trend,0.2558,0.13,-0.2735,315
high52_momentum__period126__threshold0.75,high52_momentum,XLY,trend,0.3068,0.0355,-0.2982,305
short_reversal__period5,short_reversal,XLY,meanrev,-0.2304,-0.019,-0.3305,759
short_reversal__period10,short_reversal,XLY,meanrev,-0.4869,0.3349,-0.1709,522
short_reversal__period15,short_reversal,XLY,meanrev,-0.506,0.596,-0.2412,413
short_reversal__period20,short_reversal,XLY,meanrev,-0.421,0.123,-0.2717,362
low_vol_regime__period20__ma_period60,low_vol_regime,XLY,volatility,-0.2318,0.2365,-0.1524,156
low_vol_regime__period20__ma_period120,low_vol_regime,XLY,volatility,-0.2442,0.1014,-0.1939,142
low_vol_regime__period60__ma_period120,low_vol_regime,XLY,volatility,0.0229,0.0533,-0.2249,60
low_vol_regime__period20__ma_period252,low_vol_regime,XLY,volatility,-0.1806,-0.1172,-0.268,142
low_vol_regime__period60__ma_period252,low_vol_regime,XLY,volatility,-0.0059,0.058,-0.2502,74
low_vol_regime__period120__ma_period252,low_vol_regime,XLY,volatility,0.0359,0.0827,-0.2845,36
nr_breakout__nr_period4__exit_bars3,nr_breakout,XLY,pattern,-0.1759,-0.3043,-0.2999,967
nr_breakout__nr_period4__exit_bars5,nr_breakout,XLY,pattern,-0.1342,0.1163,-0.1954,745
nr_breakout__nr_period7__exit_bars3,nr_breakout,XLY,pattern,0.0236,-0.0267,-0.2044,704
nr_breakout__nr_period7__exit_bars5,nr_breakout,XLY,pattern,0.2772,0.423,-0.116,607
nr_breakout__nr_period10__exit_bars5,nr_breakout,XLY,pattern,0.405,0.8442,-0.0941,497
nr_breakout__nr_period10__exit_bars10,nr_breakout,XLY,pattern,0.1602,0.5801,-0.2433,391
overnight_gap__period1__threshold0.001,overnight_gap,XLY,volume,-0.7411,0.0273,-0.3125,2397
overnight_gap__period1__threshold0.003,overnight_gap,XLY,volume,-0.464,-0.3118,-0.2868,2344
overnight_gap__period3__threshold0.001,overnight_gap,XLY,volume,0.0137,0.4305,-0.1761,1533
overnight_gap__period3__threshold0.003,overnight_gap,XLY,volume,-0.1033,-0.3923,-0.3198,1139
overnight_gap__period5__threshold0.001,overnight_gap,XLY,volume,-0.0296,-0.0466,-0.2503,1292
overnight_gap__period5__threshold0.003,overnight_gap,XLY,volume,-0.5372,-0.754,-0.3757,722
coppock_curve__roc1252__roc2189__wma_period63,coppock_curve,XLY,trend,0.5598,0.8893,-0.215,4
coppock_curve__roc1189__roc2126__wma_period42,coppock_curve,XLY,trend,0.2176,0.9383,-0.1844,18
coppock_curve__roc1126__roc2100__wma_period21,coppock_curve,XLY,trend,0.2609,0.8367,-0.2055,22
bll_filter__pct0.005__hold0,bll_filter,XLY,trend,0.0008,-0.0486,-0.2781,1166
bll_filter__pct0.01__hold0,bll_filter,XLY,trend,0.1118,0.1274,-0.2522,750
bll_filter__pct0.02__hold0,bll_filter,XLY,trend,0.2077,-0.2751,-0.4453,405
bll_filter__pct0.005__hold10,bll_filter,XLY,trend,-0.0381,-0.1288,-0.2895,1230
bll_filter__pct0.01__hold10,bll_filter,XLY,trend,-0.0764,0.0059,-0.239,905
bll_filter__pct0.01__hold20,bll_filter,XLY,trend,0.1677,0.0885,-0.2598,779
bll_filter__pct0.02__hold10,bll_filter,XLY,trend,0.0249,-0.3775,-0.4569,614
frog_in_pan__lookback252__skip21__id_cutoff0.5,frog_in_pan,XLY,trend,0.6306,0.8898,-0.215,49
frog_in_pan__lookback252__skip21__id_cutoff0.45,frog_in_pan,XLY,trend,0.6161,0.7399,-0.215,57
frog_in_pan__lookback252__skip0__id_cutoff0.5,frog_in_pan,XLY,trend,0.5938,0.7677,-0.2487,49
frog_in_pan__lookback126__skip21__id_cutoff0.5,frog_in_pan,XLY,trend,0.5094,0.668,-0.2542,158
frog_in_pan__lookback126__skip21__id_cutoff0.45,frog_in_pan,XLY,trend,0.3181,0.1255,-0.2542,155
vol_mom__mom_period126__vol_period126__skip21__vol_weight0.5,vol_mom,XLY,composite,-0.2761,0.3769,-0.2194,138
vol_mom__mom_period126__vol_period126__skip0__vol_weight0.5,vol_mom,XLY,composite,-0.0717,0.4196,-0.2048,138
vol_mom__mom_period252__vol_period126__skip21__vol_weight0.5,vol_mom,XLY,composite,0.1879,0.5598,-0.1738,72
vol_mom__mom_period63__vol_period63__skip0__vol_weight0.3,vol_mom,XLY,composite,0.2253,0.2206,-0.224,159
vol_mom__mom_period126__vol_period126__skip21__vol_weight0.3,vol_mom,XLY,composite,0.0173,0.5966,-0.2438,101
seasonality__n_years2,seasonality,XLY,pattern,0.2075,0.2509,-0.2227,81
seasonality__n_years3,seasonality,XLY,pattern,0.3247,0.1822,-0.2711,79
seasonality__n_years5,seasonality,XLY,pattern,0.443,0.0817,-0.4301,75
residual_mom__lookback252__skip21,residual_mom,XLY,trend,0.5974,0.8893,-0.215,20
residual_mom__lookback252__skip0,residual_mom,XLY,trend,0.6602,0.7862,-0.2761,20
residual_mom__lookback126__skip21,residual_mom,XLY,trend,0.001,0.5179,-0.2857,111
vol_scaled_mom__rv_window21__vol_target0.12__damp0.5,vol_scaled_mom,XLY,trend,0.5365,0.7979,-0.1507,2439
vol_scaled_mom__rv_window21__vol_target0.08__damp0.5,vol_scaled_mom,XLY,trend,0.5201,0.7867,-0.1085,3324
vol_scaled_mom__rv_window63__vol_target0.12__damp0.5,vol_scaled_mom,XLY,trend,0.5718,0.7344,-0.166,2820
vol_scaled_mom__rv_window21__vol_target0.12__damp0.0,vol_scaled_mom,XLY,trend,0.5339,0.7979,-0.1507,2431
vol_scaled_mom__rv_window21__vol_target0.15__damp0.5,vol_scaled_mom,XLY,trend,0.54,0.8346,-0.1689,1839
dema_crossover__fast5__slow20,dema_crossover,XLY,trend,0.4604,-0.0892,-0.438,414
dema_crossover__fast10__slow40,dema_crossover,XLY,trend,0.2837,-0.6156,-0.5166,222
dema_crossover__fast12__slow26,dema_crossover,XLY,trend,0.2901,-0.1434,-0.3649,228
dema_crossover__fast20__slow50,dema_crossover,XLY,trend,0.0499,-0.1546,-0.3154,147
dema_crossover__fast10__slow30,dema_crossover,XLY,trend,0.4182,-0.1704,-0.3366,232
tema_crossover__fast5__slow20,tema_crossover,XLY,trend,0.3503,-0.3712,-0.5235,564
tema_crossover__fast10__slow40,tema_crossover,XLY,trend,0.0964,-0.4624,-0.4763,296
tema_crossover__fast12__slow26,tema_crossover,XLY,trend,0.3108,0.0398,-0.3716,292
tema_crossover__fast20__slow50,tema_crossover,XLY,trend,0.0768,-0.1692,-0.3499,184
tema_crossover__fast10__slow30,tema_crossover,XLY,trend,0.3802,0.0485,-0.3525,304
price_acceleration__period10__smooth3,price_acceleration,XLY,trend,-0.1318,-0.3211,-0.3585,1054
price_acceleration__period20__smooth5,price_acceleration,XLY,trend,0.3429,-0.1943,-0.2835,758
price_acceleration__period20__smooth3,price_acceleration,XLY,trend,0.2343,0.0492,-0.2567,1026
price_acceleration__period30__smooth5,price_acceleration,XLY,trend,-0.1269,0.0691,-0.3112,787
price_acceleration__period40__smooth10,price_acceleration,XLY,trend,0.2751,-0.5069,-0.4223,537
price_acceleration__period10__smooth5,price_acceleration,XLY,trend,0.2431,-0.4924,-0.4469,810
turn_of_month__days_before3__days_after3,turn_of_month,XLY,pattern,0.7257,0.3899,-0.1119,360
turn_of_month__days_before4__days_after4,turn_of_month,XLY,pattern,0.8346,0.8073,-0.1378,360
turn_of_month__days_before5__days_after5,turn_of_month,XLY,pattern,0.8822,0.9345,-0.1037,360
turn_of_month__days_before3__days_after5,turn_of_month,XLY,pattern,0.7207,0.5655,-0.1318,360
trend_intensity__period20,trend_intensity,XLY,trend,-0.0715,-0.1254,-0.169,370
trend_intensity__period30,trend_intensity,XLY,trend,0.9268,0.2739,-0.1133,312
trend_intensity__period50,trend_intensity,XLY,trend,0.0371,0.0547,-0.1362,214
trend_intensity__period63,trend_intensity,XLY,trend,0.2011,0.466,-0.0951,190
ma_regime_momentum__regime_ma200__mom_period126__skip21,ma_regime_momentum,XLY,trend,0.2779,0.6581,-0.22,194
ma_regime_momentum__regime_ma200__mom_period252__skip21,ma_regime_momentum,XLY,trend,0.5386,0.8086,-0.1904,114
ma_regime_momentum__regime_ma200__mom_period63__skip0,ma_regime_momentum,XLY,trend,0.3654,0.4604,-0.1773,239
ma_regime_momentum__regime_ma100__mom_period126__skip21,ma_regime_momentum,XLY,trend,0.2491,0.292,-0.2269,266
ma_regime_momentum__regime_ma50__mom_period63__skip0,ma_regime_momentum,XLY,trend,0.2652,-0.1451,-0.3612,414
fisher_transform__period5,fisher_transform,XLY,trend,0.0544,-0.2556,-0.3691,881
fisher_transform__period10,fisher_transform,XLY,trend,0.1752,-0.6187,-0.4962,630
fisher_transform__period20,fisher_transform,XLY,trend,0.5429,-0.6829,-0.5559,406
fisher_transform__period30,fisher_transform,XLY,trend,0.4117,-0.948,-0.6353,316
relative_vigor__period10,relative_vigor,XLY,trend,0.0122,-0.1398,-0.3204,1092
relative_vigor__period14,relative_vigor,XLY,trend,0.0122,-0.1398,-0.3204,1092
relative_vigor__period20,relative_vigor,XLY,trend,0.0122,-0.1398,-0.3204,1092
chande_momentum__period14__threshold0.0,chande_momentum,XLY,trend,0.4428,-0.7485,-0.6255,441
chande_momentum__period20__threshold0.0,chande_momentum,XLY,trend,0.3709,-0.1936,-0.3758,363
chande_momentum__period20__threshold10.0,chande_momentum,XLY,trend,0.3891,-0.3733,-0.4297,622
chande_momentum__period30__threshold0.0,chande_momentum,XLY,trend,0.1329,-0.0709,-0.3591,281
chande_momentum__period9__threshold0.0,chande_momentum,XLY,trend,0.621,-0.6829,-0.5838,512
demarker__period14__hi_thresh0.7__lo_thresh0.3,demarker,XLY,meanrev,0.0307,0.0978,-0.1219,494
demarker__period14__hi_thresh0.8__lo_thresh0.2,demarker,XLY,meanrev,0.1327,0.6924,-0.1098,234
demarker__period21__hi_thresh0.7__lo_thresh0.3,demarker,XLY,meanrev,0.1343,0.8487,-0.0824,324
demarker__period9__hi_thresh0.7__lo_thresh0.3,demarker,XLY,meanrev,-0.2721,0.4986,-0.132,692
stoch_rsi__rsi_period14__stoch_period14__lo20.0__hi80.0,stoch_rsi,XLY,meanrev,-0.335,0.2484,-0.1312,739
stoch_rsi__rsi_period14__stoch_period14__lo10.0__hi90.0,stoch_rsi,XLY,meanrev,-0.0734,0.1484,-0.171,663
stoch_rsi__rsi_period7__stoch_period14__lo20.0__hi80.0,stoch_rsi,XLY,meanrev,-0.2721,0.1083,-0.2236,769
stoch_rsi__rsi_period21__stoch_period21__lo20.0__hi80.0,stoch_rsi,XLY,meanrev,-0.3304,0.4588,-0.1338,579
hurst_regime__period100__trend_thresh0.55__mr_thresh0.45,hurst_regime,XLY,trend,-0.0548,-0.0945,-0.1303,302
hurst_regime__period60__trend_thresh0.55__mr_thresh0.45,hurst_regime,XLY,trend,-0.0933,-0.0649,-0.2591,481
hurst_regime__period100__trend_thresh0.58__mr_thresh0.42,hurst_regime,XLY,trend,-0.0965,-0.7311,-0.1356,134
psych_line__period12__hi_thresh75.0__lo_thresh25.0,psych_line,XLY,meanrev,-0.0732,0.6455,-0.0321,124
psych_line__period12__hi_thresh65.0__lo_thresh35.0,psych_line,XLY,meanrev,-0.4912,0.5294,-0.1517,598
psych_line__period20__hi_thresh70.0__lo_thresh30.0,psych_line,XLY,meanrev,-0.3521,0.5117,-0.0463,104
er_regime__er_period10__mom_period20__er_thresh0.4,er_regime,XLY,trend,0.0121,0.2154,-0.1877,1567
er_regime__er_period10__mom_period20__er_thresh0.3,er_regime,XLY,trend,0.207,0.0228,-0.2269,1533
er_regime__er_period14__mom_period20__er_thresh0.4,er_regime,XLY,trend,-0.1877,0.5814,-0.2025,1356
er_regime__er_period20__mom_period40__er_thresh0.4,er_regime,XLY,trend,0.037,-0.0642,-0.3115,969
er_regime__er_period10__mom_period10__er_thresh0.4,er_regime,XLY,trend,-0.1007,-0.4991,-0.4542,1774
mcginley_dynamic__fast5__slow20,mcginley_dynamic,XLY,trend,0.2295,-0.4814,-0.5262,215
mcginley_dynamic__fast10__slow40,mcginley_dynamic,XLY,trend,0.4259,-0.2475,-0.4325,83
mcginley_dynamic__fast12__slow26,mcginley_dynamic,XLY,trend,0.2691,-0.089,-0.3611,113
mcginley_dynamic__fast5__slow14,mcginley_dynamic,XLY,trend,0.2337,-0.7894,-0.6038,269
cci_trend__period14__threshold50.0,cci_trend,XLY,trend,0.2683,-0.5862,-0.4547,919
cci_trend__period20__threshold50.0,cci_trend,XLY,trend,0.3913,-0.6238,-0.4966,771
cci_trend__period20__threshold100.0,cci_trend,XLY,trend,0.5031,-0.5909,-0.3861,765
cci_trend__period30__threshold50.0,cci_trend,XLY,trend,0.2348,-0.3125,-0.3674,625
cci_trend__period14__threshold100.0,cci_trend,XLY,trend,0.31,-0.454,-0.3351,950
volume_roc__period10__signal_period5,volume_roc,XLY,volume,0.3774,-0.3568,-0.2688,859
volume_roc__period14__signal_period10,volume_roc,XLY,volume,0.8659,-0.2821,-0.3615,659
volume_roc__period20__signal_period10,volume_roc,XLY,volume,0.4654,0.2713,-0.1659,559
volume_roc__period5__signal_period3,volume_roc,XLY,volume,0.1208,-0.2062,-0.257,1224
hv_ratio__fast_period10__slow_period100__thresh_hi1.5__thresh_lo0.7,hv_ratio,XLY,volatility,0.2073,0.7984,-0.1271,415
hv_ratio__fast_period10__slow_period60__thresh_hi1.5__thresh_lo0.7,hv_ratio,XLY,volatility,0.5422,0.6856,-0.098,373
hv_ratio__fast_period21__slow_period100__thresh_hi1.5__thresh_lo0.7,hv_ratio,XLY,volatility,0.3173,0.1794,-0.1247,156
hv_ratio__fast_period10__slow_period100__thresh_hi2.0__thresh_lo0.5,hv_ratio,XLY,volatility,0.5767,0.6497,-0.1422,158
zscore_trend__z_period20__trend_period50__z_thresh1.5,zscore_trend,XLY,meanrev,0.3472,0.1878,-0.0476,80
zscore_trend__z_period20__trend_period50__z_thresh1.0,zscore_trend,XLY,meanrev,-0.0573,0.8687,-0.0451,217
zscore_trend__z_period20__trend_period100__z_thresh1.5,zscore_trend,XLY,meanrev,0.2598,0.3848,-0.0946,210
zscore_trend__z_period30__trend_period100__z_thresh2.0,zscore_trend,XLY,meanrev,0.4968,-0.1236,-0.0534,54
cmo_fisher__fisher_period10__cmo_period14__score_thresh0.3,cmo_fisher,XLY,trend,0.0465,-0.0778,-0.1842,788
cmo_fisher__fisher_period10__cmo_period14__score_thresh0.2,cmo_fisher,XLY,trend,-0.0203,-0.4593,-0.3182,936
cmo_fisher__fisher_period14__cmo_period20__score_thresh0.3,cmo_fisher,XLY,trend,0.1154,0.1803,-0.1219,659
cmo_fisher__fisher_period8__cmo_period14__score_thresh0.2,cmo_fisher,XLY,trend,-0.0546,-0.4329,-0.2817,1032
rvi_divergence__rvi_period10__lookback5,rvi_divergence,XLY,meanrev,-0.057,0.5682,-0.0186,26
rvi_divergence__rvi_period10__lookback8,rvi_divergence,XLY,meanrev,0.1651,0.0412,-0.0135,16
rvi_divergence__rvi_period14__lookback5,rvi_divergence,XLY,meanrev,-0.057,0.5682,-0.0186,26
adaptive_rsi__base_period14__fast_n2__slow_n30,adaptive_rsi,XLY,meanrev,-0.0386,-0.1677,-0.2645,250
adaptive_rsi__base_period14__fast_n2__slow_n60,adaptive_rsi,XLY,meanrev,0.0055,-0.1175,-0.2424,253
adaptive_rsi__base_period9__fast_n2__slow_n30,adaptive_rsi,XLY,meanrev,-0.3365,0.4286,-0.2132,367
adaptive_rsi__base_period21__fast_n2__slow_n30,adaptive_rsi,XLY,meanrev,0.1766,0.0963,-0.2303,177
elder_impulse__ema_period8,elder_impulse,XLY,composite,-0.0714,0.1508,-0.2608,1485
elder_impulse__ema_period13,elder_impulse,XLY,composite,0.153,-0.3386,-0.3113,1419
elder_impulse__ema_period20,elder_impulse,XLY,composite,0.1293,-0.3151,-0.3288,1351
klinger_osc__fast34__slow55__signal13,klinger_osc,XLY,volume,0.1437,-0.2401,-0.4335,682
klinger_osc__fast21__slow34__signal9,klinger_osc,XLY,volume,0.1054,-0.15,-0.3355,912
klinger_osc__fast55__slow89__signal13,klinger_osc,XLY,volume,0.2391,-0.1459,-0.3846,620
price_oscillator__fast10__slow30__signal9,price_oscillator,XLY,trend,0.0674,-0.2844,-0.4643,308
price_oscillator__fast12__slow26__signal9,price_oscillator,XLY,trend,0.0787,-0.5778,-0.517,306
price_oscillator__fast5__slow20__signal5,price_oscillator,XLY,trend,0.2091,-0.0626,-0.406,580
price_oscillator__fast20__slow50__signal9,price_oscillator,XLY,trend,0.2214,-0.4142,-0.4093,228
baz_trend__ewmstd_span42,baz_trend,XLY,trend,0.2083,0.0105,-0.3045,72
baz_trend__ewmstd_span63,baz_trend,XLY,trend,0.2083,0.0105,-0.3045,72
baz_trend__ewmstd_span126,baz_trend,XLY,trend,0.2083,0.0105,-0.3045,72
intermediate_mom__start252__end126,intermediate_mom,XLY,trend,0.5809,1.0863,-0.215,113
intermediate_mom__start189__end105,intermediate_mom,XLY,trend,0.5698,0.4313,-0.2002,162
intermediate_mom__start168__end84,intermediate_mom,XLY,trend,0.4037,0.4918,-0.2005,164
intermediate_mom__start252__end63,intermediate_mom,XLY,trend,0.8347,0.8891,-0.215,68
mom_crash_protect__bear_lookback504__bear_thresh-0.2__damp0.0,mom_crash_protect,XLY,trend,0.515,0.8516,-0.215,36
mom_crash_protect__bear_lookback504__bear_thresh-0.2__damp0.25,mom_crash_protect,XLY,trend,0.5148,0.8516,-0.215,36
mom_crash_protect__bear_lookback252__bear_thresh-0.2__damp0.0,mom_crash_protect,XLY,trend,0.5239,0.8516,-0.215,56
mom_crash_protect__bear_lookback504__bear_thresh-0.25__damp0.0,mom_crash_protect,XLY,trend,0.5142,0.8516,-0.215,34
consistent_mom__consistency_thresh0.5,consistent_mom,XLY,trend,0.4894,0.9148,-0.215,179
consistent_mom__consistency_thresh0.58,consistent_mom,XLY,trend,0.5189,0.8778,-0.215,350
consistent_mom__consistency_thresh0.67,consistent_mom,XLY,trend,0.4586,-0.0648,-0.2345,622
signed_range_mom__period10__threshold0.1,signed_range_mom,XLY,trend,0.0004,0.1813,-0.2403,1027
signed_range_mom__period21__threshold0.1,signed_range_mom,XLY,trend,0.0473,-0.0637,-0.2769,743
signed_range_mom__period21__threshold0.15,signed_range_mom,XLY,trend,-0.3127,-0.0673,-0.1754,666
signed_range_mom__period42__threshold0.1,signed_range_mom,XLY,trend,0.1491,-0.3856,-0.3665,464
signed_range_mom__period63__threshold0.1,signed_range_mom,XLY,trend,0.0674,0.1956,-0.1639,344
multi_tsmom,multi_tsmom,XLY,trend,0.4234,0.473,-0.2123,276
"multi_tsmom__lookbacks(63, 126, 252)",multi_tsmom,XLY,trend,0.3853,0.6065,-0.2505,96
"multi_tsmom__lookbacks(21, 63, 252)",multi_tsmom,XLY,trend,0.4355,0.2547,-0.2489,193
"multi_tsmom__lookbacks(21, 63, 126, 252)__weights(0.4, 0.3, 0.2, 0.1)",multi_tsmom,XLY,trend,0.3465,0.2688,-0.2489,218
"multi_tsmom__lookbacks(21, 63, 126, 252)__weights(0.1, 0.2, 0.3, 0.4)",multi_tsmom,XLY,trend,0.4531,0.6617,-0.2184,110
ma_crossover__fast5__slow20__kindsma,ma_crossover,XLP,trend,0.1424,0.1278,-0.1536,226
ma_crossover__fast10__slow30__kindsma,ma_crossover,XLP,trend,-0.1197,0.1587,-0.2225,134
ma_crossover__fast20__slow50__kindsma,ma_crossover,XLP,trend,0.2572,-0.1704,-0.3011,74
ma_crossover__fast50__slow100__kindsma,ma_crossover,XLP,trend,-0.0795,-0.2824,-0.3758,39
ma_crossover__fast50__slow200__kindsma,ma_crossover,XLP,trend,0.218,0.3204,-0.276,18
ma_crossover__fast100__slow200__kindsma,ma_crossover,XLP,trend,0.3433,0.0043,-0.3581,16
ma_crossover__fast10__slow50__kindsma,ma_crossover,XLP,trend,0.0926,-0.3214,-0.3496,87
ma_crossover__fast20__slow100__kindsma,ma_crossover,XLP,trend,0.161,-0.3745,-0.4153,46
ma_crossover__fast5__slow20__kindema,ma_crossover,XLP,trend,0.104,-0.0749,-0.2012,212
ma_crossover__fast12__slow26__kindema,ma_crossover,XLP,trend,0.0736,-0.173,-0.2816,130
ma_crossover__fast10__slow50__kindema,ma_crossover,XLP,trend,-0.1694,-0.2583,-0.2722,96
ma_crossover__fast20__slow100__kindema,ma_crossover,XLP,trend,0.2034,0.0285,-0.3291,47
ts_momentum__period21,ts_momentum,XLP,trend,0.0567,0.132,-0.1692,336
ts_momentum__period42,ts_momentum,XLP,trend,0.1703,-0.2396,-0.3505,205
ts_momentum__period63,ts_momentum,XLP,trend,-0.3249,0.0636,-0.231,193
ts_momentum__period126,ts_momentum,XLP,trend,-0.3367,-0.1027,-0.3814,169
ts_momentum__period252,ts_momentum,XLP,trend,0.3028,0.497,-0.2078,78
roc_momentum__period5,roc_momentum,XLP,trend,-0.2604,-0.3685,-0.2525,805
roc_momentum__period10,roc_momentum,XLP,trend,-0.1241,-0.2587,-0.284,548
roc_momentum__period20,roc_momentum,XLP,trend,0.1299,0.0367,-0.1954,331
roc_momentum__period30,roc_momentum,XLP,trend,0.1659,-0.3173,-0.3131,296
roc_momentum__period60,roc_momentum,XLP,trend,-0.2333,-0.1541,-0.3261,205
macd_signal__fast12__slow26__signal9,macd_signal,XLP,trend,-0.3465,0.1884,-0.1928,332
macd_signal__fast8__slow17__signal9,macd_signal,XLP,trend,-0.4089,-0.037,-0.2094,418
macd_signal__fast5__slow35__signal5,macd_signal,XLP,trend,-0.3453,-0.532,-0.3371,562
macd_signal__fast3__slow10__signal16,macd_signal,XLP,trend,-0.4356,-0.3907,-0.2821,596
donchian_breakout__period10,donchian_breakout,XLP,trend,-0.5822,-0.317,-0.1302,980
donchian_breakout__period20,donchian_breakout,XLP,trend,-0.8193,-0.4034,-0.1415,750
donchian_breakout__period30,donchian_breakout,XLP,trend,-1.0326,-0.3291,-0.1188,632
donchian_breakout__period40,donchian_breakout,XLP,trend,-1.0358,-0.4293,-0.1073,560
donchian_breakout__period55,donchian_breakout,XLP,trend,-1.0043,-0.6251,-0.1089,490
bb_breakout__period20__std1.5,bb_breakout,XLP,trend,-0.7648,-0.4793,-0.1809,829
bb_breakout__period20__std2.0,bb_breakout,XLP,trend,-1.0883,-0.1649,-0.124,446
bb_breakout__period20__std2.5,bb_breakout,XLP,trend,-0.8956,-0.1298,-0.0811,152
bb_breakout__period30__std2.0,bb_breakout,XLP,trend,-0.6926,-0.5482,-0.1495,386
bb_breakout__period50__std2.0,bb_breakout,XLP,trend,-0.5307,-1.3494,-0.2665,360
supertrend__period7__mult2.0,supertrend,XLP,trend,0.2303,0.009,-0.2396,185
supertrend__period7__mult3.0,supertrend,XLP,trend,-0.1592,-0.064,-0.1987,111
supertrend__period10__mult3.0,supertrend,XLP,trend,-0.0739,-0.1292,-0.2057,113
supertrend__period14__mult2.0,supertrend,XLP,trend,0.2561,-0.3606,-0.2632,193
supertrend__period14__mult3.0,supertrend,XLP,trend,0.0158,0.0289,-0.1683,113
parabolic_sar__step0.01__max_af0.1,parabolic_sar,XLP,trend,-0.2809,0.7135,-0.1117,221
parabolic_sar__step0.02__max_af0.2,parabolic_sar,XLP,trend,-0.4843,-0.0265,-0.1954,361
parabolic_sar__step0.03__max_af0.2,parabolic_sar,XLP,trend,-0.2388,-0.1443,-0.19,447
parabolic_sar__step0.05__max_af0.2,parabolic_sar,XLP,trend,-0.1669,-0.0199,-0.1585,553
adx_trend__period14__threshold20,adx_trend,XLP,trend,-0.1338,-0.0984,-0.1929,267
adx_trend__period14__threshold25,adx_trend,XLP,trend,-0.361,-0.42,-0.1621,194
adx_trend__period14__threshold30,adx_trend,XLP,trend,-0.4554,0.2548,-0.0814,118
adx_trend__period21__threshold20,adx_trend,XLP,trend,-0.7201,0.2225,-0.0973,138
adx_trend__period21__threshold25,adx_trend,XLP,trend,-0.3181,0.2943,-0.0481,93
ichimoku__tenkan9__kijun26__senkou_b52,ichimoku,XLP,trend,-0.0946,-0.1438,-0.2027,512
ichimoku__tenkan7__kijun22__senkou_b44,ichimoku,XLP,trend,-0.1816,0.1641,-0.164,569
linreg_slope__period10,linreg_slope,XLP,trend,-0.1098,0.2858,-0.1917,337
linreg_slope__period20,linreg_slope,XLP,trend,0.0447,0.1787,-0.1522,174
linreg_slope__period30,linreg_slope,XLP,trend,-0.0104,-0.2317,-0.2969,116
linreg_slope__period50,linreg_slope,XLP,trend,0.3318,-0.5717,-0.4238,67
aroon__period14,aroon,XLP,trend,-0.0186,0.6112,-0.1325,230
aroon__period25,aroon,XLP,trend,-0.1789,0.0078,-0.2544,136
aroon__period50,aroon,XLP,trend,0.116,-0.3782,-0.3415,77
vortex__period10,vortex,XLP,trend,0.0856,-0.2048,-0.2471,441
vortex__period14,vortex,XLP,trend,0.2943,0.1443,-0.2164,354
vortex__period21,vortex,XLP,trend,-0.1152,0.128,-0.1749,267
trix__period9,trix,XLP,trend,-0.0235,-0.0164,-0.243,147
trix__period12,trix,XLP,trend,-0.059,-0.09,-0.2603,115
trix__period18,trix,XLP,trend,0.2116,-0.3266,-0.3282,75
hull_ma__period14,hull_ma,XLP,trend,-0.0449,-0.4715,-0.2959,560
hull_ma__period20,hull_ma,XLP,trend,-0.2433,-0.0637,-0.2307,392
hull_ma__period30,hull_ma,XLP,trend,0.1432,0.0821,-0.2646,287
hull_ma__period50,hull_ma,XLP,trend,0.122,-0.0851,-0.1847,195
kama__period5,kama,XLP,trend,-0.8205,0.4897,-0.135,2021
kama__period10,kama,XLP,trend,-0.2293,0.0,0.0,155
kama__period20,kama,XLP,trend,0.4564,0.0,0.0,43
turtle__entry20__exit_p10,turtle,XLP,trend,-0.8193,-0.4034,-0.1415,750
turtle__entry55__exit_p20,turtle,XLP,trend,-1.0043,-0.6251,-0.1089,490
turtle__entry10__exit_p5,turtle,XLP,trend,-0.5822,-0.317,-0.1302,980
dual_momentum__period63,dual_momentum,XLP,trend,0.3749,0.484,-0.1281,194
dual_momentum__period126,dual_momentum,XLP,trend,0.3112,0.355,-0.2326,169
dual_momentum__period252,dual_momentum,XLP,trend,0.5393,0.658,-0.1316,79
elder_ray__period13,elder_ray,XLP,trend,-0.0114,-0.0806,-0.2267,602
elder_ray__period21,elder_ray,XLP,trend,-0.0459,-0.1188,-0.2478,490
elder_ray__period34,elder_ray,XLP,trend,-0.1559,-0.0726,-0.2215,376
rsi_reversion__period7__lo30__hi70,rsi_reversion,XLP,meanrev,0.5952,0.356,-0.1022,704
rsi_reversion__period7__lo25__hi75,rsi_reversion,XLP,meanrev,0.697,0.2833,-0.0885,448
rsi_reversion__period14__lo30__hi70,rsi_reversion,XLP,meanrev,0.7245,0.4896,-0.0563,248
rsi_reversion__period14__lo25__hi75,rsi_reversion,XLP,meanrev,0.7301,0.1963,-0.0392,72
rsi_reversion__period14__lo35__hi65,rsi_reversion,XLP,meanrev,0.1838,0.8016,-0.0777,463
rsi_reversion__period21__lo30__hi70,rsi_reversion,XLP,meanrev,0.5239,0.324,-0.0291,84
rsi_reversion__period21__lo25__hi75,rsi_reversion,XLP,meanrev,0.3485,0.0,0.0,20
rsi_reversion__period28__lo30__hi70,rsi_reversion,XLP,meanrev,0.5421,0.5493,-0.0001,34
rsi_reversion__period30__lo30__hi70,rsi_reversion,XLP,meanrev,0.3466,0.4622,-0.0001,22
rsi_reversion__period30__lo25__hi75,rsi_reversion,XLP,meanrev,-0.0239,0.0,0.0,4
bb_reversion__period20__std1.5,bb_reversion,XLP,meanrev,0.6182,0.3198,-0.1266,829
bb_reversion__period20__std2.0,bb_reversion,XLP,meanrev,0.9635,0.0483,-0.099,446
bb_reversion__period20__std2.5,bb_reversion,XLP,meanrev,0.8293,0.0574,-0.0691,152
bb_reversion__period30__std2.0,bb_reversion,XLP,meanrev,0.5957,0.4436,-0.0778,386
bb_reversion__period30__std2.5,bb_reversion,XLP,meanrev,0.9872,-0.042,-0.0869,148
bb_reversion__period50__std2.0,bb_reversion,XLP,meanrev,0.4517,1.2414,-0.0665,360
zscore_reversion__period10__threshold1.0,zscore_reversion,XLP,meanrev,0.2709,0.0221,-0.1757,1333
zscore_reversion__period20__threshold1.5,zscore_reversion,XLP,meanrev,0.6182,0.3198,-0.1266,829
zscore_reversion__period20__threshold2.0,zscore_reversion,XLP,meanrev,0.9635,0.0483,-0.099,446
zscore_reversion__period30__threshold1.5,zscore_reversion,XLP,meanrev,0.6661,0.2145,-0.1076,739
zscore_reversion__period30__threshold2.0,zscore_reversion,XLP,meanrev,0.5957,0.4436,-0.0778,386
zscore_reversion__period60__threshold2.0,zscore_reversion,XLP,meanrev,0.4591,0.784,-0.0602,333
stochastic__k5__d3__lo20__hi80,stochastic,XLP,meanrev,0.3222,0.5202,-0.0946,814
stochastic__k14__d3__lo20__hi80,stochastic,XLP,meanrev,0.0759,0.1049,-0.0971,582
stochastic__k14__d3__lo30__hi70,stochastic,XLP,meanrev,0.0928,0.084,-0.142,619
stochastic__k14__d5__lo20__hi80,stochastic,XLP,meanrev,-0.0731,0.134,-0.0686,426
stochastic__k21__d3__lo20__hi80,stochastic,XLP,meanrev,0.2042,-0.0211,-0.1022,496
cci_reversion__period14__threshold100,cci_reversion,XLP,meanrev,0.1268,0.1112,-0.0983,958
cci_reversion__period14__threshold150,cci_reversion,XLP,meanrev,0.6112,-0.264,-0.0973,586
cci_reversion__period20__threshold100,cci_reversion,XLP,meanrev,0.2188,0.4764,-0.0979,816
cci_reversion__period20__threshold150,cci_reversion,XLP,meanrev,0.5231,0.5142,-0.0792,516
cci_reversion__period30__threshold100,cci_reversion,XLP,meanrev,0.101,0.3253,-0.1072,661
williams_r__period14__lo-80__hi-20,williams_r,XLP,meanrev,0.1754,-0.1318,-0.1691,1081
williams_r__period14__lo-90__hi-10,williams_r,XLP,meanrev,0.4667,-0.3476,-0.1662,1055
williams_r__period21__lo-80__hi-20,williams_r,XLP,meanrev,0.3091,-0.1073,-0.1845,935
williams_r__period28__lo-80__hi-20,williams_r,XLP,meanrev,0.2595,0.0379,-0.2129,806
keltner_reversion__period20__mult1.5,keltner_reversion,XLP,meanrev,0.421,0.6174,-0.0865,703
keltner_reversion__period20__mult2.0,keltner_reversion,XLP,meanrev,0.2649,0.6031,-0.0765,439
keltner_reversion__period20__mult2.5,keltner_reversion,XLP,meanrev,0.6502,0.1922,-0.0655,218
keltner_reversion__period30__mult2.0,keltner_reversion,XLP,meanrev,0.3303,0.7446,-0.0865,545
vwap_reversion__period20__z_thresh1.0,vwap_reversion,XLP,meanrev,-0.01,-0.0685,-0.1766,796
vwap_reversion__period20__z_thresh1.5,vwap_reversion,XLP,meanrev,-0.0677,0.0413,-0.1726,693
vwap_reversion__period20__z_thresh2.0,vwap_reversion,XLP,meanrev,0.3776,0.5515,-0.0807,513
percent_b__period20__std2.0__lo0.05__hi0.95,percent_b,XLP,meanrev,0.4313,0.0658,-0.0794,580
percent_b__period20__std2.0__lo0.1__hi0.9,percent_b,XLP,meanrev,0.7927,0.3339,-0.1066,757
percent_b__period20__std2.0__lo0.2__hi0.8,percent_b,XLP,meanrev,0.1144,0.1699,-0.1227,916
percent_b__period30__std2.0__lo0.2__hi0.8,percent_b,XLP,meanrev,0.2705,0.3293,-0.1398,781
connors_rsi__rsi_period3__streak_period2__rank_period100,connors_rsi,XLP,meanrev,0.6712,-0.1832,-0.2066,1175
connors_rsi__rsi_period2__streak_period3__rank_period100,connors_rsi,XLP,meanrev,0.587,-0.0506,-0.1613,1236
ultimate_osc__p17__p214__p328,ultimate_osc,XLP,meanrev,0.1624,0.5735,-0.0291,180
ultimate_osc__p14__p28__p316,ultimate_osc,XLP,meanrev,0.6364,0.0896,-0.144,570
gap_fade__threshold0.01,gap_fade,XLP,meanrev,0.1061,-0.5068,-0.0767,222
gap_fade__threshold0.015,gap_fade,XLP,meanrev,0.3904,-0.3169,-0.0514,67
gap_fade__threshold0.02,gap_fade,XLP,meanrev,0.3082,-0.5757,-0.0373,33
obv_trend__period10,obv_trend,XLP,volume,-0.1606,0.1104,-0.1751,774
obv_trend__period20,obv_trend,XLP,volume,-0.2518,-0.6284,-0.4113,574
obv_trend__period50,obv_trend,XLP,volume,0.048,-0.5591,-0.418,345
chaikin_mf__period10,chaikin_mf,XLP,volume,-0.1038,-0.4161,-0.3461,499
chaikin_mf__period20,chaikin_mf,XLP,volume,-0.1325,-0.9872,-0.4779,315
chaikin_mf__period21,chaikin_mf,XLP,volume,-0.312,-0.8657,-0.4403,307
mfi__period10,mfi,XLP,volume,0.0475,0.3439,-0.0489,267
mfi__period14,mfi,XLP,volume,0.3143,0.3496,-0.0424,135
mfi__period21,mfi,XLP,volume,-0.0836,0.7838,-0.0001,41
volume_surge__period10__mult1.5,volume_surge,XLP,volume,-0.5825,-0.6784,-0.1549,548
volume_surge__period20__mult2.0,volume_surge,XLP,volume,-0.467,-0.7185,-0.1129,197
volume_surge__period20__mult3.0,volume_surge,XLP,volume,0.2306,0.2191,-0.017,38
force_index__period2,force_index,XLP,volume,-0.6899,0.0133,-0.195,1405
force_index__period13,force_index,XLP,volume,-0.5286,-0.2249,-0.2279,563
force_index__period20,force_index,XLP,volume,-0.6024,-0.3709,-0.2814,437
chaikin_osc__fast3__slow10,chaikin_osc,XLP,volume,-0.2018,-0.5729,-0.3786,384
chaikin_osc__fast3__slow12,chaikin_osc,XLP,volume,-0.119,-0.405,-0.3552,328
chaikin_osc__fast5__slow12,chaikin_osc,XLP,volume,-0.0819,-0.4498,-0.3448,256
atr_breakout__period10__mult1.5,atr_breakout,XLP,volatility,-0.9307,-0.538,-0.1532,562
atr_breakout__period14__mult1.5,atr_breakout,XLP,volatility,-0.5461,-0.8107,-0.2366,679
atr_breakout__period14__mult2.0,atr_breakout,XLP,volatility,-0.7569,-0.3399,-0.1077,409
atr_breakout__period20__mult2.0,atr_breakout,XLP,volatility,-0.4179,-0.6857,-0.2022,517
atr_breakout__period20__mult2.5,atr_breakout,XLP,volatility,-0.6287,-0.8341,-0.1701,349
vol_breakout__period10__mult0.5,vol_breakout,XLP,volatility,-1.0343,0.0836,-0.1811,2540
vol_breakout__period20__mult1.0,vol_breakout,XLP,volatility,-1.0941,0.2491,-0.1648,2116
vol_breakout__period20__mult1.5,vol_breakout,XLP,volatility,-0.7977,0.0209,-0.0983,1388
vol_breakout__period30__mult1.0,vol_breakout,XLP,volatility,-0.9006,0.4404,-0.1271,2079
squeeze_breakout__bb_period20__kc_period20__bb_std2.0__kc_mult1.5,squeeze_breakout,XLP,volatility,-0.0687,0.0558,-0.3176,199
squeeze_breakout__bb_period20__kc_period20__bb_std2.0__kc_mult1.0,squeeze_breakout,XLP,volatility,-0.0396,-0.0263,-0.3303,106
squeeze_breakout__bb_period30__kc_period30__bb_std2.0__kc_mult1.5,squeeze_breakout,XLP,volatility,-0.0626,0.0665,-0.1898,80
engulfing,engulfing,XLP,pattern,-0.1758,0.0739,-0.0536,548
three_bar_reversal,three_bar_reversal,XLP,pattern,0.8281,0.5262,-0.0685,928
higher_highs_lows__period5,higher_highs_lows,XLP,pattern,0.0382,-0.1273,-0.2219,777
higher_highs_lows__period10,higher_highs_lows,XLP,pattern,-0.1237,-0.1476,-0.2185,420
higher_highs_lows__period20,higher_highs_lows,XLP,pattern,0.054,-0.3191,-0.2346,225
pivot_bounce__period5,pivot_bounce,XLP,pattern,0.1838,0.2003,-0.0896,1191
pivot_bounce__period10,pivot_bounce,XLP,pattern,0.3737,0.4306,-0.0596,1106
pivot_bounce__period20,pivot_bounce,XLP,pattern,-0.0729,0.2785,-0.0744,907
macd_rsi_combo__fast12__slow26__signal9__rsi_period14__rsi_lo40__rsi_hi60,macd_rsi_combo,XLP,composite,-0.4759,-0.6698,-0.2567,609
macd_rsi_combo__fast12__slow26__signal9__rsi_period14__rsi_lo45__rsi_hi55,macd_rsi_combo,XLP,composite,-0.2915,-0.0633,-0.1558,667
macd_rsi_combo__fast8__slow21__signal5__rsi_period14__rsi_lo40__rsi_hi60,macd_rsi_combo,XLP,composite,-0.581,-0.7494,-0.2488,673
macd_rsi_combo__fast5__slow35__signal5__rsi_period14__rsi_lo40__rsi_hi60,macd_rsi_combo,XLP,composite,-0.5521,-0.9274,-0.2933,703
triple_screen__trend_period20__osc_period14__osc_lo40__osc_hi60,triple_screen,XLP,composite,-0.0552,0.0,0.0,4
triple_screen__trend_period30__osc_period14__osc_lo40__osc_hi60,triple_screen,XLP,composite,-0.0552,0.0,0.0,4
triple_screen__trend_period50__osc_period14__osc_lo35__osc_hi65,triple_screen,XLP,composite,0.1301,0.0,0.0,2
triple_screen__trend_period20__osc_period7__osc_lo30__osc_hi70,triple_screen,XLP,composite,0.1301,0.0,0.0,2
chandelier_exit__period14__mult2.0,chandelier_exit,XLP,composite,0.0272,0.0294,-0.2227,493
chandelier_exit__period22__mult3.0,chandelier_exit,XLP,composite,-0.146,0.2311,-0.1319,299
chandelier_exit__period22__mult2.0,chandelier_exit,XLP,composite,-0.1324,-0.0995,-0.2434,562
chandelier_exit__period10__mult2.0,chandelier_exit,XLP,composite,-0.014,0.1552,-0.1876,464
high52_momentum__period252__threshold0.7,high52_momentum,XLP,trend,0.0187,0.52,-0.1666,178
high52_momentum__period252__threshold0.75,high52_momentum,XLP,trend,-0.0015,0.1801,-0.2708,200
high52_momentum__period252__threshold0.8,high52_momentum,XLP,trend,0.1342,0.3436,-0.1881,198
high52_momentum__period126__threshold0.7,high52_momentum,XLP,trend,0.0958,0.007,-0.2566,292
high52_momentum__period126__threshold0.75,high52_momentum,XLP,trend,0.1536,-0.0279,-0.2811,288
short_reversal__period5,short_reversal,XLP,meanrev,0.1001,0.193,-0.1893,805
short_reversal__period10,short_reversal,XLP,meanrev,0.0156,0.1306,-0.1417,548
short_reversal__period15,short_reversal,XLP,meanrev,-0.1187,-0.2031,-0.2615,425
short_reversal__period20,short_reversal,XLP,meanrev,-0.1953,-0.1128,-0.2297,331
low_vol_regime__period20__ma_period60,low_vol_regime,XLP,volatility,0.0328,-0.0318,-0.0927,130
low_vol_regime__period20__ma_period120,low_vol_regime,XLP,volatility,-0.5764,-0.1376,-0.1272,188
low_vol_regime__period60__ma_period120,low_vol_regime,XLP,volatility,-0.0837,0.5137,-0.1151,64
low_vol_regime__period20__ma_period252,low_vol_regime,XLP,volatility,-0.0796,0.5082,-0.0786,136
low_vol_regime__period60__ma_period252,low_vol_regime,XLP,volatility,-0.0556,0.6576,-0.1149,46
low_vol_regime__period120__ma_period252,low_vol_regime,XLP,volatility,-0.3581,0.6177,-0.0894,40
nr_breakout__nr_period4__exit_bars3,nr_breakout,XLP,pattern,-0.0324,-0.1429,-0.1791,961
nr_breakout__nr_period4__exit_bars5,nr_breakout,XLP,pattern,0.1116,0.1287,-0.1573,747
nr_breakout__nr_period7__exit_bars3,nr_breakout,XLP,pattern,-0.0237,0.2659,-0.0963,687
nr_breakout__nr_period7__exit_bars5,nr_breakout,XLP,pattern,-0.0294,0.6083,-0.0804,590
nr_breakout__nr_period10__exit_bars5,nr_breakout,XLP,pattern,0.0062,0.103,-0.1273,472
nr_breakout__nr_period10__exit_bars10,nr_breakout,XLP,pattern,-0.219,-0.2378,-0.168,388
overnight_gap__period1__threshold0.001,overnight_gap,XLP,volume,-0.7877,0.4534,-0.1856,2456
overnight_gap__period1__threshold0.003,overnight_gap,XLP,volume,-0.4994,0.4579,-0.1177,1807
overnight_gap__period3__threshold0.001,overnight_gap,XLP,volume,-0.1029,0.542,-0.0972,1493
overnight_gap__period3__threshold0.003,overnight_gap,XLP,volume,-0.0815,0.1862,-0.0819,596
overnight_gap__period5__threshold0.001,overnight_gap,XLP,volume,-0.0087,0.2155,-0.1558,1117
overnight_gap__period5__threshold0.003,overnight_gap,XLP,volume,0.1987,-0.1707,-0.0921,299
coppock_curve__roc1252__roc2189__wma_period63,coppock_curve,XLP,trend,0.5421,0.2233,-0.3133,12
coppock_curve__roc1189__roc2126__wma_period42,coppock_curve,XLP,trend,0.4049,0.3721,-0.24,14
coppock_curve__roc1126__roc2100__wma_period21,coppock_curve,XLP,trend,0.001,0.1561,-0.3282,32
bll_filter__pct0.005__hold0,bll_filter,XLP,trend,-0.5846,0.0248,-0.1835,990
bll_filter__pct0.01__hold0,bll_filter,XLP,trend,-0.2374,0.3698,-0.1711,560
bll_filter__pct0.02__hold0,bll_filter,XLP,trend,0.1688,-0.3344,-0.2894,235
bll_filter__pct0.005__hold10,bll_filter,XLP,trend,-0.6317,-0.0139,-0.1966,1081
bll_filter__pct0.01__hold10,bll_filter,XLP,trend,-0.4346,0.3157,-0.1859,741
bll_filter__pct0.01__hold20,bll_filter,XLP,trend,-0.2723,0.3146,-0.1698,608
bll_filter__pct0.02__hold10,bll_filter,XLP,trend,-0.3304,-0.3219,-0.2777,458
frog_in_pan__lookback252__skip21__id_cutoff0.5,frog_in_pan,XLP,trend,0.772,0.4071,-0.232,113
frog_in_pan__lookback252__skip21__id_cutoff0.45,frog_in_pan,XLP,trend,0.6646,0.3492,-0.0751,113
frog_in_pan__lookback252__skip0__id_cutoff0.5,frog_in_pan,XLP,trend,0.6586,0.4517,-0.2275,113
frog_in_pan__lookback126__skip21__id_cutoff0.5,frog_in_pan,XLP,trend,0.2862,0.0956,-0.3224,244
frog_in_pan__lookback126__skip21__id_cutoff0.45,frog_in_pan,XLP,trend,0.3088,0.3855,-0.1033,160
vol_mom__mom_period126__vol_period126__skip21__vol_weight0.5,vol_mom,XLP,composite,-0.2318,0.2587,-0.1852,195
vol_mom__mom_period126__vol_period126__skip0__vol_weight0.5,vol_mom,XLP,composite,-0.4822,0.0023,-0.2946,196
vol_mom__mom_period252__vol_period126__skip21__vol_weight0.5,vol_mom,XLP,composite,0.3832,0.4986,-0.1491,111
vol_mom__mom_period63__vol_period63__skip0__vol_weight0.3,vol_mom,XLP,composite,-0.2723,0.0636,-0.231,186
vol_mom__mom_period126__vol_period126__skip21__vol_weight0.3,vol_mom,XLP,composite,-0.0809,0.2951,-0.2543,163
seasonality__n_years2,seasonality,XLP,pattern,0.4693,0.0213,-0.2743,82
seasonality__n_years3,seasonality,XLP,pattern,0.7091,-0.3029,-0.3613,84
seasonality__n_years5,seasonality,XLP,pattern,0.5576,0.7198,-0.1483,76
residual_mom__lookback252__skip21,residual_mom,XLP,trend,0.7569,0.6743,-0.1281,72
residual_mom__lookback252__skip0,residual_mom,XLP,trend,0.4314,0.6585,-0.1973,72
residual_mom__lookback126__skip21,residual_mom,XLP,trend,0.1337,0.1028,-0.3412,147
vol_scaled_mom__rv_window21__vol_target0.12__damp0.5,vol_scaled_mom,XLP,trend,0.8337,0.507,-0.1858,1400
vol_scaled_mom__rv_window21__vol_target0.08__damp0.5,vol_scaled_mom,XLP,trend,0.8057,0.2881,-0.1802,2894
vol_scaled_mom__rv_window63__vol_target0.12__damp0.5,vol_scaled_mom,XLP,trend,0.8278,0.6191,-0.1594,1396
vol_scaled_mom__rv_window21__vol_target0.12__damp0.0,vol_scaled_mom,XLP,trend,0.8337,0.507,-0.1858,1400
vol_scaled_mom__rv_window21__vol_target0.15__damp0.5,vol_scaled_mom,XLP,trend,0.8527,0.5892,-0.1758,741
dema_crossover__fast5__slow20,dema_crossover,XLP,trend,-0.1446,-0.189,-0.2178,438
dema_crossover__fast10__slow40,dema_crossover,XLP,trend,0.1253,-0.0238,-0.1805,218
dema_crossover__fast12__slow26,dema_crossover,XLP,trend,0.1519,0.1968,-0.1372,230
dema_crossover__fast20__slow50,dema_crossover,XLP,trend,-0.0596,-0.6886,-0.3649,146
dema_crossover__fast10__slow30,dema_crossover,XLP,trend,0.1743,0.2138,-0.1465,238
tema_crossover__fast5__slow20,tema_crossover,XLP,trend,-0.4391,-0.2479,-0.2463,564
tema_crossover__fast10__slow40,tema_crossover,XLP,trend,-0.2369,-0.0384,-0.2469,312
tema_crossover__fast12__slow26,tema_crossover,XLP,trend,-0.4927,0.2594,-0.2277,320
tema_crossover__fast20__slow50,tema_crossover,XLP,trend,0.3045,-0.2711,-0.2439,186
tema_crossover__fast10__slow30,tema_crossover,XLP,trend,-0.2451,-0.1505,-0.242,334
price_acceleration__period10__smooth3,price_acceleration,XLP,trend,-0.5162,-0.6822,-0.4305,1052
price_acceleration__period20__smooth5,price_acceleration,XLP,trend,-0.6429,-0.1926,-0.2211,811
price_acceleration__period20__smooth3,price_acceleration,XLP,trend,-0.5334,-0.5944,-0.3695,1028
price_acceleration__period30__smooth5,price_acceleration,XLP,trend,0.1263,-0.4878,-0.3553,785
price_acceleration__period40__smooth10,price_acceleration,XLP,trend,0.0453,-0.6406,-0.3887,549
price_acceleration__period10__smooth5,price_acceleration,XLP,trend,-0.3614,-0.6957,-0.4357,822
turn_of_month__days_before3__days_after3,turn_of_month,XLP,pattern,0.5093,0.3799,-0.0782,360
turn_of_month__days_before4__days_after4,turn_of_month,XLP,pattern,0.5281,0.4833,-0.071,360
turn_of_month__days_before5__days_after5,turn_of_month,XLP,pattern,0.5554,0.7345,-0.0892,360
turn_of_month__days_before3__days_after5,turn_of_month,XLP,pattern,0.6689,0.3625,-0.1232,360
trend_intensity__period20,trend_intensity,XLP,trend,0.3649,0.2161,-0.1339,348
trend_intensity__period30,trend_intensity,XLP,trend,0.3134,-0.2365,-0.1383,268
trend_intensity__period50,trend_intensity,XLP,trend,0.2346,0.1639,-0.0731,170
trend_intensity__period63,trend_intensity,XLP,trend,0.3323,0.1587,-0.0988,158
ma_regime_momentum__regime_ma200__mom_period126__skip21,ma_regime_momentum,XLP,trend,-0.2639,0.3467,-0.2223,295
ma_regime_momentum__regime_ma200__mom_period252__skip21,ma_regime_momentum,XLP,trend,0.1698,0.5309,-0.1634,197
ma_regime_momentum__regime_ma200__mom_period63__skip0,ma_regime_momentum,XLP,trend,-0.3158,0.2035,-0.2139,308
ma_regime_momentum__regime_ma100__mom_period126__skip21,ma_regime_momentum,XLP,trend,-0.0281,0.0822,-0.2473,325
ma_regime_momentum__regime_ma50__mom_period63__skip0,ma_regime_momentum,XLP,trend,-0.2612,0.0781,-0.2067,421
fisher_transform__period5,fisher_transform,XLP,trend,-0.3104,-0.3019,-0.2721,894
fisher_transform__period10,fisher_transform,XLP,trend,-0.3341,-0.204,-0.2285,617
fisher_transform__period20,fisher_transform,XLP,trend,-0.0982,0.0004,-0.2198,440
fisher_transform__period30,fisher_transform,XLP,trend,-0.0432,-0.2072,-0.3001,347
relative_vigor__period10,relative_vigor,XLP,trend,-0.4949,-0.5742,-0.4394,1113
relative_vigor__period14,relative_vigor,XLP,trend,-0.4949,-0.5742,-0.4394,1113
relative_vigor__period20,relative_vigor,XLP,trend,-0.4949,-0.5742,-0.4394,1113
chande_momentum__period14__threshold0.0,chande_momentum,XLP,trend,0.0945,0.2432,-0.2437,438
chande_momentum__period20__threshold0.0,chande_momentum,XLP,trend,0.1298,0.0367,-0.1954,332
chande_momentum__period20__threshold10.0,chande_momentum,XLP,trend,-0.1601,-0.3715,-0.2387,728
chande_momentum__period30__threshold0.0,chande_momentum,XLP,trend,0.1679,-0.3173,-0.3131,297
chande_momentum__period9__threshold0.0,chande_momentum,XLP,trend,-0.2434,0.1492,-0.1963,577
demarker__period14__hi_thresh0.7__lo_thresh0.3,demarker,XLP,meanrev,0.0847,0.4486,-0.0857,483
demarker__period14__hi_thresh0.8__lo_thresh0.2,demarker,XLP,meanrev,0.2435,0.2071,-0.0523,241
demarker__period21__hi_thresh0.7__lo_thresh0.3,demarker,XLP,meanrev,-0.1429,0.5078,-0.0594,315
demarker__period9__hi_thresh0.7__lo_thresh0.3,demarker,XLP,meanrev,-0.1449,-0.0399,-0.1447,693
stoch_rsi__rsi_period14__stoch_period14__lo20.0__hi80.0,stoch_rsi,XLP,meanrev,0.0587,-0.0454,-0.1801,728
stoch_rsi__rsi_period14__stoch_period14__lo10.0__hi90.0,stoch_rsi,XLP,meanrev,-0.056,0.1773,-0.1504,602
stoch_rsi__rsi_period7__stoch_period14__lo20.0__hi80.0,stoch_rsi,XLP,meanrev,-0.0293,0.0057,-0.16,754
stoch_rsi__rsi_period21__stoch_period21__lo20.0__hi80.0,stoch_rsi,XLP,meanrev,-0.2721,0.1792,-0.1315,589
hurst_regime__period100__trend_thresh0.55__mr_thresh0.45,hurst_regime,XLP,trend,0.0008,-0.0647,-0.1784,360
hurst_regime__period60__trend_thresh0.55__mr_thresh0.45,hurst_regime,XLP,trend,-0.2358,0.2266,-0.1302,571
hurst_regime__period100__trend_thresh0.58__mr_thresh0.42,hurst_regime,XLP,trend,0.2586,-0.5474,-0.1399,180
psych_line__period12__hi_thresh75.0__lo_thresh25.0,psych_line,XLP,meanrev,-0.1068,0.2708,-0.0272,96
psych_line__period12__hi_thresh65.0__lo_thresh35.0,psych_line,XLP,meanrev,0.0209,0.2244,-0.0985,623
psych_line__period20__hi_thresh70.0__lo_thresh30.0,psych_line,XLP,meanrev,-0.1159,0.1669,-0.023,100
er_regime__er_period10__mom_period20__er_thresh0.4,er_regime,XLP,trend,-0.7593,-0.2034,-0.2215,1583
er_regime__er_period10__mom_period20__er_thresh0.3,er_regime,XLP,trend,-0.6419,0.0882,-0.1475,1560
er_regime__er_period14__mom_period20__er_thresh0.4,er_regime,XLP,trend,-0.6536,-0.8982,-0.4004,1331
er_regime__er_period20__mom_period40__er_thresh0.4,er_regime,XLP,trend,-0.0519,-0.9345,-0.346,1047
er_regime__er_period10__mom_period10__er_thresh0.4,er_regime,XLP,trend,-0.1956,-0.0168,-0.2081,1818
mcginley_dynamic__fast5__slow20,mcginley_dynamic,XLP,trend,0.1398,0.1509,-0.19,192
mcginley_dynamic__fast10__slow40,mcginley_dynamic,XLP,trend,-0.0343,-0.1901,-0.2917,88
mcginley_dynamic__fast12__slow26,mcginley_dynamic,XLP,trend,0.1067,-0.1878,-0.249,104
mcginley_dynamic__fast5__slow14,mcginley_dynamic,XLP,trend,0.1965,0.0224,-0.269,256
cci_trend__period14__threshold50.0,cci_trend,XLP,trend,0.005,-0.1671,-0.2009,923
cci_trend__period20__threshold50.0,cci_trend,XLP,trend,0.0349,0.0346,-0.2035,756
cci_trend__period20__threshold100.0,cci_trend,XLP,trend,-0.3359,-0.6216,-0.2299,816
cci_trend__period30__threshold50.0,cci_trend,XLP,trend,0.0685,0.4911,-0.1312,589
cci_trend__period14__threshold100.0,cci_trend,XLP,trend,-0.2679,-0.2751,-0.1649,958
volume_roc__period10__signal_period5,volume_roc,XLP,volume,0.0284,0.1107,-0.0862,892
volume_roc__period14__signal_period10,volume_roc,XLP,volume,0.3396,1.2574,-0.053,663
volume_roc__period20__signal_period10,volume_roc,XLP,volume,0.1718,1.2694,-0.0551,530
volume_roc__period5__signal_period3,volume_roc,XLP,volume,-0.3656,0.351,-0.0984,1262
hv_ratio__fast_period10__slow_period100__thresh_hi1.5__thresh_lo0.7,hv_ratio,XLP,volatility,0.2746,0.1152,-0.1332,456
hv_ratio__fast_period10__slow_period60__thresh_hi1.5__thresh_lo0.7,hv_ratio,XLP,volatility,0.3222,-0.2342,-0.1483,425
hv_ratio__fast_period21__slow_period100__thresh_hi1.5__thresh_lo0.7,hv_ratio,XLP,volatility,0.4614,-0.1492,-0.1342,156
hv_ratio__fast_period10__slow_period100__thresh_hi2.0__thresh_lo0.5,hv_ratio,XLP,volatility,0.2965,0.1711,-0.0412,151
zscore_trend__z_period20__trend_period50__z_thresh1.5,zscore_trend,XLP,meanrev,0.637,-0.4824,-0.0506,98
zscore_trend__z_period20__trend_period50__z_thresh1.0,zscore_trend,XLP,meanrev,-0.2325,0.1647,-0.0367,194
zscore_trend__z_period20__trend_period100__z_thresh1.5,zscore_trend,XLP,meanrev,0.3649,-0.5466,-0.1209,196
zscore_trend__z_period30__trend_period100__z_thresh2.0,zscore_trend,XLP,meanrev,0.0982,-0.1219,-0.0487,52
cmo_fisher__fisher_period10__cmo_period14__score_thresh0.3,cmo_fisher,XLP,trend,-0.7317,-0.2015,-0.0959,862
cmo_fisher__fisher_period10__cmo_period14__score_thresh0.2,cmo_fisher,XLP,trend,-0.7239,-0.3938,-0.1662,953
cmo_fisher__fisher_period14__cmo_period20__score_thresh0.3,cmo_fisher,XLP,trend,-0.4144,-0.3351,-0.1112,684
cmo_fisher__fisher_period8__cmo_period14__score_thresh0.2,cmo_fisher,XLP,trend,-0.7274,-0.4252,-0.1751,1064
rvi_divergence__rvi_period10__lookback5,rvi_divergence,XLP,meanrev,-0.2857,0.2778,-0.0177,18
rvi_divergence__rvi_period10__lookback8,rvi_divergence,XLP,meanrev,0.0081,0.2285,-0.0126,24
rvi_divergence__rvi_period14__lookback5,rvi_divergence,XLP,meanrev,-0.2857,0.2778,-0.0177,18
adaptive_rsi__base_period14__fast_n2__slow_n30,adaptive_rsi,XLP,meanrev,0.0147,0.2481,-0.1848,234
adaptive_rsi__base_period14__fast_n2__slow_n60,adaptive_rsi,XLP,meanrev,0.0064,0.3669,-0.1751,236
adaptive_rsi__base_period9__fast_n2__slow_n30,adaptive_rsi,XLP,meanrev,-0.0972,-0.2413,-0.2462,342
adaptive_rsi__base_period21__fast_n2__slow_n30,adaptive_rsi,XLP,meanrev,-0.1819,0.3718,-0.1736,164
elder_impulse__ema_period8,elder_impulse,XLP,composite,-0.4532,-0.1049,-0.2105,1511
elder_impulse__ema_period13,elder_impulse,XLP,composite,-0.385,0.0243,-0.1895,1433
elder_impulse__ema_period20,elder_impulse,XLP,composite,-0.3652,0.0521,-0.1778,1376
klinger_osc__fast34__slow55__signal13,klinger_osc,XLP,volume,-0.2434,-0.1963,-0.2815,703
klinger_osc__fast21__slow34__signal9,klinger_osc,XLP,volume,-0.5885,-0.2755,-0.2956,902
klinger_osc__fast55__slow89__signal13,klinger_osc,XLP,volume,-0.0267,-0.1942,-0.2613,651
price_oscillator__fast10__slow30__signal9,price_oscillator,XLP,trend,-0.374,-0.0827,-0.2271,348
price_oscillator__fast12__slow26__signal9,price_oscillator,XLP,trend,-0.3408,0.2052,-0.171,328
price_oscillator__fast5__slow20__signal5,price_oscillator,XLP,trend,-0.4587,-0.387,-0.2877,598
price_oscillator__fast20__slow50__signal9,price_oscillator,XLP,trend,0.1383,-0.0739,-0.1822,212
baz_trend__ewmstd_span42,baz_trend,XLP,trend,0.0185,0.1508,-0.3025,70
baz_trend__ewmstd_span63,baz_trend,XLP,trend,0.0185,0.1508,-0.3025,70
baz_trend__ewmstd_span126,baz_trend,XLP,trend,0.0185,0.1508,-0.3025,70
intermediate_mom__start252__end126,intermediate_mom,XLP,trend,0.7555,0.8057,-0.1477,169
intermediate_mom__start189__end105,intermediate_mom,XLP,trend,0.4824,0.2617,-0.1506,192
intermediate_mom__start168__end84,intermediate_mom,XLP,trend,0.2925,0.1798,-0.2849,192
intermediate_mom__start252__end63,intermediate_mom,XLP,trend,0.7077,0.1904,-0.3021,76
mom_crash_protect__bear_lookback504__bear_thresh-0.2__damp0.0,mom_crash_protect,XLP,trend,0.807,0.634,-0.1663,78
mom_crash_protect__bear_lookback504__bear_thresh-0.2__damp0.25,mom_crash_protect,XLP,trend,0.807,0.634,-0.1663,78
mom_crash_protect__bear_lookback252__bear_thresh-0.2__damp0.0,mom_crash_protect,XLP,trend,0.807,0.634,-0.1663,78
mom_crash_protect__bear_lookback504__bear_thresh-0.25__damp0.0,mom_crash_protect,XLP,trend,0.807,0.634,-0.1663,78
consistent_mom__consistency_thresh0.5,consistent_mom,XLP,trend,0.7056,0.6383,-0.1371,253
consistent_mom__consistency_thresh0.58,consistent_mom,XLP,trend,0.6525,0.5319,-0.194,431
consistent_mom__consistency_thresh0.67,consistent_mom,XLP,trend,0.2104,0.1878,-0.0731,530
signed_range_mom__period10__threshold0.1,signed_range_mom,XLP,trend,-0.2483,-0.0647,-0.1908,979
signed_range_mom__period21__threshold0.1,signed_range_mom,XLP,trend,0.0081,-0.6564,-0.3147,654
signed_range_mom__period21__threshold0.15,signed_range_mom,XLP,trend,0.0763,-0.3736,-0.2552,533
signed_range_mom__period42__threshold0.1,signed_range_mom,XLP,trend,-0.0894,-0.2414,-0.1739,432
signed_range_mom__period63__threshold0.1,signed_range_mom,XLP,trend,-0.2764,-0.0593,-0.1831,327
multi_tsmom,multi_tsmom,XLP,trend,-0.1699,0.1279,-0.2406,352
"multi_tsmom__lookbacks(63, 126, 252)",multi_tsmom,XLP,trend,-0.0414,0.249,-0.2482,150
"multi_tsmom__lookbacks(21, 63, 252)",multi_tsmom,XLP,trend,-0.1562,0.054,-0.2185,245
"multi_tsmom__lookbacks(21, 63, 126, 252)__weights(0.4, 0.3, 0.2, 0.1)",multi_tsmom,XLP,trend,-0.2531,-0.0118,-0.2459,243
"multi_tsmom__lookbacks(21, 63, 126, 252)__weights(0.1, 0.2, 0.3, 0.4)",multi_tsmom,XLP,trend,0.0489,0.2211,-0.2485,185
ma_crossover__fast5__slow20__kindsma,ma_crossover,GLD,trend,0.2461,0.1431,-0.183,236
ma_crossover__fast10__slow30__kindsma,ma_crossover,GLD,trend,-0.0642,-0.2152,-0.2635,148
ma_crossover__fast20__slow50__kindsma,ma_crossover,GLD,trend,0.0301,0.1418,-0.1569,75
ma_crossover__fast50__slow100__kindsma,ma_crossover,GLD,trend,0.0998,0.1822,-0.2723,42
ma_crossover__fast50__slow200__kindsma,ma_crossover,GLD,trend,0.052,0.1672,-0.2486,22
ma_crossover__fast100__slow200__kindsma,ma_crossover,GLD,trend,0.1015,-0.038,-0.3228,20
ma_crossover__fast10__slow50__kindsma,ma_crossover,GLD,trend,-0.0087,0.0001,-0.234,93
ma_crossover__fast20__slow100__kindsma,ma_crossover,GLD,trend,0.157,0.0594,-0.2718,46
ma_crossover__fast5__slow20__kindema,ma_crossover,GLD,trend,0.1433,-0.0722,-0.1938,233
ma_crossover__fast12__slow26__kindema,ma_crossover,GLD,trend,0.2521,-0.3611,-0.3099,131
ma_crossover__fast10__slow50__kindema,ma_crossover,GLD,trend,0.0564,-0.0731,-0.2735,107
ma_crossover__fast20__slow100__kindema,ma_crossover,GLD,trend,0.2012,0.0925,-0.2528,52
ts_momentum__period21,ts_momentum,GLD,trend,-0.1886,-0.5386,-0.3378,378
ts_momentum__period42,ts_momentum,GLD,trend,0.2462,0.2008,-0.1822,232
ts_momentum__period63,ts_momentum,GLD,trend,0.3633,0.3573,-0.1962,159
ts_momentum__period126,ts_momentum,GLD,trend,0.5352,0.1368,-0.2904,109
ts_momentum__period252,ts_momentum,GLD,trend,0.0983,-0.3255,-0.4292,90
roc_momentum__period5,roc_momentum,GLD,trend,0.1656,-0.3606,-0.345,762
roc_momentum__period10,roc_momentum,GLD,trend,0.1415,-0.4442,-0.3301,546
roc_momentum__period20,roc_momentum,GLD,trend,-0.0852,-0.4668,-0.316,398
roc_momentum__period30,roc_momentum,GLD,trend,0.2891,-0.0903,-0.2546,279
roc_momentum__period60,roc_momentum,GLD,trend,0.3346,0.1704,-0.2163,168
macd_signal__fast12__slow26__signal9,macd_signal,GLD,trend,0.1458,-0.178,-0.2262,313
macd_signal__fast8__slow17__signal9,macd_signal,GLD,trend,0.2547,-0.0643,-0.2735,377
macd_signal__fast5__slow35__signal5,macd_signal,GLD,trend,0.2376,0.163,-0.3337,501
macd_signal__fast3__slow10__signal16,macd_signal,GLD,trend,0.2805,0.0994,-0.2887,539
donchian_breakout__period10,donchian_breakout,GLD,trend,0.0887,-0.2035,-0.1377,1014
donchian_breakout__period20,donchian_breakout,GLD,trend,0.2086,0.1965,-0.0945,700
donchian_breakout__period30,donchian_breakout,GLD,trend,0.3968,0.4902,-0.1006,536
donchian_breakout__period40,donchian_breakout,GLD,trend,0.3181,0.3752,-0.089,468
donchian_breakout__period55,donchian_breakout,GLD,trend,0.258,0.329,-0.0753,416
bb_breakout__period20__std1.5,bb_breakout,GLD,trend,0.2769,-0.2354,-0.1749,699
bb_breakout__period20__std2.0,bb_breakout,GLD,trend,0.243,0.6744,-0.066,420
bb_breakout__period20__std2.5,bb_breakout,GLD,trend,0.2445,0.9284,-0.0142,152
bb_breakout__period30__std2.0,bb_breakout,GLD,trend,0.2507,0.0246,-0.0766,366
bb_breakout__period50__std2.0,bb_breakout,GLD,trend,0.276,0.754,-0.0466,308
supertrend__period7__mult2.0,supertrend,GLD,trend,0.1316,0.0175,-0.2643,231
supertrend__period7__mult3.0,supertrend,GLD,trend,0.297,0.1448,-0.1693,131
supertrend__period10__mult3.0,supertrend,GLD,trend,0.1676,0.0766,-0.1906,135
supertrend__period14__mult2.0,supertrend,GLD,trend,0.2048,-0.1814,-0.2656,235
supertrend__period14__mult3.0,supertrend,GLD,trend,-0.0605,0.0495,-0.186,139
parabolic_sar__step0.01__max_af0.1,parabolic_sar,GLD,trend,-0.2074,-0.2164,-0.22,199
parabolic_sar__step0.02__max_af0.2,parabolic_sar,GLD,trend,0.4371,-0.0185,-0.2482,307
parabolic_sar__step0.03__max_af0.2,parabolic_sar,GLD,trend,0.369,-0.4638,-0.3706,389
parabolic_sar__step0.05__max_af0.2,parabolic_sar,GLD,trend,0.1719,-0.2653,-0.3357,501
adx_trend__period14__threshold20,adx_trend,GLD,trend,-0.3531,-0.0687,-0.2034,266
adx_trend__period14__threshold25,adx_trend,GLD,trend,-0.53,0.0512,-0.1604,175
adx_trend__period14__threshold30,adx_trend,GLD,trend,-0.3477,-0.2496,-0.1425,101
adx_trend__period21__threshold20,adx_trend,GLD,trend,-0.0604,-0.768,-0.253,128
adx_trend__period21__threshold25,adx_trend,GLD,trend,-0.267,-0.2642,-0.1109,75
ichimoku__tenkan9__kijun26__senkou_b52,ichimoku,GLD,trend,0.0262,-0.4343,-0.2933,504
ichimoku__tenkan7__kijun22__senkou_b44,ichimoku,GLD,trend,0.0195,-0.1488,-0.2347,563
linreg_slope__period10,linreg_slope,GLD,trend,0.4682,0.1122,-0.2172,363
linreg_slope__period20,linreg_slope,GLD,trend,0.0487,-0.0508,-0.1711,202
linreg_slope__period30,linreg_slope,GLD,trend,-0.0075,-0.4023,-0.3227,126
linreg_slope__period50,linreg_slope,GLD,trend,0.5111,0.1251,-0.2236,70
aroon__period14,aroon,GLD,trend,0.198,-0.2229,-0.2835,259
aroon__period25,aroon,GLD,trend,0.0295,-0.239,-0.2761,150
aroon__period50,aroon,GLD,trend,0.2021,0.1042,-0.2882,68
vortex__period10,vortex,GLD,trend,0.0389,-0.4294,-0.3488,507
vortex__period14,vortex,GLD,trend,0.3168,-0.5468,-0.3605,434
vortex__period21,vortex,GLD,trend,-0.1687,-0.3716,-0.274,344
trix__period9,trix,GLD,trend,0.0962,-0.2061,-0.2431,154
trix__period12,trix,GLD,trend,0.06,-0.2324,-0.3061,118
trix__period18,trix,GLD,trend,0.1157,0.152,-0.2112,78
hull_ma__period14,hull_ma,GLD,trend,0.3833,-0.2616,-0.3786,523
hull_ma__period20,hull_ma,GLD,trend,0.3158,-0.0846,-0.2317,402
hull_ma__period30,hull_ma,GLD,trend,0.3105,-0.1998,-0.2198,291
hull_ma__period50,hull_ma,GLD,trend,0.2153,-0.3416,-0.3067,190
kama__period5,kama,GLD,trend,-0.4106,0.4454,-0.1759,2054
kama__period10,kama,GLD,trend,-0.1124,0.0,0.0,139
kama__period20,kama,GLD,trend,0.7882,0.0,0.0,40
turtle__entry20__exit_p10,turtle,GLD,trend,0.2086,0.1965,-0.0945,700
turtle__entry55__exit_p20,turtle,GLD,trend,0.258,0.329,-0.0753,416
turtle__entry10__exit_p5,turtle,GLD,trend,0.0887,-0.2035,-0.1377,1014
dual_momentum__period63,dual_momentum,GLD,trend,0.4187,0.2423,-0.2314,160
dual_momentum__period126,dual_momentum,GLD,trend,0.4644,0.0982,-0.2607,109
dual_momentum__period252,dual_momentum,GLD,trend,0.2136,-0.2104,-0.3691,91
elder_ray__period13,elder_ray,GLD,trend,0.2159,-0.2128,-0.2682,605
elder_ray__period21,elder_ray,GLD,trend,0.0936,-0.1147,-0.2248,467
elder_ray__period34,elder_ray,GLD,trend,0.2119,-0.5694,-0.352,381
rsi_reversion__period7__lo30__hi70,rsi_reversion,GLD,meanrev,-0.2968,0.043,-0.1218,629
rsi_reversion__period7__lo25__hi75,rsi_reversion,GLD,meanrev,-0.0876,-0.5007,-0.1677,421
rsi_reversion__period14__lo30__hi70,rsi_reversion,GLD,meanrev,-0.1729,-0.5659,-0.1472,228
rsi_reversion__period14__lo25__hi75,rsi_reversion,GLD,meanrev,-0.0118,0.4679,-0.0836,110
rsi_reversion__period14__lo35__hi65,rsi_reversion,GLD,meanrev,0.0275,-0.354,-0.193,406
rsi_reversion__period21__lo30__hi70,rsi_reversion,GLD,meanrev,-0.0476,0.2851,-0.0732,106
rsi_reversion__period21__lo25__hi75,rsi_reversion,GLD,meanrev,0.4615,0.2894,-0.0318,44
rsi_reversion__period28__lo30__hi70,rsi_reversion,GLD,meanrev,0.5802,-0.0952,-0.0623,46
rsi_reversion__period30__lo30__hi70,rsi_reversion,GLD,meanrev,0.5952,-0.0164,-0.0558,42
rsi_reversion__period30__lo25__hi75,rsi_reversion,GLD,meanrev,0.278,0.1613,-0.0056,14
bb_reversion__period20__std1.5,bb_reversion,GLD,meanrev,-0.3809,0.1127,-0.1488,699
bb_reversion__period20__std2.0,bb_reversion,GLD,meanrev,-0.3352,-0.804,-0.1693,420
bb_reversion__period20__std2.5,bb_reversion,GLD,meanrev,-0.3054,-1.0176,-0.1132,152
bb_reversion__period30__std2.0,bb_reversion,GLD,meanrev,-0.3276,-0.1343,-0.0761,366
bb_reversion__period30__std2.5,bb_reversion,GLD,meanrev,-0.2012,-0.2719,-0.0476,146
bb_reversion__period50__std2.0,bb_reversion,GLD,meanrev,-0.3424,-0.8339,-0.181,308
zscore_reversion__period10__threshold1.0,zscore_reversion,GLD,meanrev,-0.3675,0.2641,-0.1397,1226
zscore_reversion__period20__threshold1.5,zscore_reversion,GLD,meanrev,-0.3809,0.1127,-0.1488,699
zscore_reversion__period20__threshold2.0,zscore_reversion,GLD,meanrev,-0.3352,-0.804,-0.1693,420
zscore_reversion__period30__threshold1.5,zscore_reversion,GLD,meanrev,-0.3681,-0.0906,-0.1507,557
zscore_reversion__period30__threshold2.0,zscore_reversion,GLD,meanrev,-0.3276,-0.1343,-0.0761,366
zscore_reversion__period60__threshold2.0,zscore_reversion,GLD,meanrev,0.0277,-0.7517,-0.2115,282
stochastic__k5__d3__lo20__hi80,stochastic,GLD,meanrev,-0.3683,0.3203,-0.1308,818
stochastic__k14__d3__lo20__hi80,stochastic,GLD,meanrev,-0.4024,0.1901,-0.1428,584
stochastic__k14__d3__lo30__hi70,stochastic,GLD,meanrev,-0.2985,-0.2621,-0.3152,603
stochastic__k14__d5__lo20__hi80,stochastic,GLD,meanrev,-0.3023,0.1558,-0.1152,436
stochastic__k21__d3__lo20__hi80,stochastic,GLD,meanrev,-0.1805,0.0006,-0.2106,482
cci_reversion__period14__threshold100,cci_reversion,GLD,meanrev,-0.3572,0.3724,-0.1257,933
cci_reversion__period14__threshold150,cci_reversion,GLD,meanrev,-0.6407,-0.4381,-0.1379,558
cci_reversion__period20__threshold100,cci_reversion,GLD,meanrev,-0.1797,0.1224,-0.1545,767
cci_reversion__period20__threshold150,cci_reversion,GLD,meanrev,-0.313,-0.2759,-0.148,497
cci_reversion__period30__threshold100,cci_reversion,GLD,meanrev,-0.1816,0.1109,-0.1256,595
williams_r__period14__lo-80__hi-20,williams_r,GLD,meanrev,-0.1178,-0.0687,-0.2408,1075
williams_r__period14__lo-90__hi-10,williams_r,GLD,meanrev,-0.3977,0.3993,-0.1292,972
williams_r__period21__lo-80__hi-20,williams_r,GLD,meanrev,-0.1155,-0.0393,-0.2476,836
williams_r__period28__lo-80__hi-20,williams_r,GLD,meanrev,-0.2773,-0.1963,-0.2141,688
keltner_reversion__period20__mult1.5,keltner_reversion,GLD,meanrev,-0.1395,0.147,-0.167,645
keltner_reversion__period20__mult2.0,keltner_reversion,GLD,meanrev,-0.0144,-0.6272,-0.2033,454
keltner_reversion__period20__mult2.5,keltner_reversion,GLD,meanrev,-0.0574,-0.5055,-0.1462,338
keltner_reversion__period30__mult2.0,keltner_reversion,GLD,meanrev,-0.1711,-0.3098,-0.1886,472
vwap_reversion__period20__z_thresh1.0,vwap_reversion,GLD,meanrev,-0.176,-0.086,-0.2151,786
vwap_reversion__period20__z_thresh1.5,vwap_reversion,GLD,meanrev,-0.0234,0.0289,-0.1993,642
vwap_reversion__period20__z_thresh2.0,vwap_reversion,GLD,meanrev,-0.1222,-0.7055,-0.2323,402
percent_b__period20__std2.0__lo0.05__hi0.95,percent_b,GLD,meanrev,-0.4803,-0.2332,-0.1626,546
percent_b__period20__std2.0__lo0.1__hi0.9,percent_b,GLD,meanrev,-0.3939,0.1207,-0.1647,666
percent_b__period20__std2.0__lo0.2__hi0.8,percent_b,GLD,meanrev,-0.2141,0.2594,-0.1263,819
percent_b__period30__std2.0__lo0.2__hi0.8,percent_b,GLD,meanrev,-0.1611,0.1393,-0.1357,663
connors_rsi__rsi_period3__streak_period2__rank_period100,connors_rsi,GLD,meanrev,-0.2453,-0.5026,-0.199,1183
connors_rsi__rsi_period2__streak_period3__rank_period100,connors_rsi,GLD,meanrev,-0.2894,-0.6265,-0.2502,1250
ultimate_osc__p17__p214__p328,ultimate_osc,GLD,meanrev,-0.1842,-0.0064,-0.081,196
ultimate_osc__p14__p28__p316,ultimate_osc,GLD,meanrev,-0.2257,0.4902,-0.0717,526
gap_fade__threshold0.01,gap_fade,GLD,meanrev,-0.0127,0.4217,-0.0777,870
gap_fade__threshold0.015,gap_fade,GLD,meanrev,-0.0634,0.1686,-0.0406,279
gap_fade__threshold0.02,gap_fade,GLD,meanrev,0.4,0.1126,-0.0236,132
obv_trend__period10,obv_trend,GLD,volume,-0.1274,-1.0891,-0.5047,795
obv_trend__period20,obv_trend,GLD,volume,-0.0097,-0.637,-0.3677,523
obv_trend__period50,obv_trend,GLD,volume,0.0002,-0.3784,-0.2716,337
chaikin_mf__period10,chaikin_mf,GLD,volume,-0.007,-0.0337,-0.2613,567
chaikin_mf__period20,chaikin_mf,GLD,volume,0.5816,-0.5166,-0.3509,351
chaikin_mf__period21,chaikin_mf,GLD,volume,0.392,-0.2449,-0.2861,321
mfi__period10,mfi,GLD,volume,0.0564,-0.2167,-0.0997,272
mfi__period14,mfi,GLD,volume,0.1326,-0.3486,-0.0702,136
mfi__period21,mfi,GLD,volume,0.2286,0.0822,-0.0347,50
volume_surge__period10__mult1.5,volume_surge,GLD,volume,0.4168,0.2866,-0.1067,584
volume_surge__period20__mult2.0,volume_surge,GLD,volume,0.0322,0.0652,-0.035,204
volume_surge__period20__mult3.0,volume_surge,GLD,volume,-0.393,-0.6042,-0.0192,22
force_index__period2,force_index,GLD,volume,-0.2964,-0.3576,-0.2924,1342
force_index__period13,force_index,GLD,volume,0.2409,-0.0738,-0.203,458
force_index__period20,force_index,GLD,volume,0.0132,-0.0567,-0.243,340
chaikin_osc__fast3__slow10,chaikin_osc,GLD,volume,-0.0309,-0.3138,-0.3287,431
chaikin_osc__fast3__slow12,chaikin_osc,GLD,volume,-0.1907,0.0899,-0.1723,389
chaikin_osc__fast5__slow12,chaikin_osc,GLD,volume,-0.0488,-0.3085,-0.259,295
atr_breakout__period10__mult1.5,atr_breakout,GLD,volatility,-0.0477,0.0602,-0.0946,700
atr_breakout__period14__mult1.5,atr_breakout,GLD,volatility,0.0396,-0.2227,-0.1226,708
atr_breakout__period14__mult2.0,atr_breakout,GLD,volatility,-0.1077,0.158,-0.069,506
atr_breakout__period20__mult2.0,atr_breakout,GLD,volatility,0.0437,-0.1345,-0.1092,522
atr_breakout__period20__mult2.5,atr_breakout,GLD,volatility,0.1044,0.1833,-0.0847,388
vol_breakout__period10__mult0.5,vol_breakout,GLD,volatility,-0.4506,-0.0726,-0.2855,2596
vol_breakout__period20__mult1.0,vol_breakout,GLD,volatility,-0.261,-0.1429,-0.1528,2142
vol_breakout__period20__mult1.5,vol_breakout,GLD,volatility,0.0969,0.0352,-0.1126,1416
vol_breakout__period30__mult1.0,vol_breakout,GLD,volatility,-0.2538,-0.2869,-0.1777,2132
squeeze_breakout__bb_period20__kc_period20__bb_std2.0__kc_mult1.5,squeeze_breakout,GLD,volatility,0.0582,-0.0559,-0.2351,195
squeeze_breakout__bb_period20__kc_period20__bb_std2.0__kc_mult1.0,squeeze_breakout,GLD,volatility,0.1181,-0.2106,-0.274,121
squeeze_breakout__bb_period30__kc_period30__bb_std2.0__kc_mult1.5,squeeze_breakout,GLD,volatility,0.3319,-0.2675,-0.317,87
engulfing,engulfing,GLD,pattern,-0.4616,0.009,-0.0764,351
three_bar_reversal,three_bar_reversal,GLD,pattern,-0.2282,-0.225,-0.1997,864
higher_highs_lows__period5,higher_highs_lows,GLD,pattern,0.2929,-0.3699,-0.3156,834
higher_highs_lows__period10,higher_highs_lows,GLD,pattern,0.016,-0.3041,-0.257,432
higher_highs_lows__period20,higher_highs_lows,GLD,pattern,-0.072,-0.3339,-0.2936,251
pivot_bounce__period5,pivot_bounce,GLD,pattern,-0.3138,0.3504,-0.091,1133
pivot_bounce__period10,pivot_bounce,GLD,pattern,0.1518,0.5193,-0.1012,1057
pivot_bounce__period20,pivot_bounce,GLD,pattern,0.0613,0.1374,-0.1077,881
macd_rsi_combo__fast12__slow26__signal9__rsi_period14__rsi_lo40__rsi_hi60,macd_rsi_combo,GLD,composite,0.1453,-0.1242,-0.1297,530
macd_rsi_combo__fast12__slow26__signal9__rsi_period14__rsi_lo45__rsi_hi55,macd_rsi_combo,GLD,composite,0.0969,-0.294,-0.1711,695
macd_rsi_combo__fast8__slow21__signal5__rsi_period14__rsi_lo40__rsi_hi60,macd_rsi_combo,GLD,composite,0.0561,-0.1225,-0.1484,544
macd_rsi_combo__fast5__slow35__signal5__rsi_period14__rsi_lo40__rsi_hi60,macd_rsi_combo,GLD,composite,0.0923,-0.0733,-0.1446,566
triple_screen__trend_period20__osc_period14__osc_lo40__osc_hi60,triple_screen,GLD,composite,0.0,0.0,0.0,0
triple_screen__trend_period30__osc_period14__osc_lo40__osc_hi60,triple_screen,GLD,composite,0.0,0.0,0.0,0
triple_screen__trend_period50__osc_period14__osc_lo35__osc_hi65,triple_screen,GLD,composite,0.0,0.0,0.0,0
triple_screen__trend_period20__osc_period7__osc_lo30__osc_hi70,triple_screen,GLD,composite,0.0,0.0,0.0,0
chandelier_exit__period14__mult2.0,chandelier_exit,GLD,composite,0.4258,-0.0727,-0.2636,567
chandelier_exit__period22__mult3.0,chandelier_exit,GLD,composite,0.1412,-0.8527,-0.4487,424
chandelier_exit__period22__mult2.0,chandelier_exit,GLD,composite,0.1642,-0.2543,-0.3101,645
chandelier_exit__period10__mult2.0,chandelier_exit,GLD,composite,0.4093,-0.2083,-0.3133,550
high52_momentum__period252__threshold0.7,high52_momentum,GLD,trend,0.0322,-0.1622,-0.3186,217
high52_momentum__period252__threshold0.75,high52_momentum,GLD,trend,0.1395,-0.4346,-0.3794,235
high52_momentum__period252__threshold0.8,high52_momentum,GLD,trend,-0.0714,-0.2893,-0.2866,266
high52_momentum__period126__threshold0.7,high52_momentum,GLD,trend,0.1885,-0.1841,-0.2935,314
high52_momentum__period126__threshold0.75,high52_momentum,GLD,trend,0.1252,-0.2557,-0.2932,328
short_reversal__period5,short_reversal,GLD,meanrev,-0.29,0.2019,-0.2455,762
short_reversal__period10,short_reversal,GLD,meanrev,-0.2256,0.3212,-0.2317,546
short_reversal__period15,short_reversal,GLD,meanrev,-0.396,0.0279,-0.2387,429
short_reversal__period20,short_reversal,GLD,meanrev,0.0173,0.3908,-0.2,398
low_vol_regime__period20__ma_period60,low_vol_regime,GLD,volatility,0.2219,-0.0843,-0.1159,180
low_vol_regime__period20__ma_period120,low_vol_regime,GLD,volatility,0.1724,-0.7004,-0.2243,171
low_vol_regime__period60__ma_period120,low_vol_regime,GLD,volatility,0.0903,-0.6926,-0.1809,66
low_vol_regime__period20__ma_period252,low_vol_regime,GLD,volatility,0.0227,-0.6498,-0.2311,187
low_vol_regime__period60__ma_period252,low_vol_regime,GLD,volatility,-0.0954,-0.315,-0.1855,55
low_vol_regime__period120__ma_period252,low_vol_regime,GLD,volatility,-0.119,-0.0225,-0.1291,36
nr_breakout__nr_period4__exit_bars3,nr_breakout,GLD,pattern,-0.1902,-0.06,-0.2091,1009
nr_breakout__nr_period4__exit_bars5,nr_breakout,GLD,pattern,-0.186,-0.2749,-0.2884,749
nr_breakout__nr_period7__exit_bars3,nr_breakout,GLD,pattern,-0.189,-0.5489,-0.1929,728
nr_breakout__nr_period7__exit_bars5,nr_breakout,GLD,pattern,-0.3866,-0.1734,-0.1339,603
nr_breakout__nr_period10__exit_bars5,nr_breakout,GLD,pattern,-0.4832,-0.608,-0.2085,479
nr_breakout__nr_period10__exit_bars10,nr_breakout,GLD,pattern,-0.235,-0.089,-0.142,393
overnight_gap__period1__threshold0.001,overnight_gap,GLD,volume,-0.1127,-0.2634,-0.3531,2348
overnight_gap__period1__threshold0.003,overnight_gap,GLD,volume,-0.1224,0.0027,-0.2696,2536
overnight_gap__period3__threshold0.001,overnight_gap,GLD,volume,0.1825,-0.7157,-0.383,1497
overnight_gap__period3__threshold0.003,overnight_gap,GLD,volume,0.1692,-0.1499,-0.2392,1318
overnight_gap__period5__threshold0.001,overnight_gap,GLD,volume,0.2527,-0.6327,-0.3638,1221
overnight_gap__period5__threshold0.003,overnight_gap,GLD,volume,0.0482,-0.3281,-0.2751,835
coppock_curve__roc1252__roc2189__wma_period63,coppock_curve,GLD,trend,0.1284,-0.039,-0.3201,14
coppock_curve__roc1189__roc2126__wma_period42,coppock_curve,GLD,trend,0.1503,-0.0359,-0.3296,18
coppock_curve__roc1126__roc2100__wma_period21,coppock_curve,GLD,trend,0.3736,-0.2911,-0.39,34
bll_filter__pct0.005__hold0,bll_filter,GLD,trend,0.1913,-0.4171,-0.3501,1064
bll_filter__pct0.01__hold0,bll_filter,GLD,trend,0.0395,-0.2641,-0.3158,670
bll_filter__pct0.02__hold0,bll_filter,GLD,trend,0.0207,-0.2704,-0.2491,316
bll_filter__pct0.005__hold10,bll_filter,GLD,trend,0.2219,-0.3724,-0.3454,1132
bll_filter__pct0.01__hold10,bll_filter,GLD,trend,0.0814,-0.5003,-0.3454,809
bll_filter__pct0.01__hold20,bll_filter,GLD,trend,0.0292,-0.331,-0.344,698
bll_filter__pct0.02__hold10,bll_filter,GLD,trend,0.0453,-0.4275,-0.3375,530
frog_in_pan__lookback252__skip21__id_cutoff0.5,frog_in_pan,GLD,trend,0.3014,0.2344,-0.2375,155
frog_in_pan__lookback252__skip21__id_cutoff0.45,frog_in_pan,GLD,trend,0.4734,-0.4767,-0.2006,59
frog_in_pan__lookback252__skip0__id_cutoff0.5,frog_in_pan,GLD,trend,0.0329,0.2255,-0.2217,155
frog_in_pan__lookback126__skip21__id_cutoff0.5,frog_in_pan,GLD,trend,0.1653,0.2851,-0.2507,188
frog_in_pan__lookback126__skip21__id_cutoff0.45,frog_in_pan,GLD,trend,0.0738,0.5901,-0.0577,163
vol_mom__mom_period126__vol_period126__skip21__vol_weight0.5,vol_mom,GLD,composite,-0.0695,0.1409,-0.2037,143
vol_mom__mom_period126__vol_period126__skip0__vol_weight0.5,vol_mom,GLD,composite,0.2394,0.1695,-0.2027,147
vol_mom__mom_period252__vol_period126__skip21__vol_weight0.5,vol_mom,GLD,composite,0.1363,0.192,-0.2124,132
vol_mom__mom_period63__vol_period63__skip0__vol_weight0.3,vol_mom,GLD,composite,0.3358,0.3573,-0.1962,148
vol_mom__mom_period126__vol_period126__skip21__vol_weight0.3,vol_mom,GLD,composite,0.0304,0.1093,-0.3058,110
seasonality__n_years2,seasonality,GLD,pattern,0.2669,-0.1347,-0.2492,80
seasonality__n_years3,seasonality,GLD,pattern,0.0449,0.189,-0.1777,86
seasonality__n_years5,seasonality,GLD,pattern,0.0807,-0.4167,-0.4098,100
residual_mom__lookback252__skip21,residual_mom,GLD,trend,0.2614,-0.0094,-0.3036,94
residual_mom__lookback252__skip0,residual_mom,GLD,trend,0.2331,-0.2803,-0.4183,94
residual_mom__lookback126__skip21,residual_mom,GLD,trend,0.2665,-0.1537,-0.387,112
vol_scaled_mom__rv_window21__vol_target0.12__damp0.5,vol_scaled_mom,GLD,trend,0.3436,0.2254,-0.2764,2275
vol_scaled_mom__rv_window21__vol_target0.08__damp0.5,vol_scaled_mom,GLD,trend,0.3224,0.142,-0.2357,3370
vol_scaled_mom__rv_window63__vol_target0.12__damp0.5,vol_scaled_mom,GLD,trend,0.3427,0.236,-0.2688,2530
vol_scaled_mom__rv_window21__vol_target0.12__damp0.0,vol_scaled_mom,GLD,trend,0.3419,0.2254,-0.2764,2245
vol_scaled_mom__rv_window21__vol_target0.15__damp0.5,vol_scaled_mom,GLD,trend,0.3423,0.2231,-0.2863,1443
dema_crossover__fast5__slow20,dema_crossover,GLD,trend,0.0885,-0.2538,-0.2772,435
dema_crossover__fast10__slow40,dema_crossover,GLD,trend,0.1277,-0.3393,-0.2784,221
dema_crossover__fast12__slow26,dema_crossover,GLD,trend,0.243,-0.1179,-0.2862,225
dema_crossover__fast20__slow50,dema_crossover,GLD,trend,0.0585,0.2205,-0.3333,131
dema_crossover__fast10__slow30,dema_crossover,GLD,trend,0.1906,0.0326,-0.2405,233
tema_crossover__fast5__slow20,tema_crossover,GLD,trend,0.3775,-0.379,-0.3493,546
tema_crossover__fast10__slow40,tema_crossover,GLD,trend,0.325,-0.2252,-0.2771,281
tema_crossover__fast12__slow26,tema_crossover,GLD,trend,0.2629,0.1899,-0.14,285
tema_crossover__fast20__slow50,tema_crossover,GLD,trend,0.0574,0.2726,-0.1557,175
tema_crossover__fast10__slow30,tema_crossover,GLD,trend,0.2998,-0.1476,-0.2208,305
price_acceleration__period10__smooth3,price_acceleration,GLD,trend,0.1421,-0.3584,-0.3562,983
price_acceleration__period20__smooth5,price_acceleration,GLD,trend,0.3911,-0.9489,-0.4801,770
price_acceleration__period20__smooth3,price_acceleration,GLD,trend,0.5286,-0.496,-0.3283,986
price_acceleration__period30__smooth5,price_acceleration,GLD,trend,0.3557,-0.1113,-0.2583,751
price_acceleration__period40__smooth10,price_acceleration,GLD,trend,-0.0802,0.2705,-0.17,564
price_acceleration__period10__smooth5,price_acceleration,GLD,trend,-0.0173,-0.0349,-0.2936,754
turn_of_month__days_before3__days_after3,turn_of_month,GLD,pattern,0.7733,-0.0948,-0.2053,360
turn_of_month__days_before4__days_after4,turn_of_month,GLD,pattern,0.5231,-0.4546,-0.3094,360
turn_of_month__days_before5__days_after5,turn_of_month,GLD,pattern,0.6374,-0.4656,-0.3405,360
turn_of_month__days_before3__days_after5,turn_of_month,GLD,pattern,0.7192,-0.2646,-0.2706,360
trend_intensity__period20,trend_intensity,GLD,trend,0.2253,0.3789,-0.0936,446
trend_intensity__period30,trend_intensity,GLD,trend,0.2417,-0.0372,-0.1486,304
trend_intensity__period50,trend_intensity,GLD,trend,0.4257,-0.4134,-0.1582,218
trend_intensity__period63,trend_intensity,GLD,trend,0.1925,0.4493,-0.1573,203
ma_regime_momentum__regime_ma200__mom_period126__skip21,ma_regime_momentum,GLD,trend,0.037,0.0843,-0.255,236
ma_regime_momentum__regime_ma200__mom_period252__skip21,ma_regime_momentum,GLD,trend,0.0932,0.1736,-0.2295,219
ma_regime_momentum__regime_ma200__mom_period63__skip0,ma_regime_momentum,GLD,trend,0.1746,0.2197,-0.1995,279
ma_regime_momentum__regime_ma100__mom_period126__skip21,ma_regime_momentum,GLD,trend,0.177,0.0907,-0.238,262
ma_regime_momentum__regime_ma50__mom_period63__skip0,ma_regime_momentum,GLD,trend,0.3009,0.0178,-0.2393,388
fisher_transform__period5,fisher_transform,GLD,trend,-0.053,-0.3963,-0.2982,912
fisher_transform__period10,fisher_transform,GLD,trend,0.0834,-0.0244,-0.3026,599
fisher_transform__period20,fisher_transform,GLD,trend,0.139,-0.0404,-0.257,404
fisher_transform__period30,fisher_transform,GLD,trend,-0.0192,-0.6355,-0.3817,331
relative_vigor__period10,relative_vigor,GLD,trend,-0.0738,0.3032,-0.1833,1115
relative_vigor__period14,relative_vigor,GLD,trend,-0.0738,0.3032,-0.1833,1115
relative_vigor__period20,relative_vigor,GLD,trend,-0.0738,0.3032,-0.1833,1115
chande_momentum__period14__threshold0.0,chande_momentum,GLD,trend,0.2984,-0.305,-0.3027,443
chande_momentum__period20__threshold0.0,chande_momentum,GLD,trend,-0.0892,-0.4668,-0.316,399
chande_momentum__period20__threshold10.0,chande_momentum,GLD,trend,-0.0549,-0.5014,-0.2809,716
chande_momentum__period30__threshold0.0,chande_momentum,GLD,trend,0.287,-0.0903,-0.2546,280
chande_momentum__period9__threshold0.0,chande_momentum,GLD,trend,0.2245,-0.3291,-0.2503,573
demarker__period14__hi_thresh0.7__lo_thresh0.3,demarker,GLD,meanrev,-0.2057,-0.0956,-0.1743,456
demarker__period14__hi_thresh0.8__lo_thresh0.2,demarker,GLD,meanrev,0.1365,0.2176,-0.0867,236
demarker__period21__hi_thresh0.7__lo_thresh0.3,demarker,GLD,meanrev,0.003,0.2279,-0.1135,282
demarker__period9__hi_thresh0.7__lo_thresh0.3,demarker,GLD,meanrev,-0.4103,-0.2446,-0.2608,702
stoch_rsi__rsi_period14__stoch_period14__lo20.0__hi80.0,stoch_rsi,GLD,meanrev,-0.2994,-0.1161,-0.2393,706
stoch_rsi__rsi_period14__stoch_period14__lo10.0__hi90.0,stoch_rsi,GLD,meanrev,-0.1878,-0.2554,-0.1718,610
stoch_rsi__rsi_period7__stoch_period14__lo20.0__hi80.0,stoch_rsi,GLD,meanrev,-0.3606,-0.1332,-0.2127,760
stoch_rsi__rsi_period21__stoch_period21__lo20.0__hi80.0,stoch_rsi,GLD,meanrev,-0.3613,0.2956,-0.2192,584
hurst_regime__period100__trend_thresh0.55__mr_thresh0.45,hurst_regime,GLD,trend,-0.0408,-0.2814,-0.1881,364
hurst_regime__period60__trend_thresh0.55__mr_thresh0.45,hurst_regime,GLD,trend,0.3513,-0.1645,-0.1787,499
hurst_regime__period100__trend_thresh0.58__mr_thresh0.42,hurst_regime,GLD,trend,0.3382,-0.6833,-0.187,169
psych_line__period12__hi_thresh75.0__lo_thresh25.0,psych_line,GLD,meanrev,0.2795,0.2181,-0.0616,112
psych_line__period12__hi_thresh65.0__lo_thresh35.0,psych_line,GLD,meanrev,0.091,0.3757,-0.1358,620
psych_line__period20__hi_thresh70.0__lo_thresh30.0,psych_line,GLD,meanrev,0.0926,0.2495,-0.0357,74
er_regime__er_period10__mom_period20__er_thresh0.4,er_regime,GLD,trend,0.156,0.3626,-0.1423,1516
er_regime__er_period10__mom_period20__er_thresh0.3,er_regime,GLD,trend,0.17,0.2865,-0.1794,1548
er_regime__er_period14__mom_period20__er_thresh0.4,er_regime,GLD,trend,0.0893,0.1831,-0.2163,1365
er_regime__er_period20__mom_period40__er_thresh0.4,er_regime,GLD,trend,-0.263,-0.0092,-0.1876,1036
er_regime__er_period10__mom_period10__er_thresh0.4,er_regime,GLD,trend,0.0753,0.6196,-0.1772,1676
mcginley_dynamic__fast5__slow20,mcginley_dynamic,GLD,trend,0.2433,-0.3246,-0.2604,205
mcginley_dynamic__fast10__slow40,mcginley_dynamic,GLD,trend,0.0855,-0.2897,-0.3838,117
mcginley_dynamic__fast12__slow26,mcginley_dynamic,GLD,trend,0.1422,-0.3886,-0.3393,115
mcginley_dynamic__fast5__slow14,mcginley_dynamic,GLD,trend,0.2971,-0.2416,-0.2612,271
cci_trend__period14__threshold50.0,cci_trend,GLD,trend,0.1573,-0.1788,-0.2195,968
cci_trend__period20__threshold50.0,cci_trend,GLD,trend,0.2306,-0.2673,-0.2457,798
cci_trend__period20__threshold100.0,cci_trend,GLD,trend,0.082,-0.2395,-0.1963,767
cci_trend__period30__threshold50.0,cci_trend,GLD,trend,0.1128,-0.4299,-0.2722,699
cci_trend__period14__threshold100.0,cci_trend,GLD,trend,0.2357,-0.518,-0.2206,933
volume_roc__period10__signal_period5,volume_roc,GLD,volume,0.1075,-0.0564,-0.1536,929
volume_roc__period14__signal_period10,volume_roc,GLD,volume,0.655,-0.0539,-0.1597,697
volume_roc__period20__signal_period10,volume_roc,GLD,volume,0.2436,-0.1256,-0.2083,607
volume_roc__period5__signal_period3,volume_roc,GLD,volume,-0.1788,-0.1854,-0.1813,1287
hv_ratio__fast_period10__slow_period100__thresh_hi1.5__thresh_lo0.7,hv_ratio,GLD,volatility,0.2883,0.4317,-0.1367,443
hv_ratio__fast_period10__slow_period60__thresh_hi1.5__thresh_lo0.7,hv_ratio,GLD,volatility,0.0216,0.6343,-0.0655,432
hv_ratio__fast_period21__slow_period100__thresh_hi1.5__thresh_lo0.7,hv_ratio,GLD,volatility,-0.0177,0.18,-0.092,165
hv_ratio__fast_period10__slow_period100__thresh_hi2.0__thresh_lo0.5,hv_ratio,GLD,volatility,0.3896,0.0064,-0.0511,140
zscore_trend__z_period20__trend_period50__z_thresh1.5,zscore_trend,GLD,meanrev,-0.0284,0.0529,-0.0522,76
zscore_trend__z_period20__trend_period50__z_thresh1.0,zscore_trend,GLD,meanrev,-0.1765,0.3403,-0.0593,186
zscore_trend__z_period20__trend_period100__z_thresh1.5,zscore_trend,GLD,meanrev,0.0158,0.1336,-0.0634,174
zscore_trend__z_period30__trend_period100__z_thresh2.0,zscore_trend,GLD,meanrev,0.3599,0.3038,-0.0124,46
cmo_fisher__fisher_period10__cmo_period14__score_thresh0.3,cmo_fisher,GLD,trend,0.0769,0.0622,-0.1174,767
cmo_fisher__fisher_period10__cmo_period14__score_thresh0.2,cmo_fisher,GLD,trend,0.0936,-0.0748,-0.1325,893
cmo_fisher__fisher_period14__cmo_period20__score_thresh0.3,cmo_fisher,GLD,trend,-0.067,0.1974,-0.0809,636
cmo_fisher__fisher_period8__cmo_period14__score_thresh0.2,cmo_fisher,GLD,trend,0.1956,-0.1648,-0.1535,988
rvi_divergence__rvi_period10__lookback5,rvi_divergence,GLD,meanrev,0.1568,0.3399,-0.0162,16
rvi_divergence__rvi_period10__lookback8,rvi_divergence,GLD,meanrev,0.2213,0.0153,-0.0134,6
rvi_divergence__rvi_period14__lookback5,rvi_divergence,GLD,meanrev,0.1568,0.3399,-0.0162,16
adaptive_rsi__base_period14__fast_n2__slow_n30,adaptive_rsi,GLD,meanrev,0.0463,0.4211,-0.1877,275
adaptive_rsi__base_period14__fast_n2__slow_n60,adaptive_rsi,GLD,meanrev,-0.0117,0.4863,-0.1858,251
adaptive_rsi__base_period9__fast_n2__slow_n30,adaptive_rsi,GLD,meanrev,-0.1678,-0.3797,-0.3153,395
adaptive_rsi__base_period21__fast_n2__slow_n30,adaptive_rsi,GLD,meanrev,0.0019,-0.2015,-0.2632,187
elder_impulse__ema_period8,elder_impulse,GLD,composite,-0.0282,-0.3064,-0.3266,1425
elder_impulse__ema_period13,elder_impulse,GLD,composite,0.1452,-0.2749,-0.2976,1350
elder_impulse__ema_period20,elder_impulse,GLD,composite,0.039,-0.3202,-0.2895,1305
klinger_osc__fast34__slow55__signal13,klinger_osc,GLD,volume,-0.2491,0.368,-0.1542,683
klinger_osc__fast21__slow34__signal9,klinger_osc,GLD,volume,0.1344,0.2525,-0.2563,848
klinger_osc__fast55__slow89__signal13,klinger_osc,GLD,volume,-0.2012,0.121,-0.2061,663
price_oscillator__fast10__slow30__signal9,price_oscillator,GLD,trend,0.2932,-0.3158,-0.2431,321
price_oscillator__fast12__slow26__signal9,price_oscillator,GLD,trend,0.1791,-0.1025,-0.2262,305
price_oscillator__fast5__slow20__signal5,price_oscillator,GLD,trend,0.4213,-0.0941,-0.3264,541
price_oscillator__fast20__slow50__signal9,price_oscillator,GLD,trend,0.1235,-0.0302,-0.2615,213
baz_trend__ewmstd_span42,baz_trend,GLD,trend,0.0813,0.2889,-0.1842,82
baz_trend__ewmstd_span63,baz_trend,GLD,trend,0.0813,0.2889,-0.1842,82
baz_trend__ewmstd_span126,baz_trend,GLD,trend,0.0813,0.2889,-0.1842,82
intermediate_mom__start252__end126,intermediate_mom,GLD,trend,0.2549,-0.446,-0.3829,109
intermediate_mom__start189__end105,intermediate_mom,GLD,trend,-0.0811,-0.0123,-0.2663,171
intermediate_mom__start168__end84,intermediate_mom,GLD,trend,0.1767,0.2622,-0.2672,171
intermediate_mom__start252__end63,intermediate_mom,GLD,trend,0.3008,0.0258,-0.3016,121
mom_crash_protect__bear_lookback504__bear_thresh-0.2__damp0.0,mom_crash_protect,GLD,trend,0.2209,0.1599,-0.2899,135
mom_crash_protect__bear_lookback504__bear_thresh-0.2__damp0.25,mom_crash_protect,GLD,trend,0.2259,0.1806,-0.2899,135
mom_crash_protect__bear_lookback252__bear_thresh-0.2__damp0.0,mom_crash_protect,GLD,trend,0.2352,0.2405,-0.2899,108
mom_crash_protect__bear_lookback504__bear_thresh-0.25__damp0.0,mom_crash_protect,GLD,trend,0.2287,0.2102,-0.2899,127
consistent_mom__consistency_thresh0.5,consistent_mom,GLD,trend,0.1094,0.1127,-0.2412,633
consistent_mom__consistency_thresh0.58,consistent_mom,GLD,trend,0.3015,0.1194,-0.1775,569
consistent_mom__consistency_thresh0.67,consistent_mom,GLD,trend,0.0114,0.0089,-0.0842,265
signed_range_mom__period10__threshold0.1,signed_range_mom,GLD,trend,-0.329,-0.2207,-0.2501,1116
signed_range_mom__period21__threshold0.1,signed_range_mom,GLD,trend,0.0218,0.4403,-0.1306,741
signed_range_mom__period21__threshold0.15,signed_range_mom,GLD,trend,-0.0304,0.4396,-0.1612,613
signed_range_mom__period42__threshold0.1,signed_range_mom,GLD,trend,0.1553,0.4069,-0.1025,417
signed_range_mom__period63__threshold0.1,signed_range_mom,GLD,trend,-0.0783,0.0685,-0.1444,291
multi_tsmom,multi_tsmom,GLD,trend,0.2079,-0.0185,-0.2767,374
"multi_tsmom__lookbacks(63, 126, 252)",multi_tsmom,GLD,trend,0.3135,0.1333,-0.2812,145
"multi_tsmom__lookbacks(21, 63, 252)",multi_tsmom,GLD,trend,0.1599,0.1566,-0.2511,242
"multi_tsmom__lookbacks(21, 63, 126, 252)__weights(0.4, 0.3, 0.2, 0.1)",multi_tsmom,GLD,trend,0.1363,-0.1681,-0.3397,261
"multi_tsmom__lookbacks(21, 63, 126, 252)__weights(0.1, 0.2, 0.3, 0.4)",multi_tsmom,GLD,trend,0.256,0.1928,-0.2353,210
ma_crossover__fast5__slow20__kindsma,ma_crossover,USO,trend,0.1766,0.4366,-0.4454,233
ma_crossover__fast10__slow30__kindsma,ma_crossover,USO,trend,0.1703,0.8342,-0.3313,125
ma_crossover__fast20__slow50__kindsma,ma_crossover,USO,trend,0.4004,0.1097,-0.4208,78
ma_crossover__fast50__slow100__kindsma,ma_crossover,USO,trend,0.0823,-0.0994,-0.6257,35
ma_crossover__fast50__slow200__kindsma,ma_crossover,USO,trend,-0.0779,0.2176,-0.4229,28
ma_crossover__fast100__slow200__kindsma,ma_crossover,USO,trend,-0.044,0.1392,-0.4056,26
ma_crossover__fast10__slow50__kindsma,ma_crossover,USO,trend,0.4055,0.0645,-0.5121,104
ma_crossover__fast20__slow100__kindsma,ma_crossover,USO,trend,0.0235,0.2443,-0.4919,52
ma_crossover__fast5__slow20__kindema,ma_crossover,USO,trend,0.2345,-0.0439,-0.5084,233
ma_crossover__fast12__slow26__kindema,ma_crossover,USO,trend,0.131,0.3344,-0.4826,137
ma_crossover__fast10__slow50__kindema,ma_crossover,USO,trend,0.0902,0.2954,-0.4452,101
ma_crossover__fast20__slow100__kindema,ma_crossover,USO,trend,0.1529,0.4642,-0.4656,48
ts_momentum__period21,ts_momentum,USO,trend,0.2755,0.0821,-0.5038,361
ts_momentum__period42,ts_momentum,USO,trend,0.3088,-0.0002,-0.4512,256
ts_momentum__period63,ts_momentum,USO,trend,0.1989,0.3182,-0.4431,192
ts_momentum__period126,ts_momentum,USO,trend,-0.0821,0.6266,-0.4146,146
ts_momentum__period252,ts_momentum,USO,trend,-0.3771,0.2095,-0.4995,142
roc_momentum__period5,roc_momentum,USO,trend,0.0614,-0.1517,-0.7098,770
roc_momentum__period10,roc_momentum,USO,trend,0.1714,-0.0348,-0.506,532
roc_momentum__period20,roc_momentum,USO,trend,0.1993,0.2402,-0.4525,352
roc_momentum__period30,roc_momentum,USO,trend,0.189,-0.048,-0.5262,313
roc_momentum__period60,roc_momentum,USO,trend,0.2661,0.0306,-0.5631,214
macd_signal__fast12__slow26__signal9,macd_signal,USO,trend,-0.0247,0.5185,-0.4707,307
macd_signal__fast8__slow17__signal9,macd_signal,USO,trend,0.1842,0.085,-0.4305,395
macd_signal__fast5__slow35__signal5,macd_signal,USO,trend,0.4118,-0.0226,-0.5314,515
macd_signal__fast3__slow10__signal16,macd_signal,USO,trend,0.4041,-0.4335,-0.6627,569
donchian_breakout__period10,donchian_breakout,USO,trend,0.6595,-0.1958,-0.334,969
donchian_breakout__period20,donchian_breakout,USO,trend,0.4455,0.13,-0.1655,693
donchian_breakout__period30,donchian_breakout,USO,trend,0.4045,0.1423,-0.1451,571
donchian_breakout__period40,donchian_breakout,USO,trend,0.2815,0.2522,-0.1204,498
donchian_breakout__period55,donchian_breakout,USO,trend,0.4767,0.4638,-0.0893,440
bb_breakout__period20__std1.5,bb_breakout,USO,trend,0.4984,-0.2766,-0.3405,733
bb_breakout__period20__std2.0,bb_breakout,USO,trend,0.3078,-0.1108,-0.1565,368
bb_breakout__period20__std2.5,bb_breakout,USO,trend,0.1124,0.0894,-0.0545,152
bb_breakout__period30__std2.0,bb_breakout,USO,trend,0.3818,-0.8854,-0.4001,360
bb_breakout__period50__std2.0,bb_breakout,USO,trend,0.3961,0.6148,-0.1323,274
supertrend__period7__mult2.0,supertrend,USO,trend,0.3774,0.3157,-0.6396,212
supertrend__period7__mult3.0,supertrend,USO,trend,0.2009,0.3653,-0.4506,119
supertrend__period10__mult3.0,supertrend,USO,trend,0.1586,0.209,-0.4277,123
supertrend__period14__mult2.0,supertrend,USO,trend,0.232,0.46,-0.546,208
supertrend__period14__mult3.0,supertrend,USO,trend,0.1651,0.4281,-0.36,117
parabolic_sar__step0.01__max_af0.1,parabolic_sar,USO,trend,0.165,0.2538,-0.5036,210
parabolic_sar__step0.02__max_af0.2,parabolic_sar,USO,trend,0.2654,0.1203,-0.5762,338
parabolic_sar__step0.03__max_af0.2,parabolic_sar,USO,trend,0.258,-0.0961,-0.6249,424
parabolic_sar__step0.05__max_af0.2,parabolic_sar,USO,trend,0.485,-0.1715,-0.5569,528
adx_trend__period14__threshold20,adx_trend,USO,trend,-0.0963,-0.275,-0.4489,267
adx_trend__period14__threshold25,adx_trend,USO,trend,0.0611,0.0618,-0.3865,147
adx_trend__period14__threshold30,adx_trend,USO,trend,0.1333,0.0197,-0.3621,102
adx_trend__period21__threshold20,adx_trend,USO,trend,0.0809,-0.328,-0.547,138
adx_trend__period21__threshold25,adx_trend,USO,trend,0.2762,-0.2304,-0.5027,71
ichimoku__tenkan9__kijun26__senkou_b52,ichimoku,USO,trend,-0.0289,0.7856,-0.2859,502
ichimoku__tenkan7__kijun22__senkou_b44,ichimoku,USO,trend,0.078,0.6317,-0.3327,548
linreg_slope__period10,linreg_slope,USO,trend,0.3398,0.2517,-0.4972,369
linreg_slope__period20,linreg_slope,USO,trend,0.216,0.5122,-0.4125,189
linreg_slope__period30,linreg_slope,USO,trend,0.0431,0.4599,-0.3706,115
linreg_slope__period50,linreg_slope,USO,trend,0.2788,0.4155,-0.329,76
aroon__period14,aroon,USO,trend,0.1808,0.634,-0.4436,245
aroon__period25,aroon,USO,trend,-0.0775,0.3628,-0.3891,143
aroon__period50,aroon,USO,trend,0.3936,0.1443,-0.5226,73
vortex__period10,vortex,USO,trend,0.0115,-0.1292,-0.5296,483
vortex__period14,vortex,USO,trend,0.0923,0.7451,-0.3591,399
vortex__period21,vortex,USO,trend,0.274,0.6502,-0.3944,275
trix__period9,trix,USO,trend,0.2613,0.1895,-0.4717,138
trix__period12,trix,USO,trend,0.2926,0.3966,-0.4615,112
trix__period18,trix,USO,trend,0.2569,-0.0229,-0.4857,76
hull_ma__period14,hull_ma,USO,trend,-0.0287,0.0285,-0.6371,575
hull_ma__period20,hull_ma,USO,trend,0.4423,0.0594,-0.5866,403
hull_ma__period30,hull_ma,USO,trend,0.2667,-0.1867,-0.5396,292
hull_ma__period50,hull_ma,USO,trend,0.1986,0.8754,-0.3279,179
kama__period5,kama,USO,trend,0.3913,0.2813,-0.3756,1995
kama__period10,kama,USO,trend,-0.5065,0.0,0.0,160
kama__period20,kama,USO,trend,-0.8198,0.0,0.0,40
turtle__entry20__exit_p10,turtle,USO,trend,0.4455,0.13,-0.1655,693
turtle__entry55__exit_p20,turtle,USO,trend,0.4767,0.4638,-0.0893,440
turtle__entry10__exit_p5,turtle,USO,trend,0.6595,-0.1958,-0.334,969
dual_momentum__period63,dual_momentum,USO,trend,0.0709,0.1288,-0.3359,193
dual_momentum__period126,dual_momentum,USO,trend,-0.1074,0.3725,-0.2207,144
dual_momentum__period252,dual_momentum,USO,trend,-0.2412,0.0478,-0.3727,141
elder_ray__period13,elder_ray,USO,trend,0.1836,-0.1438,-0.5501,637
elder_ray__period21,elder_ray,USO,trend,0.0865,-0.1685,-0.4994,505
elder_ray__period34,elder_ray,USO,trend,0.0446,-0.5641,-0.7296,429
rsi_reversion__period7__lo30__hi70,rsi_reversion,USO,meanrev,-0.335,0.0184,-0.2812,596
rsi_reversion__period7__lo25__hi75,rsi_reversion,USO,meanrev,-0.17,0.4944,-0.1609,480
rsi_reversion__period14__lo30__hi70,rsi_reversion,USO,meanrev,-0.1615,-0.4696,-0.3789,220
rsi_reversion__period14__lo25__hi75,rsi_reversion,USO,meanrev,-0.1067,-0.1023,-0.1299,122
rsi_reversion__period14__lo35__hi65,rsi_reversion,USO,meanrev,-0.5423,-0.359,-0.4765,368
rsi_reversion__period21__lo30__hi70,rsi_reversion,USO,meanrev,-0.0897,-0.2608,-0.2224,112
rsi_reversion__period21__lo25__hi75,rsi_reversion,USO,meanrev,0.1945,0.5499,-0.066,46
rsi_reversion__period28__lo30__hi70,rsi_reversion,USO,meanrev,-0.1475,0.5592,-0.0702,56
rsi_reversion__period30__lo30__hi70,rsi_reversion,USO,meanrev,-0.074,0.6418,-0.0702,52
rsi_reversion__period30__lo25__hi75,rsi_reversion,USO,meanrev,0.4457,0.0,0.0,14
bb_reversion__period20__std1.5,bb_reversion,USO,meanrev,-0.5489,0.2184,-0.3509,733
bb_reversion__period20__std2.0,bb_reversion,USO,meanrev,-0.3484,0.0615,-0.1446,368
bb_reversion__period20__std2.5,bb_reversion,USO,meanrev,-0.1521,-0.134,-0.1089,152
bb_reversion__period30__std2.0,bb_reversion,USO,meanrev,-0.4186,0.8323,-0.0965,360
bb_reversion__period30__std2.5,bb_reversion,USO,meanrev,-0.1703,0.1321,-0.0902,106
bb_reversion__period50__std2.0,bb_reversion,USO,meanrev,-0.4266,-0.6493,-0.368,274
zscore_reversion__period10__threshold1.0,zscore_reversion,USO,meanrev,-0.2911,0.2419,-0.4747,1311
zscore_reversion__period20__threshold1.5,zscore_reversion,USO,meanrev,-0.5489,0.2184,-0.3509,733
zscore_reversion__period20__threshold2.0,zscore_reversion,USO,meanrev,-0.3484,0.0615,-0.1446,368
zscore_reversion__period30__threshold1.5,zscore_reversion,USO,meanrev,-0.2402,0.3032,-0.2741,659
zscore_reversion__period30__threshold2.0,zscore_reversion,USO,meanrev,-0.4186,0.8323,-0.0965,360
zscore_reversion__period60__threshold2.0,zscore_reversion,USO,meanrev,-0.2996,-0.7515,-0.3796,262
stochastic__k5__d3__lo20__hi80,stochastic,USO,meanrev,-0.2132,0.2763,-0.2763,804
stochastic__k14__d3__lo20__hi80,stochastic,USO,meanrev,-0.0663,-0.4993,-0.6024,598
stochastic__k14__d3__lo30__hi70,stochastic,USO,meanrev,-0.1738,0.031,-0.5168,627
stochastic__k14__d5__lo20__hi80,stochastic,USO,meanrev,0.0387,-0.5329,-0.5628,422
stochastic__k21__d3__lo20__hi80,stochastic,USO,meanrev,-0.0696,-0.6572,-0.6433,489
cci_reversion__period14__threshold100,cci_reversion,USO,meanrev,-0.1588,0.2801,-0.3606,975
cci_reversion__period14__threshold150,cci_reversion,USO,meanrev,0.0269,0.0631,-0.2657,559
cci_reversion__period20__threshold100,cci_reversion,USO,meanrev,-0.3008,-0.2912,-0.5545,789
cci_reversion__period20__threshold150,cci_reversion,USO,meanrev,-0.2894,0.4793,-0.0915,447
cci_reversion__period30__threshold100,cci_reversion,USO,meanrev,-0.1345,-0.2706,-0.4938,619
williams_r__period14__lo-80__hi-20,williams_r,USO,meanrev,-0.4259,0.2939,-0.3673,1078
williams_r__period14__lo-90__hi-10,williams_r,USO,meanrev,-0.5554,0.346,-0.3152,1002
williams_r__period21__lo-80__hi-20,williams_r,USO,meanrev,-0.3379,-0.1375,-0.4752,842
williams_r__period28__lo-80__hi-20,williams_r,USO,meanrev,-0.1115,-0.366,-0.5459,725
keltner_reversion__period20__mult1.5,keltner_reversion,USO,meanrev,-0.3003,-0.1246,-0.4329,606
keltner_reversion__period20__mult2.0,keltner_reversion,USO,meanrev,-0.2778,-0.003,-0.2689,436
keltner_reversion__period20__mult2.5,keltner_reversion,USO,meanrev,-0.1792,0.0753,-0.1953,300
keltner_reversion__period30__mult2.0,keltner_reversion,USO,meanrev,-0.2382,-0.4717,-0.532,460
vwap_reversion__period20__z_thresh1.0,vwap_reversion,USO,meanrev,-0.3053,-0.3377,-0.6451,787
vwap_reversion__period20__z_thresh1.5,vwap_reversion,USO,meanrev,-0.2858,-0.1857,-0.5207,621
vwap_reversion__period20__z_thresh2.0,vwap_reversion,USO,meanrev,-0.1675,-0.662,-0.4886,489
percent_b__period20__std2.0__lo0.05__hi0.95,percent_b,USO,meanrev,-0.2194,0.5354,-0.1188,544
percent_b__period20__std2.0__lo0.1__hi0.9,percent_b,USO,meanrev,-0.3734,0.1847,-0.2038,685
percent_b__period20__std2.0__lo0.2__hi0.8,percent_b,USO,meanrev,-0.4671,-0.154,-0.5187,887
percent_b__period30__std2.0__lo0.2__hi0.8,percent_b,USO,meanrev,-0.1897,-0.7071,-0.6202,672
connors_rsi__rsi_period3__streak_period2__rank_period100,connors_rsi,USO,meanrev,0.0204,0.4974,-0.2121,1124
connors_rsi__rsi_period2__streak_period3__rank_period100,connors_rsi,USO,meanrev,-0.1577,0.4787,-0.1733,1169
ultimate_osc__p17__p214__p328,ultimate_osc,USO,meanrev,0.6795,0.0404,-0.1132,156
ultimate_osc__p14__p28__p316,ultimate_osc,USO,meanrev,-0.2601,0.1954,-0.1792,476
gap_fade__threshold0.01,gap_fade,USO,meanrev,-0.3105,-0.1391,-0.4369,1940
gap_fade__threshold0.015,gap_fade,USO,meanrev,-0.1819,0.2094,-0.3188,1296
gap_fade__threshold0.02,gap_fade,USO,meanrev,-0.0922,0.3705,-0.2416,798
obv_trend__period10,obv_trend,USO,volume,0.1494,-0.0826,-0.6391,791
obv_trend__period20,obv_trend,USO,volume,0.4973,0.3255,-0.498,468
obv_trend__period50,obv_trend,USO,volume,0.3354,0.0944,-0.4321,273
chaikin_mf__period10,chaikin_mf,USO,volume,0.3232,-0.2091,-0.5714,523
chaikin_mf__period20,chaikin_mf,USO,volume,0.1403,0.1214,-0.6077,320
chaikin_mf__period21,chaikin_mf,USO,volume,0.0782,0.459,-0.5716,318
mfi__period10,mfi,USO,volume,0.1847,0.0891,-0.1686,262
mfi__period14,mfi,USO,volume,0.2393,-0.1775,-0.1683,114
mfi__period21,mfi,USO,volume,0.3202,-0.2042,-0.0671,32
volume_surge__period10__mult1.5,volume_surge,USO,volume,-0.02,-0.5411,-0.3117,537
volume_surge__period20__mult2.0,volume_surge,USO,volume,-0.0146,-0.3112,-0.1892,198
volume_surge__period20__mult3.0,volume_surge,USO,volume,0.2854,0.2549,-0.0112,24
force_index__period2,force_index,USO,volume,0.0548,-0.5093,-0.7016,1356
force_index__period13,force_index,USO,volume,0.0407,0.3052,-0.4313,510
force_index__period20,force_index,USO,volume,0.0042,0.3018,-0.4548,404
chaikin_osc__fast3__slow10,chaikin_osc,USO,volume,0.2917,-0.1179,-0.6521,406
chaikin_osc__fast3__slow12,chaikin_osc,USO,volume,0.1969,-0.1029,-0.5861,366
chaikin_osc__fast5__slow12,chaikin_osc,USO,volume,0.1684,0.1319,-0.5214,266
atr_breakout__period10__mult1.5,atr_breakout,USO,volatility,0.4414,-0.7298,-0.5164,628
atr_breakout__period14__mult1.5,atr_breakout,USO,volatility,0.0254,-0.1387,-0.3117,656
atr_breakout__period14__mult2.0,atr_breakout,USO,volatility,0.1188,-0.6321,-0.4544,480
atr_breakout__period20__mult2.0,atr_breakout,USO,volatility,-0.1337,0.0922,-0.3482,514
atr_breakout__period20__mult2.5,atr_breakout,USO,volatility,-0.0395,-0.2244,-0.3204,364
vol_breakout__period10__mult0.5,vol_breakout,USO,volatility,0.0078,-0.3773,-0.4957,2523
vol_breakout__period20__mult1.0,vol_breakout,USO,volatility,0.1215,-0.7572,-0.6488,2152
vol_breakout__period20__mult1.5,vol_breakout,USO,volatility,0.2465,0.0035,-0.2718,1383
vol_breakout__period30__mult1.0,vol_breakout,USO,volatility,-0.003,-0.6234,-0.5864,2109
squeeze_breakout__bb_period20__kc_period20__bb_std2.0__kc_mult1.5,squeeze_breakout,USO,volatility,0.0823,0.4277,-0.49,206
squeeze_breakout__bb_period20__kc_period20__bb_std2.0__kc_mult1.0,squeeze_breakout,USO,volatility,0.1366,0.4044,-0.47,126
squeeze_breakout__bb_period30__kc_period30__bb_std2.0__kc_mult1.5,squeeze_breakout,USO,volatility,0.3287,0.3619,-0.4395,85
engulfing,engulfing,USO,pattern,0.0939,-0.8733,-0.26,397
three_bar_reversal,three_bar_reversal,USO,pattern,0.2395,0.1864,-0.2894,922
higher_highs_lows__period5,higher_highs_lows,USO,pattern,0.1348,-0.0728,-0.557,812
higher_highs_lows__period10,higher_highs_lows,USO,pattern,-0.1472,0.5213,-0.5116,447
higher_highs_lows__period20,higher_highs_lows,USO,pattern,0.2857,0.366,-0.3375,229
pivot_bounce__period5,pivot_bounce,USO,pattern,-0.5316,-0.0446,-0.2913,1221
pivot_bounce__period10,pivot_bounce,USO,pattern,-0.495,-0.0327,-0.3564,1083
pivot_bounce__period20,pivot_bounce,USO,pattern,-0.3029,-0.2442,-0.3938,927
macd_rsi_combo__fast12__slow26__signal9__rsi_period14__rsi_lo40__rsi_hi60,macd_rsi_combo,USO,composite,-0.142,0.3851,-0.259,552
macd_rsi_combo__fast12__slow26__signal9__rsi_period14__rsi_lo45__rsi_hi55,macd_rsi_combo,USO,composite,0.0634,0.2634,-0.4112,678
macd_rsi_combo__fast8__slow21__signal5__rsi_period14__rsi_lo40__rsi_hi60,macd_rsi_combo,USO,composite,0.12,0.0159,-0.2593,588
macd_rsi_combo__fast5__slow35__signal5__rsi_period14__rsi_lo40__rsi_hi60,macd_rsi_combo,USO,composite,0.0848,0.0928,-0.259,620
triple_screen__trend_period20__osc_period14__osc_lo40__osc_hi60,triple_screen,USO,composite,0.0,0.0,0.0,0
triple_screen__trend_period30__osc_period14__osc_lo40__osc_hi60,triple_screen,USO,composite,0.0,0.0,0.0,0
triple_screen__trend_period50__osc_period14__osc_lo35__osc_hi65,triple_screen,USO,composite,0.0,0.0,0.0,0
triple_screen__trend_period20__osc_period7__osc_lo30__osc_hi70,triple_screen,USO,composite,0.0,0.0,0.0,0
chandelier_exit__period14__mult2.0,chandelier_exit,USO,composite,-0.0334,0.0311,-0.385,564
chandelier_exit__period22__mult3.0,chandelier_exit,USO,composite,0.0981,-0.1775,-0.691,367
chandelier_exit__period22__mult2.0,chandelier_exit,USO,composite,0.0145,0.5406,-0.3333,608
chandelier_exit__period10__mult2.0,chandelier_exit,USO,composite,0.2138,-0.0575,-0.5105,507
high52_momentum__period252__threshold0.7,high52_momentum,USO,trend,0.0198,0.081,-0.4088,236
high52_momentum__period252__threshold0.75,high52_momentum,USO,trend,0.1157,0.2074,-0.3388,216
high52_momentum__period252__threshold0.8,high52_momentum,USO,trend,0.169,-0.0445,-0.4103,196
high52_momentum__period126__threshold0.7,high52_momentum,USO,trend,-0.0557,0.0378,-0.526,368
high52_momentum__period126__threshold0.75,high52_momentum,USO,trend,-0.0781,0.1146,-0.4125,358
short_reversal__period5,short_reversal,USO,meanrev,-0.1225,0.0884,-0.6969,770
short_reversal__period10,short_reversal,USO,meanrev,-0.2128,-0.0109,-0.462,532
short_reversal__period15,short_reversal,USO,meanrev,-0.1498,-0.5568,-0.7393,423
short_reversal__period20,short_reversal,USO,meanrev,-0.2278,-0.2683,-0.6235,352
low_vol_regime__period20__ma_period60,low_vol_regime,USO,volatility,0.6087,-0.2057,-0.2166,161
low_vol_regime__period20__ma_period120,low_vol_regime,USO,volatility,0.3444,0.0331,-0.3075,145
low_vol_regime__period60__ma_period120,low_vol_regime,USO,volatility,-0.0536,-0.4553,-0.3956,42
low_vol_regime__period20__ma_period252,low_vol_regime,USO,volatility,0.2954,0.253,-0.3065,135
low_vol_regime__period60__ma_period252,low_vol_regime,USO,volatility,-0.0713,-0.0812,-0.4575,62
low_vol_regime__period120__ma_period252,low_vol_regime,USO,volatility,0.2075,0.2383,-0.3109,30
nr_breakout__nr_period4__exit_bars3,nr_breakout,USO,pattern,0.3517,-0.4227,-0.458,959
nr_breakout__nr_period4__exit_bars5,nr_breakout,USO,pattern,0.2467,0.3707,-0.3107,770
nr_breakout__nr_period7__exit_bars3,nr_breakout,USO,pattern,0.1812,0.2356,-0.2319,724
nr_breakout__nr_period7__exit_bars5,nr_breakout,USO,pattern,0.1426,0.5343,-0.33,625
nr_breakout__nr_period10__exit_bars5,nr_breakout,USO,pattern,0.3397,0.5251,-0.2703,492
nr_breakout__nr_period10__exit_bars10,nr_breakout,USO,pattern,0.1155,0.1934,-0.3705,391
overnight_gap__period1__threshold0.001,overnight_gap,USO,volume,0.4446,-0.0492,-0.5599,2147
overnight_gap__period1__threshold0.003,overnight_gap,USO,volume,0.3242,-0.1479,-0.5936,2455
overnight_gap__period3__threshold0.001,overnight_gap,USO,volume,-0.0899,0.3671,-0.388,1341
overnight_gap__period3__threshold0.003,overnight_gap,USO,volume,-0.1928,0.2001,-0.3876,1548
overnight_gap__period5__threshold0.001,overnight_gap,USO,volume,-0.1993,0.1751,-0.4469,1096
overnight_gap__period5__threshold0.003,overnight_gap,USO,volume,-0.0085,-0.1116,-0.3926,1231
coppock_curve__roc1252__roc2189__wma_period63,coppock_curve,USO,trend,-0.0948,-0.0718,-0.597,22
coppock_curve__roc1189__roc2126__wma_period42,coppock_curve,USO,trend,-0.011,0.224,-0.4266,24
coppock_curve__roc1126__roc2100__wma_period21,coppock_curve,USO,trend,0.0216,0.3691,-0.386,38
bll_filter__pct0.005__hold0,bll_filter,USO,trend,0.1345,-0.0744,-0.535,1435
bll_filter__pct0.01__hold0,bll_filter,USO,trend,-0.0003,-0.4433,-0.7017,1151
bll_filter__pct0.02__hold0,bll_filter,USO,trend,0.278,-0.4742,-0.6715,700
bll_filter__pct0.005__hold10,bll_filter,USO,trend,0.1648,-0.1247,-0.5614,1459
bll_filter__pct0.01__hold10,bll_filter,USO,trend,0.0642,-0.5338,-0.729,1209
bll_filter__pct0.01__hold20,bll_filter,USO,trend,0.0065,-0.4433,-0.7017,1151
bll_filter__pct0.02__hold10,bll_filter,USO,trend,0.2827,-0.2726,-0.56,836
frog_in_pan__lookback252__skip21__id_cutoff0.5,frog_in_pan,USO,trend,0.4266,0.2272,-0.4974,201
frog_in_pan__lookback252__skip21__id_cutoff0.45,frog_in_pan,USO,trend,-0.1082,0.3239,-0.4636,70
frog_in_pan__lookback252__skip0__id_cutoff0.5,frog_in_pan,USO,trend,0.333,0.3341,-0.3694,205
frog_in_pan__lookback126__skip21__id_cutoff0.5,frog_in_pan,USO,trend,0.4002,0.3641,-0.4267,222
frog_in_pan__lookback126__skip21__id_cutoff0.45,frog_in_pan,USO,trend,0.0737,0.1888,-0.3567,118
vol_mom__mom_period126__vol_period126__skip21__vol_weight0.5,vol_mom,USO,composite,0.1995,-0.0055,-0.4401,174
vol_mom__mom_period126__vol_period126__skip0__vol_weight0.5,vol_mom,USO,composite,-0.0289,0.153,-0.3432,176
vol_mom__mom_period252__vol_period126__skip21__vol_weight0.5,vol_mom,USO,composite,0.2609,-0.0281,-0.3176,164
vol_mom__mom_period63__vol_period63__skip0__vol_weight0.3,vol_mom,USO,composite,0.3085,0.3182,-0.4431,185
vol_mom__mom_period126__vol_period126__skip21__vol_weight0.3,vol_mom,USO,composite,0.2413,0.4056,-0.4177,142
seasonality__n_years2,seasonality,USO,pattern,-0.2066,-0.495,-0.7369,73
seasonality__n_years3,seasonality,USO,pattern,-0.4202,0.5038,-0.5525,70
seasonality__n_years5,seasonality,USO,pattern,-0.3779,0.7373,-0.2895,72
residual_mom__lookback252__skip21,residual_mom,USO,trend,0.0521,0.2619,-0.493,104
residual_mom__lookback252__skip0,residual_mom,USO,trend,0.006,0.1622,-0.542,104
residual_mom__lookback126__skip21,residual_mom,USO,trend,0.4139,0.6193,-0.42,146
vol_scaled_mom__rv_window21__vol_target0.12__damp0.5,vol_scaled_mom,USO,trend,-0.0764,0.499,-0.2488,3446
vol_scaled_mom__rv_window21__vol_target0.08__damp0.5,vol_scaled_mom,USO,trend,-0.0744,0.499,-0.1728,3499
vol_scaled_mom__rv_window63__vol_target0.12__damp0.5,vol_scaled_mom,USO,trend,0.1587,0.3163,-0.2567,3470
vol_scaled_mom__rv_window21__vol_target0.12__damp0.0,vol_scaled_mom,USO,trend,-0.1437,0.5573,-0.2488,3231
vol_scaled_mom__rv_window21__vol_target0.15__damp0.5,vol_scaled_mom,USO,trend,-0.0651,0.4994,-0.3016,3326
dema_crossover__fast5__slow20,dema_crossover,USO,trend,0.2458,0.2407,-0.3894,421
dema_crossover__fast10__slow40,dema_crossover,USO,trend,0.0993,0.5766,-0.4472,199
dema_crossover__fast12__slow26,dema_crossover,USO,trend,0.0184,0.5618,-0.442,233
dema_crossover__fast20__slow50,dema_crossover,USO,trend,0.1303,0.3585,-0.4899,139
dema_crossover__fast10__slow30,dema_crossover,USO,trend,0.0678,0.6184,-0.4172,241
tema_crossover__fast5__slow20,tema_crossover,USO,trend,0.5861,-0.4291,-0.677,529
tema_crossover__fast10__slow40,tema_crossover,USO,trend,-0.0772,0.2773,-0.5137,297
tema_crossover__fast12__slow26,tema_crossover,USO,trend,0.1873,0.0027,-0.4471,283
tema_crossover__fast20__slow50,tema_crossover,USO,trend,-0.2027,0.5307,-0.3952,177
tema_crossover__fast10__slow30,tema_crossover,USO,trend,0.0964,0.0085,-0.4619,303
price_acceleration__period10__smooth3,price_acceleration,USO,trend,0.1686,-0.3468,-0.6315,1016
price_acceleration__period20__smooth5,price_acceleration,USO,trend,-0.2078,-0.1598,-0.5822,805
price_acceleration__period20__smooth3,price_acceleration,USO,trend,0.311,0.0168,-0.6964,1011
price_acceleration__period30__smooth5,price_acceleration,USO,trend,0.1297,-0.0426,-0.3905,772
price_acceleration__period40__smooth10,price_acceleration,USO,trend,0.7515,0.6843,-0.3384,486
price_acceleration__period10__smooth5,price_acceleration,USO,trend,0.0602,-0.4801,-0.7194,774
turn_of_month__days_before3__days_after3,turn_of_month,USO,pattern,0.0615,0.1881,-0.2762,360
turn_of_month__days_before4__days_after4,turn_of_month,USO,pattern,0.0657,-0.108,-0.3869,360
turn_of_month__days_before5__days_after5,turn_of_month,USO,pattern,0.062,-0.0094,-0.3609,360
turn_of_month__days_before3__days_after5,turn_of_month,USO,pattern,-0.0713,-0.0196,-0.4059,360
trend_intensity__period20,trend_intensity,USO,trend,-0.3562,-0.0716,-0.2231,389
trend_intensity__period30,trend_intensity,USO,trend,0.0168,0.7572,-0.1363,316
trend_intensity__period50,trend_intensity,USO,trend,0.0869,-0.7306,-0.3731,164
trend_intensity__period63,trend_intensity,USO,trend,-0.1539,-0.5586,-0.4234,184
ma_regime_momentum__regime_ma200__mom_period126__skip21,ma_regime_momentum,USO,trend,-0.034,0.5072,-0.3397,290
ma_regime_momentum__regime_ma200__mom_period252__skip21,ma_regime_momentum,USO,trend,-0.025,0.5361,-0.3459,283
ma_regime_momentum__regime_ma200__mom_period63__skip0,ma_regime_momentum,USO,trend,-0.0336,0.4599,-0.423,332
ma_regime_momentum__regime_ma100__mom_period126__skip21,ma_regime_momentum,USO,trend,0.1985,0.3453,-0.3632,318
ma_regime_momentum__regime_ma50__mom_period63__skip0,ma_regime_momentum,USO,trend,0.2091,-0.0333,-0.5222,450
fisher_transform__period5,fisher_transform,USO,trend,0.3257,-0.5013,-0.6522,913
fisher_transform__period10,fisher_transform,USO,trend,0.543,-0.0866,-0.5527,573
fisher_transform__period20,fisher_transform,USO,trend,0.1287,0.2769,-0.4849,415
fisher_transform__period30,fisher_transform,USO,trend,0.1243,0.0622,-0.4624,351
relative_vigor__period10,relative_vigor,USO,trend,-0.0245,-0.5178,-0.7686,1126
relative_vigor__period14,relative_vigor,USO,trend,-0.0245,-0.5178,-0.7686,1126
relative_vigor__period20,relative_vigor,USO,trend,-0.0245,-0.5178,-0.7686,1126
chande_momentum__period14__threshold0.0,chande_momentum,USO,trend,0.1657,0.3573,-0.4099,452
chande_momentum__period20__threshold0.0,chande_momentum,USO,trend,0.2004,0.2402,-0.4525,353
chande_momentum__period20__threshold10.0,chande_momentum,USO,trend,0.2716,0.1358,-0.4013,612
chande_momentum__period30__threshold0.0,chande_momentum,USO,trend,0.1941,-0.048,-0.5262,314
chande_momentum__period9__threshold0.0,chande_momentum,USO,trend,0.2832,-0.1412,-0.4874,570
demarker__period14__hi_thresh0.7__lo_thresh0.3,demarker,USO,meanrev,-0.0898,-0.3468,-0.4468,472
demarker__period14__hi_thresh0.8__lo_thresh0.2,demarker,USO,meanrev,0.0787,-0.1627,-0.3235,230
demarker__period21__hi_thresh0.7__lo_thresh0.3,demarker,USO,meanrev,0.4329,-0.4869,-0.563,294
demarker__period9__hi_thresh0.7__lo_thresh0.3,demarker,USO,meanrev,-0.0409,0.2757,-0.3641,730
stoch_rsi__rsi_period14__stoch_period14__lo20.0__hi80.0,stoch_rsi,USO,meanrev,0.1241,0.2275,-0.5053,741
stoch_rsi__rsi_period14__stoch_period14__lo10.0__hi90.0,stoch_rsi,USO,meanrev,0.1768,0.9573,-0.243,654
stoch_rsi__rsi_period7__stoch_period14__lo20.0__hi80.0,stoch_rsi,USO,meanrev,-0.0171,0.3703,-0.4665,772
stoch_rsi__rsi_period21__stoch_period21__lo20.0__hi80.0,stoch_rsi,USO,meanrev,0.1064,-0.3707,-0.512,611
hurst_regime__period100__trend_thresh0.55__mr_thresh0.45,hurst_regime,USO,trend,0.4127,-0.0199,-0.3847,327
hurst_regime__period60__trend_thresh0.55__mr_thresh0.45,hurst_regime,USO,trend,-0.5473,-0.057,-0.3405,524
hurst_regime__period100__trend_thresh0.58__mr_thresh0.42,hurst_regime,USO,trend,-0.4105,0.0611,-0.249,140
psych_line__period12__hi_thresh75.0__lo_thresh25.0,psych_line,USO,meanrev,-0.0597,-0.093,-0.1139,120
psych_line__period12__hi_thresh65.0__lo_thresh35.0,psych_line,USO,meanrev,-0.1831,-0.3984,-0.4466,598
psych_line__period20__hi_thresh70.0__lo_thresh30.0,psych_line,USO,meanrev,0.383,-0.2016,-0.2198,92
er_regime__er_period10__mom_period20__er_thresh0.4,er_regime,USO,trend,0.195,0.4102,-0.3801,1531
er_regime__er_period10__mom_period20__er_thresh0.3,er_regime,USO,trend,0.1744,0.6618,-0.3677,1488
er_regime__er_period14__mom_period20__er_thresh0.4,er_regime,USO,trend,-0.1735,0.0831,-0.5231,1335
er_regime__er_period20__mom_period40__er_thresh0.4,er_regime,USO,trend,-0.0952,0.7155,-0.2889,954
er_regime__er_period10__mom_period10__er_thresh0.4,er_regime,USO,trend,0.1632,-0.1567,-0.421,1716
mcginley_dynamic__fast5__slow20,mcginley_dynamic,USO,trend,0.2956,0.3179,-0.4838,215
mcginley_dynamic__fast10__slow40,mcginley_dynamic,USO,trend,0.0593,0.139,-0.4664,111
mcginley_dynamic__fast12__slow26,mcginley_dynamic,USO,trend,0.159,0.3956,-0.3976,115
mcginley_dynamic__fast5__slow14,mcginley_dynamic,USO,trend,0.2625,-0.1736,-0.5299,265
cci_trend__period14__threshold50.0,cci_trend,USO,trend,0.2357,0.2615,-0.3844,976
cci_trend__period20__threshold50.0,cci_trend,USO,trend,0.2122,0.2442,-0.4299,825
cci_trend__period20__threshold100.0,cci_trend,USO,trend,0.255,0.2402,-0.3721,789
cci_trend__period30__threshold50.0,cci_trend,USO,trend,0.0566,0.2211,-0.4247,653
cci_trend__period14__threshold100.0,cci_trend,USO,trend,0.0996,-0.342,-0.4034,975
volume_roc__period10__signal_period5,volume_roc,USO,volume,0.0066,-0.0064,-0.379,881
volume_roc__period14__signal_period10,volume_roc,USO,volume,-0.0109,-0.2211,-0.3419,660
volume_roc__period20__signal_period10,volume_roc,USO,volume,-0.3755,-0.6071,-0.5281,546
volume_roc__period5__signal_period3,volume_roc,USO,volume,0.0701,0.2212,-0.3189,1281
hv_ratio__fast_period10__slow_period100__thresh_hi1.5__thresh_lo0.7,hv_ratio,USO,volatility,-0.455,0.5405,-0.1988,420
hv_ratio__fast_period10__slow_period60__thresh_hi1.5__thresh_lo0.7,hv_ratio,USO,volatility,-0.4476,1.0722,-0.1208,413
hv_ratio__fast_period21__slow_period100__thresh_hi1.5__thresh_lo0.7,hv_ratio,USO,volatility,-0.2262,-0.1537,-0.3573,154
hv_ratio__fast_period10__slow_period100__thresh_hi2.0__thresh_lo0.5,hv_ratio,USO,volatility,-0.2325,0.5119,-0.0824,130
zscore_trend__z_period20__trend_period50__z_thresh1.5,zscore_trend,USO,meanrev,-0.2588,0.3574,-0.0776,86
zscore_trend__z_period20__trend_period50__z_thresh1.0,zscore_trend,USO,meanrev,0.0801,0.322,-0.1205,208
zscore_trend__z_period20__trend_period100__z_thresh1.5,zscore_trend,USO,meanrev,0.1357,0.8664,-0.0748,194
zscore_trend__z_period30__trend_period100__z_thresh2.0,zscore_trend,USO,meanrev,-0.0213,0.9088,-0.019,62
cmo_fisher__fisher_period10__cmo_period14__score_thresh0.3,cmo_fisher,USO,trend,0.2916,-0.1525,-0.4015,807
cmo_fisher__fisher_period10__cmo_period14__score_thresh0.2,cmo_fisher,USO,trend,0.1503,0.2312,-0.3132,904
cmo_fisher__fisher_period14__cmo_period20__score_thresh0.3,cmo_fisher,USO,trend,0.1381,0.2284,-0.2822,660
cmo_fisher__fisher_period8__cmo_period14__score_thresh0.2,cmo_fisher,USO,trend,0.1922,-0.0072,-0.3498,1017
rvi_divergence__rvi_period10__lookback5,rvi_divergence,USO,meanrev,-0.0928,0.0481,-0.1079,25
rvi_divergence__rvi_period10__lookback8,rvi_divergence,USO,meanrev,-0.186,0.0771,-0.0794,12
rvi_divergence__rvi_period14__lookback5,rvi_divergence,USO,meanrev,-0.0928,0.0481,-0.1079,25
adaptive_rsi__base_period14__fast_n2__slow_n30,adaptive_rsi,USO,meanrev,-0.1392,-0.5115,-0.7047,251
adaptive_rsi__base_period14__fast_n2__slow_n60,adaptive_rsi,USO,meanrev,-0.134,-0.5537,-0.6961,234
adaptive_rsi__base_period9__fast_n2__slow_n30,adaptive_rsi,USO,meanrev,-0.3874,-0.5592,-0.6619,366
adaptive_rsi__base_period21__fast_n2__slow_n30,adaptive_rsi,USO,meanrev,-0.0938,-0.1065,-0.557,187
elder_impulse__ema_period8,elder_impulse,USO,composite,0.2992,-0.0244,-0.3509,1473
elder_impulse__ema_period13,elder_impulse,USO,composite,0.3089,-0.2764,-0.4453,1420
elder_impulse__ema_period20,elder_impulse,USO,composite,0.2565,-0.2977,-0.4362,1364
klinger_osc__fast34__slow55__signal13,klinger_osc,USO,volume,0.4118,0.0902,-0.504,715
klinger_osc__fast21__slow34__signal9,klinger_osc,USO,volume,0.3874,-0.5399,-0.6894,937
klinger_osc__fast55__slow89__signal13,klinger_osc,USO,volume,0.3192,0.3297,-0.3537,641
price_oscillator__fast10__slow30__signal9,price_oscillator,USO,trend,0.0525,0.5243,-0.449,311
price_oscillator__fast12__slow26__signal9,price_oscillator,USO,trend,0.0338,0.5075,-0.4723,305
price_oscillator__fast5__slow20__signal5,price_oscillator,USO,trend,0.4201,-0.1525,-0.6298,557
price_oscillator__fast20__slow50__signal9,price_oscillator,USO,trend,0.1952,0.5091,-0.4613,211
baz_trend__ewmstd_span42,baz_trend,USO,trend,0.0481,0.2315,-0.5027,82
baz_trend__ewmstd_span63,baz_trend,USO,trend,0.0481,0.2315,-0.5027,82
baz_trend__ewmstd_span126,baz_trend,USO,trend,0.0481,0.2315,-0.5027,82
intermediate_mom__start252__end126,intermediate_mom,USO,trend,0.1026,0.4367,-0.5564,141
intermediate_mom__start189__end105,intermediate_mom,USO,trend,-0.1109,0.0502,-0.5237,181
intermediate_mom__start168__end84,intermediate_mom,USO,trend,-0.1754,0.1442,-0.3673,181
intermediate_mom__start252__end63,intermediate_mom,USO,trend,-0.4381,0.3464,-0.5333,110
mom_crash_protect__bear_lookback504__bear_thresh-0.2__damp0.0,mom_crash_protect,USO,trend,0.1953,0.0496,-0.5085,243
mom_crash_protect__bear_lookback504__bear_thresh-0.2__damp0.25,mom_crash_protect,USO,trend,0.2094,0.1436,-0.4607,256
mom_crash_protect__bear_lookback252__bear_thresh-0.2__damp0.0,mom_crash_protect,USO,trend,0.2851,0.3107,-0.4361,236
mom_crash_protect__bear_lookback504__bear_thresh-0.25__damp0.0,mom_crash_protect,USO,trend,0.199,0.0496,-0.5085,243
consistent_mom__consistency_thresh0.5,consistent_mom,USO,trend,-0.0405,0.0076,-0.4514,576
consistent_mom__consistency_thresh0.58,consistent_mom,USO,trend,0.0291,0.2758,-0.4277,632
consistent_mom__consistency_thresh0.67,consistent_mom,USO,trend,-0.0119,0.0166,-0.3147,214
signed_range_mom__period10__threshold0.1,signed_range_mom,USO,trend,-0.1142,-0.753,-0.7395,1038
signed_range_mom__period21__threshold0.1,signed_range_mom,USO,trend,0.1492,0.3731,-0.4418,699
signed_range_mom__period21__threshold0.15,signed_range_mom,USO,trend,0.1445,0.0281,-0.3633,589
signed_range_mom__period42__threshold0.1,signed_range_mom,USO,trend,0.441,-0.0385,-0.3527,433
signed_range_mom__period63__threshold0.1,signed_range_mom,USO,trend,0.1206,-0.3991,-0.5511,350
multi_tsmom,multi_tsmom,USO,trend,-0.0235,0.5801,-0.353,416
"multi_tsmom__lookbacks(63, 126, 252)",multi_tsmom,USO,trend,-0.1374,0.7014,-0.3929,174
"multi_tsmom__lookbacks(21, 63, 252)",multi_tsmom,USO,trend,0.1292,0.2854,-0.4439,281
"multi_tsmom__lookbacks(21, 63, 126, 252)__weights(0.4, 0.3, 0.2, 0.1)",multi_tsmom,USO,trend,0.0768,0.3841,-0.4329,284
"multi_tsmom__lookbacks(21, 63, 126, 252)__weights(0.1, 0.2, 0.3, 0.4)",multi_tsmom,USO,trend,-0.1309,0.7116,-0.3727,252
ma_crossover__fast5__slow20__kindsma,ma_crossover,TLT,trend,0.332,0.0048,-0.3298,225
ma_crossover__fast10__slow30__kindsma,ma_crossover,TLT,trend,0.2811,-0.2116,-0.3474,147
ma_crossover__fast20__slow50__kindsma,ma_crossover,TLT,trend,0.8292,-0.2792,-0.4122,72
ma_crossover__fast50__slow100__kindsma,ma_crossover,TLT,trend,0.4941,-0.3529,-0.2912,43
ma_crossover__fast50__slow200__kindsma,ma_crossover,TLT,trend,0.4964,-0.4731,-0.4036,25
ma_crossover__fast100__slow200__kindsma,ma_crossover,TLT,trend,0.3853,-0.4857,-0.378,20
ma_crossover__fast10__slow50__kindsma,ma_crossover,TLT,trend,0.878,-0.3985,-0.383,83
ma_crossover__fast20__slow100__kindsma,ma_crossover,TLT,trend,0.8763,-0.2119,-0.3105,41
ma_crossover__fast5__slow20__kindema,ma_crossover,TLT,trend,0.0607,-0.1468,-0.3323,238
ma_crossover__fast12__slow26__kindema,ma_crossover,TLT,trend,0.3194,0.0415,-0.2951,126
ma_crossover__fast10__slow50__kindema,ma_crossover,TLT,trend,0.6791,-0.7198,-0.4798,98
ma_crossover__fast20__slow100__kindema,ma_crossover,TLT,trend,0.7704,-0.8609,-0.4869,52
ts_momentum__period21,ts_momentum,TLT,trend,0.197,-0.1145,-0.2656,365
ts_momentum__period42,ts_momentum,TLT,trend,0.5511,-0.0361,-0.3355,265
ts_momentum__period63,ts_momentum,TLT,trend,0.544,-0.0219,-0.2056,222
ts_momentum__period126,ts_momentum,TLT,trend,0.7003,-0.7092,-0.4165,123
ts_momentum__period252,ts_momentum,TLT,trend,0.3059,-0.518,-0.409,79
roc_momentum__period5,roc_momentum,TLT,trend,-0.3603,-0.6527,-0.4211,810
roc_momentum__period10,roc_momentum,TLT,trend,-0.1978,-0.6536,-0.4209,572
roc_momentum__period20,roc_momentum,TLT,trend,0.2601,0.0438,-0.194,337
roc_momentum__period30,roc_momentum,TLT,trend,0.2932,-0.2128,-0.337,348
roc_momentum__period60,roc_momentum,TLT,trend,0.4653,-0.0966,-0.2568,223
macd_signal__fast12__slow26__signal9,macd_signal,TLT,trend,-0.5088,0.5588,-0.1972,314
macd_signal__fast8__slow17__signal9,macd_signal,TLT,trend,-0.7527,0.1915,-0.1751,400
macd_signal__fast5__slow35__signal5,macd_signal,TLT,trend,-0.7214,-0.4144,-0.3286,566
macd_signal__fast3__slow10__signal16,macd_signal,TLT,trend,-0.6778,-0.3801,-0.3683,596
donchian_breakout__period10,donchian_breakout,TLT,trend,-0.6743,-0.2852,-0.1996,1026
donchian_breakout__period20,donchian_breakout,TLT,trend,-0.5342,-0.3152,-0.1668,714
donchian_breakout__period30,donchian_breakout,TLT,trend,-0.5065,-0.3654,-0.158,560
donchian_breakout__period40,donchian_breakout,TLT,trend,-0.3881,-0.1829,-0.1218,476
donchian_breakout__period55,donchian_breakout,TLT,trend,-0.2857,-0.3213,-0.145,396
bb_breakout__period20__std1.5,bb_breakout,TLT,trend,-0.4436,-0.4055,-0.2408,818
bb_breakout__period20__std2.0,bb_breakout,TLT,trend,-0.672,-0.4011,-0.1883,472
bb_breakout__period20__std2.5,bb_breakout,TLT,trend,-0.4903,-0.331,-0.0588,124
bb_breakout__period30__std2.0,bb_breakout,TLT,trend,-0.4491,0.0568,-0.0915,376
bb_breakout__period50__std2.0,bb_breakout,TLT,trend,-0.2701,-0.3607,-0.1428,348
supertrend__period7__mult2.0,supertrend,TLT,trend,-0.1287,-1.0908,-0.533,259
supertrend__period7__mult3.0,supertrend,TLT,trend,-0.0885,-0.3283,-0.3738,139
supertrend__period10__mult3.0,supertrend,TLT,trend,-0.1359,-0.4116,-0.3924,141
supertrend__period14__mult2.0,supertrend,TLT,trend,-0.1767,-0.9444,-0.4833,255
supertrend__period14__mult3.0,supertrend,TLT,trend,0.0544,-0.666,-0.4831,139
parabolic_sar__step0.01__max_af0.1,parabolic_sar,TLT,trend,-0.1349,0.1689,-0.2861,205
parabolic_sar__step0.02__max_af0.2,parabolic_sar,TLT,trend,0.0026,-0.6498,-0.4439,325
parabolic_sar__step0.03__max_af0.2,parabolic_sar,TLT,trend,0.019,-0.933,-0.5114,413
parabolic_sar__step0.05__max_af0.2,parabolic_sar,TLT,trend,-0.1825,-0.8183,-0.4596,529
adx_trend__period14__threshold20,adx_trend,TLT,trend,0.0052,-0.0677,-0.1692,231
adx_trend__period14__threshold25,adx_trend,TLT,trend,0.1736,-0.2844,-0.1744,150
adx_trend__period14__threshold30,adx_trend,TLT,trend,-0.0622,-0.3342,-0.1055,94
adx_trend__period21__threshold20,adx_trend,TLT,trend,0.0235,-0.5423,-0.1918,135
adx_trend__period21__threshold25,adx_trend,TLT,trend,-0.0371,-0.1853,-0.0799,77
ichimoku__tenkan9__kijun26__senkou_b52,ichimoku,TLT,trend,0.12,-0.1957,-0.2836,503
ichimoku__tenkan7__kijun22__senkou_b44,ichimoku,TLT,trend,0.014,0.0965,-0.2201,581
linreg_slope__period10,linreg_slope,TLT,trend,-0.0691,-0.5209,-0.3687,379
linreg_slope__period20,linreg_slope,TLT,trend,0.2731,-0.1991,-0.3392,183
linreg_slope__period30,linreg_slope,TLT,trend,0.2772,-0.2489,-0.2758,125
linreg_slope__period50,linreg_slope,TLT,trend,0.9111,-0.3172,-0.4177,55
aroon__period14,aroon,TLT,trend,0.288,-0.0179,-0.2789,256
aroon__period25,aroon,TLT,trend,0.0397,-0.309,-0.3157,141
aroon__period50,aroon,TLT,trend,0.6826,-0.0223,-0.337,65
vortex__period10,vortex,TLT,trend,-0.2251,-0.5167,-0.3805,502
vortex__period14,vortex,TLT,trend,-0.3734,-0.4531,-0.4158,425
vortex__period21,vortex,TLT,trend,0.14,-0.1354,-0.2518,359
trix__period9,trix,TLT,trend,0.3893,-0.2894,-0.356,153
trix__period12,trix,TLT,trend,0.5042,-0.0084,-0.2638,109
trix__period18,trix,TLT,trend,0.863,-0.1967,-0.3605,65
hull_ma__period14,hull_ma,TLT,trend,-0.5352,-1.2107,-0.589,612
hull_ma__period20,hull_ma,TLT,trend,-0.434,-0.434,-0.3196,432
hull_ma__period30,hull_ma,TLT,trend,-0.153,-0.125,-0.3024,306
hull_ma__period50,hull_ma,TLT,trend,-0.0103,-0.1514,-0.2731,196
kama__period5,kama,TLT,trend,-0.4665,0.2651,-0.2742,2029
kama__period10,kama,TLT,trend,0.043,0.0,0.0,156
kama__period20,kama,TLT,trend,-0.3141,0.0,0.0,43
turtle__entry20__exit_p10,turtle,TLT,trend,-0.5342,-0.3152,-0.1668,714
turtle__entry55__exit_p20,turtle,TLT,trend,-0.2857,-0.3213,-0.145,396
turtle__entry10__exit_p5,turtle,TLT,trend,-0.6743,-0.2852,-0.1996,1026
dual_momentum__period63,dual_momentum,TLT,trend,0.4329,-0.0373,-0.1761,222
dual_momentum__period126,dual_momentum,TLT,trend,0.4827,-0.4772,-0.2861,124
dual_momentum__period252,dual_momentum,TLT,trend,0.1284,-0.3498,-0.2847,80
elder_ray__period13,elder_ray,TLT,trend,-0.1665,-0.5571,-0.4175,662
elder_ray__period21,elder_ray,TLT,trend,-0.1895,-0.3509,-0.3806,518
elder_ray__period34,elder_ray,TLT,trend,0.0754,-0.0723,-0.2928,386
rsi_reversion__period7__lo30__hi70,rsi_reversion,TLT,meanrev,0.5624,0.6459,-0.1031,656
rsi_reversion__period7__lo25__hi75,rsi_reversion,TLT,meanrev,0.5109,0.4563,-0.0773,376
rsi_reversion__period14__lo30__hi70,rsi_reversion,TLT,meanrev,0.1676,0.646,-0.0556,184
rsi_reversion__period14__lo25__hi75,rsi_reversion,TLT,meanrev,0.5607,0.0052,-0.0328,68
rsi_reversion__period14__lo35__hi65,rsi_reversion,TLT,meanrev,0.2548,0.8534,-0.0936,394
rsi_reversion__period21__lo30__hi70,rsi_reversion,TLT,meanrev,0.536,0.0575,-0.045,76
rsi_reversion__period21__lo25__hi75,rsi_reversion,TLT,meanrev,-0.036,0.5641,-0.0001,18
rsi_reversion__period28__lo30__hi70,rsi_reversion,TLT,meanrev,0.4833,0.3024,-0.0165,38
rsi_reversion__period30__lo30__hi70,rsi_reversion,TLT,meanrev,0.0554,0.5641,-0.0001,22
rsi_reversion__period30__lo25__hi75,rsi_reversion,TLT,meanrev,-0.0471,0.0,0.0,6
bb_reversion__period20__std1.5,bb_reversion,TLT,meanrev,0.3092,0.2675,-0.1182,818
bb_reversion__period20__std2.0,bb_reversion,TLT,meanrev,0.5517,0.2702,-0.0918,472
bb_reversion__period20__std2.5,bb_reversion,TLT,meanrev,0.4306,0.25,-0.0316,124
bb_reversion__period30__std2.0,bb_reversion,TLT,meanrev,0.3531,-0.1466,-0.0972,376
bb_reversion__period30__std2.5,bb_reversion,TLT,meanrev,0.3871,1.0896,-0.014,142
bb_reversion__period50__std2.0,bb_reversion,TLT,meanrev,0.1976,0.2739,-0.0741,348
zscore_reversion__period10__threshold1.0,zscore_reversion,TLT,meanrev,0.3058,0.37,-0.1453,1342
zscore_reversion__period20__threshold1.5,zscore_reversion,TLT,meanrev,0.3092,0.2675,-0.1182,818
zscore_reversion__period20__threshold2.0,zscore_reversion,TLT,meanrev,0.5517,0.2702,-0.0918,472
zscore_reversion__period30__threshold1.5,zscore_reversion,TLT,meanrev,0.3902,0.7042,-0.0948,694
zscore_reversion__period30__threshold2.0,zscore_reversion,TLT,meanrev,0.3531,-0.1466,-0.0972,376
zscore_reversion__period60__threshold2.0,zscore_reversion,TLT,meanrev,0.2968,0.406,-0.0743,364
stochastic__k5__d3__lo20__hi80,stochastic,TLT,meanrev,0.4728,0.7233,-0.1071,902
stochastic__k14__d3__lo20__hi80,stochastic,TLT,meanrev,0.0701,0.3079,-0.1182,631
stochastic__k14__d3__lo30__hi70,stochastic,TLT,meanrev,0.1343,0.3791,-0.1647,681
stochastic__k14__d5__lo20__hi80,stochastic,TLT,meanrev,0.206,0.279,-0.154,465
stochastic__k21__d3__lo20__hi80,stochastic,TLT,meanrev,-0.0562,0.2226,-0.1244,549
cci_reversion__period14__threshold100,cci_reversion,TLT,meanrev,0.1748,0.3551,-0.1602,959
cci_reversion__period14__threshold150,cci_reversion,TLT,meanrev,0.4854,0.3035,-0.1147,581
cci_reversion__period20__threshold100,cci_reversion,TLT,meanrev,0.2353,0.4423,-0.1293,830
cci_reversion__period20__threshold150,cci_reversion,TLT,meanrev,0.4527,0.1108,-0.1078,510
cci_reversion__period30__threshold100,cci_reversion,TLT,meanrev,0.0674,0.3983,-0.1167,667
williams_r__period14__lo-80__hi-20,williams_r,TLT,meanrev,0.4096,-0.0225,-0.1585,1181
williams_r__period14__lo-90__hi-10,williams_r,TLT,meanrev,0.6296,0.6903,-0.1048,1092
williams_r__period21__lo-80__hi-20,williams_r,TLT,meanrev,0.1911,-0.0304,-0.1396,951
williams_r__period28__lo-80__hi-20,williams_r,TLT,meanrev,0.0966,0.2874,-0.1345,851
keltner_reversion__period20__mult1.5,keltner_reversion,TLT,meanrev,0.5345,0.2472,-0.1077,753
keltner_reversion__period20__mult2.0,keltner_reversion,TLT,meanrev,0.4133,0.6552,-0.0812,512
keltner_reversion__period20__mult2.5,keltner_reversion,TLT,meanrev,0.292,0.9527,-0.0697,286
keltner_reversion__period30__mult2.0,keltner_reversion,TLT,meanrev,0.2667,0.3674,-0.1189,597
vwap_reversion__period20__z_thresh1.0,vwap_reversion,TLT,meanrev,0.21,0.2053,-0.1505,919
vwap_reversion__period20__z_thresh1.5,vwap_reversion,TLT,meanrev,0.1862,0.2315,-0.0953,754
vwap_reversion__period20__z_thresh2.0,vwap_reversion,TLT,meanrev,-0.0387,0.1879,-0.089,490
percent_b__period20__std2.0__lo0.05__hi0.95,percent_b,TLT,meanrev,0.3144,0.1588,-0.1036,582
percent_b__period20__std2.0__lo0.1__hi0.9,percent_b,TLT,meanrev,0.2958,0.3,-0.1021,722
percent_b__period20__std2.0__lo0.2__hi0.8,percent_b,TLT,meanrev,0.4704,0.2887,-0.135,944
percent_b__period30__std2.0__lo0.2__hi0.8,percent_b,TLT,meanrev,0.2349,0.2605,-0.1167,785
connors_rsi__rsi_period3__streak_period2__rank_period100,connors_rsi,TLT,meanrev,0.4779,0.2736,-0.1134,1162
connors_rsi__rsi_period2__streak_period3__rank_period100,connors_rsi,TLT,meanrev,0.5487,0.6075,-0.0783,1217
ultimate_osc__p17__p214__p328,ultimate_osc,TLT,meanrev,0.6122,0.0981,-0.0381,140
ultimate_osc__p14__p28__p316,ultimate_osc,TLT,meanrev,0.7581,1.1789,-0.0412,506
gap_fade__threshold0.01,gap_fade,TLT,meanrev,-0.0961,0.1879,-0.0816,692
gap_fade__threshold0.015,gap_fade,TLT,meanrev,0.0521,0.0109,-0.0448,225
gap_fade__threshold0.02,gap_fade,TLT,meanrev,0.2382,0.3378,-0.0116,77
obv_trend__period10,obv_trend,TLT,volume,-0.7299,-0.4148,-0.3357,815
obv_trend__period20,obv_trend,TLT,volume,0.0581,-0.1937,-0.3222,508
obv_trend__period50,obv_trend,TLT,volume,0.3361,-0.4041,-0.4338,319
chaikin_mf__period10,chaikin_mf,TLT,volume,-0.6197,-0.4121,-0.3504,588
chaikin_mf__period20,chaikin_mf,TLT,volume,-0.138,-0.7273,-0.4728,393
chaikin_mf__period21,chaikin_mf,TLT,volume,-0.2707,-0.5937,-0.4409,375
mfi__period10,mfi,TLT,volume,0.3745,1.0993,-0.0636,246
mfi__period14,mfi,TLT,volume,0.4001,0.3485,-0.0566,96
mfi__period21,mfi,TLT,volume,0.1464,0.7773,-0.0158,28
volume_surge__period10__mult1.5,volume_surge,TLT,volume,-0.6046,-0.0009,-0.1,518
volume_surge__period20__mult2.0,volume_surge,TLT,volume,-0.2731,-0.5127,-0.1059,159
volume_surge__period20__mult3.0,volume_surge,TLT,volume,-0.0979,-0.1124,-0.0334,18
force_index__period2,force_index,TLT,volume,-0.7593,-0.4456,-0.3486,1414
force_index__period13,force_index,TLT,volume,0.088,-0.1448,-0.3244,497
force_index__period20,force_index,TLT,volume,0.2261,-0.1298,-0.3232,385
chaikin_osc__fast3__slow10,chaikin_osc,TLT,volume,-0.6401,-1.4372,-0.6367,438
chaikin_osc__fast3__slow12,chaikin_osc,TLT,volume,-0.5979,-1.1268,-0.5634,392
chaikin_osc__fast5__slow12,chaikin_osc,TLT,volume,-0.4404,-1.2577,-0.581,312
atr_breakout__period10__mult1.5,atr_breakout,TLT,volatility,-0.7972,-0.3073,-0.2342,716
atr_breakout__period14__mult1.5,atr_breakout,TLT,volatility,-0.7675,-0.464,-0.2681,776
atr_breakout__period14__mult2.0,atr_breakout,TLT,volatility,-0.6363,-0.668,-0.2211,498
atr_breakout__period20__mult2.0,atr_breakout,TLT,volatility,-0.7687,-0.807,-0.2823,613
atr_breakout__period20__mult2.5,atr_breakout,TLT,volatility,-0.5142,-1.2235,-0.2906,415
vol_breakout__period10__mult0.5,vol_breakout,TLT,volatility,-1.0403,-0.4078,-0.2955,2578
vol_breakout__period20__mult1.0,vol_breakout,TLT,volatility,-1.0194,0.009,-0.1743,2173
vol_breakout__period20__mult1.5,vol_breakout,TLT,volatility,-0.943,0.2098,-0.1597,1387
vol_breakout__period30__mult1.0,vol_breakout,TLT,volatility,-1.0334,-0.0593,-0.174,2156
squeeze_breakout__bb_period20__kc_period20__bb_std2.0__kc_mult1.5,squeeze_breakout,TLT,volatility,0.2687,-0.2657,-0.3273,172
squeeze_breakout__bb_period20__kc_period20__bb_std2.0__kc_mult1.0,squeeze_breakout,TLT,volatility,0.2289,-0.2413,-0.352,132
squeeze_breakout__bb_period30__kc_period30__bb_std2.0__kc_mult1.5,squeeze_breakout,TLT,volatility,0.631,-0.1341,-0.3524,84
engulfing,engulfing,TLT,pattern,-0.571,-0.7256,-0.1073,340
three_bar_reversal,three_bar_reversal,TLT,pattern,0.6953,0.609,-0.0778,892
higher_highs_lows__period5,higher_highs_lows,TLT,pattern,-0.0818,-0.3467,-0.3185,827
higher_highs_lows__period10,higher_highs_lows,TLT,pattern,0.1681,-0.2452,-0.2819,431
higher_highs_lows__period20,higher_highs_lows,TLT,pattern,0.4341,-0.4237,-0.3581,231
pivot_bounce__period5,pivot_bounce,TLT,pattern,-0.0315,0.6548,-0.1269,1250
pivot_bounce__period10,pivot_bounce,TLT,pattern,0.3878,0.4312,-0.1626,1091
pivot_bounce__period20,pivot_bounce,TLT,pattern,0.0719,0.6013,-0.0911,934
macd_rsi_combo__fast12__slow26__signal9__rsi_period14__rsi_lo40__rsi_hi60,macd_rsi_combo,TLT,composite,-0.5275,-0.2416,-0.2122,635
macd_rsi_combo__fast12__slow26__signal9__rsi_period14__rsi_lo45__rsi_hi55,macd_rsi_combo,TLT,composite,-0.0694,-0.2794,-0.2896,716
macd_rsi_combo__fast8__slow21__signal5__rsi_period14__rsi_lo40__rsi_hi60,macd_rsi_combo,TLT,composite,-0.652,-0.6397,-0.2675,671
macd_rsi_combo__fast5__slow35__signal5__rsi_period14__rsi_lo40__rsi_hi60,macd_rsi_combo,TLT,composite,-0.5342,-0.7532,-0.3007,701
triple_screen__trend_period20__osc_period14__osc_lo40__osc_hi60,triple_screen,TLT,composite,-0.1647,0.0,0.0,4
triple_screen__trend_period30__osc_period14__osc_lo40__osc_hi60,triple_screen,TLT,composite,-0.1647,0.0,0.0,4
triple_screen__trend_period50__osc_period14__osc_lo35__osc_hi65,triple_screen,TLT,composite,-0.1647,0.0,0.0,4
triple_screen__trend_period20__osc_period7__osc_lo30__osc_hi70,triple_screen,TLT,composite,0.0969,0.0,0.0,2
chandelier_exit__period14__mult2.0,chandelier_exit,TLT,composite,-0.3649,-0.2599,-0.2878,668
chandelier_exit__period22__mult3.0,chandelier_exit,TLT,composite,-0.1585,-0.3466,-0.3146,430
chandelier_exit__period22__mult2.0,chandelier_exit,TLT,composite,-0.1824,-0.1361,-0.2092,716
chandelier_exit__period10__mult2.0,chandelier_exit,TLT,composite,-0.4889,0.0668,-0.184,616
high52_momentum__period252__threshold0.7,high52_momentum,TLT,trend,0.3428,-0.8112,-0.3798,209
high52_momentum__period252__threshold0.75,high52_momentum,TLT,trend,0.3053,-0.4355,-0.2505,199
high52_momentum__period252__threshold0.8,high52_momentum,TLT,trend,0.0521,-0.2778,-0.1746,229
high52_momentum__period126__threshold0.7,high52_momentum,TLT,trend,0.5019,-0.9006,-0.4079,309
high52_momentum__period126__threshold0.75,high52_momentum,TLT,trend,0.2346,-0.7073,-0.3211,359
short_reversal__period5,short_reversal,TLT,meanrev,0.2186,0.4946,-0.1709,810
short_reversal__period10,short_reversal,TLT,meanrev,0.1037,0.5253,-0.2261,572
short_reversal__period15,short_reversal,TLT,meanrev,0.0255,-0.141,-0.2649,456
short_reversal__period20,short_reversal,TLT,meanrev,-0.3213,-0.1058,-0.2391,337
low_vol_regime__period20__ma_period60,low_vol_regime,TLT,volatility,-0.0273,0.3012,-0.121,124
low_vol_regime__period20__ma_period120,low_vol_regime,TLT,volatility,0.0148,0.0403,-0.0968,126
low_vol_regime__period60__ma_period120,low_vol_regime,TLT,volatility,-0.0043,0.4012,-0.099,30
low_vol_regime__period20__ma_period252,low_vol_regime,TLT,volatility,0.4824,-0.3174,-0.1891,130
low_vol_regime__period60__ma_period252,low_vol_regime,TLT,volatility,-0.1879,-0.3635,-0.2866,66
low_vol_regime__period120__ma_period252,low_vol_regime,TLT,volatility,0.0227,0.1869,-0.1878,30
nr_breakout__nr_period4__exit_bars3,nr_breakout,TLT,pattern,0.1275,0.5098,-0.124,990
nr_breakout__nr_period4__exit_bars5,nr_breakout,TLT,pattern,0.281,-0.1859,-0.1658,746
nr_breakout__nr_period7__exit_bars3,nr_breakout,TLT,pattern,0.0054,0.4282,-0.1325,722
nr_breakout__nr_period7__exit_bars5,nr_breakout,TLT,pattern,0.2517,0.376,-0.1084,617
nr_breakout__nr_period10__exit_bars5,nr_breakout,TLT,pattern,0.2101,0.7756,-0.0687,494
nr_breakout__nr_period10__exit_bars10,nr_breakout,TLT,pattern,0.3995,-0.0007,-0.2639,394
overnight_gap__period1__threshold0.001,overnight_gap,TLT,volume,-0.575,-0.0574,-0.2987,2347
overnight_gap__period1__threshold0.003,overnight_gap,TLT,volume,-0.4533,-0.2534,-0.3241,2463
overnight_gap__period3__threshold0.001,overnight_gap,TLT,volume,-0.0193,-0.1885,-0.3561,1574
overnight_gap__period3__threshold0.003,overnight_gap,TLT,volume,-0.5509,0.3118,-0.1445,1247
overnight_gap__period5__threshold0.001,overnight_gap,TLT,volume,-0.1482,-0.2162,-0.3487,1356
overnight_gap__period5__threshold0.003,overnight_gap,TLT,volume,-0.5206,-0.1558,-0.2293,734
coppock_curve__roc1252__roc2189__wma_period63,coppock_curve,TLT,trend,0.239,-0.3824,-0.3391,14
coppock_curve__roc1189__roc2126__wma_period42,coppock_curve,TLT,trend,0.4233,-0.4431,-0.3775,25
coppock_curve__roc1126__roc2100__wma_period21,coppock_curve,TLT,trend,0.6985,-0.4333,-0.327,27
bll_filter__pct0.005__hold0,bll_filter,TLT,trend,-0.7052,-0.4136,-0.398,1201
bll_filter__pct0.01__hold0,bll_filter,TLT,trend,-0.4834,0.0763,-0.2725,717
bll_filter__pct0.02__hold0,bll_filter,TLT,trend,-0.4983,-0.8797,-0.5468,356
bll_filter__pct0.005__hold10,bll_filter,TLT,trend,-0.6942,-0.4784,-0.3982,1236
bll_filter__pct0.01__hold10,bll_filter,TLT,trend,-0.5228,-0.0465,-0.2964,839
bll_filter__pct0.01__hold20,bll_filter,TLT,trend,-0.5278,0.0515,-0.283,738
bll_filter__pct0.02__hold10,bll_filter,TLT,trend,-0.5877,-0.4623,-0.4134,560
frog_in_pan__lookback252__skip21__id_cutoff0.5,frog_in_pan,TLT,trend,0.5625,-0.73,-0.4511,134
frog_in_pan__lookback252__skip21__id_cutoff0.45,frog_in_pan,TLT,trend,0.3344,-0.3723,-0.1686,112
frog_in_pan__lookback252__skip0__id_cutoff0.5,frog_in_pan,TLT,trend,0.4494,-0.5617,-0.4007,136
frog_in_pan__lookback126__skip21__id_cutoff0.5,frog_in_pan,TLT,trend,0.6117,-0.6112,-0.327,263
frog_in_pan__lookback126__skip21__id_cutoff0.45,frog_in_pan,TLT,trend,0.6291,-0.6366,-0.2734,148
vol_mom__mom_period126__vol_period126__skip21__vol_weight0.5,vol_mom,TLT,composite,0.668,-0.3905,-0.335,163
vol_mom__mom_period126__vol_period126__skip0__vol_weight0.5,vol_mom,TLT,composite,0.7181,-0.4701,-0.3345,165
vol_mom__mom_period252__vol_period126__skip21__vol_weight0.5,vol_mom,TLT,composite,0.4799,-0.5456,-0.3408,132
vol_mom__mom_period63__vol_period63__skip0__vol_weight0.3,vol_mom,TLT,composite,0.4649,-0.0219,-0.2056,216
vol_mom__mom_period126__vol_period126__skip21__vol_weight0.3,vol_mom,TLT,composite,0.6955,-0.5693,-0.4021,113
seasonality__n_years2,seasonality,TLT,pattern,-0.0579,0.4126,-0.2234,85
seasonality__n_years3,seasonality,TLT,pattern,0.0421,0.7538,-0.1634,79
seasonality__n_years5,seasonality,TLT,pattern,-0.0041,0.5117,-0.1968,82
residual_mom__lookback252__skip21,residual_mom,TLT,trend,0.3878,-0.6651,-0.442,62
residual_mom__lookback252__skip0,residual_mom,TLT,trend,0.3416,-0.5395,-0.4167,63
residual_mom__lookback126__skip21,residual_mom,TLT,trend,0.4516,-0.5655,-0.3853,110
vol_scaled_mom__rv_window21__vol_target0.12__damp0.5,vol_scaled_mom,TLT,trend,0.5086,-0.7807,-0.4279,2141
vol_scaled_mom__rv_window21__vol_target0.08__damp0.5,vol_scaled_mom,TLT,trend,0.4671,-0.7996,-0.3404,3380
vol_scaled_mom__rv_window63__vol_target0.12__damp0.5,vol_scaled_mom,TLT,trend,0.5261,-0.7766,-0.4233,2394
vol_scaled_mom__rv_window21__vol_target0.12__damp0.0,vol_scaled_mom,TLT,trend,0.5126,-0.7807,-0.4279,2076
vol_scaled_mom__rv_window21__vol_target0.15__damp0.5,vol_scaled_mom,TLT,trend,0.4741,-0.71,-0.4401,1347
dema_crossover__fast5__slow20,dema_crossover,TLT,trend,-0.6009,-0.1786,-0.2365,432
dema_crossover__fast10__slow40,dema_crossover,TLT,trend,0.0614,-0.2645,-0.2992,218
dema_crossover__fast12__slow26,dema_crossover,TLT,trend,-0.1178,0.1572,-0.1774,242
dema_crossover__fast20__slow50,dema_crossover,TLT,trend,0.4378,0.3128,-0.2662,130
dema_crossover__fast10__slow30,dema_crossover,TLT,trend,-0.0057,0.0528,-0.2332,250
tema_crossover__fast5__slow20,tema_crossover,TLT,trend,-0.6136,-0.5774,-0.3886,607
tema_crossover__fast10__slow40,tema_crossover,TLT,trend,-0.6483,-0.1081,-0.2837,314
tema_crossover__fast12__slow26,tema_crossover,TLT,trend,-0.6679,-0.3989,-0.3436,346
tema_crossover__fast20__slow50,tema_crossover,TLT,trend,-0.188,-0.1322,-0.2324,190
tema_crossover__fast10__slow30,tema_crossover,TLT,trend,-0.7858,0.0935,-0.2423,368
price_acceleration__period10__smooth3,price_acceleration,TLT,trend,-0.2401,-0.3894,-0.3546,1038
price_acceleration__period20__smooth5,price_acceleration,TLT,trend,-0.0133,-0.2511,-0.2707,815
price_acceleration__period20__smooth3,price_acceleration,TLT,trend,-0.0735,0.2309,-0.2102,1041
price_acceleration__period30__smooth5,price_acceleration,TLT,trend,-0.4526,0.0697,-0.293,816
price_acceleration__period40__smooth10,price_acceleration,TLT,trend,-0.1741,-0.389,-0.4458,624
price_acceleration__period10__smooth5,price_acceleration,TLT,trend,-0.2437,-0.2971,-0.3335,824
turn_of_month__days_before3__days_after3,turn_of_month,TLT,pattern,0.0429,0.2107,-0.2068,360
turn_of_month__days_before4__days_after4,turn_of_month,TLT,pattern,0.2428,0.0667,-0.2356,360
turn_of_month__days_before5__days_after5,turn_of_month,TLT,pattern,0.0864,-0.149,-0.2905,360
turn_of_month__days_before3__days_after5,turn_of_month,TLT,pattern,-0.1233,-0.2468,-0.2739,360
trend_intensity__period20,trend_intensity,TLT,trend,0.2198,0.0999,-0.0899,340
trend_intensity__period30,trend_intensity,TLT,trend,0.0237,-0.1355,-0.1097,242
trend_intensity__period50,trend_intensity,TLT,trend,0.1256,0.1111,-0.141,172
trend_intensity__period63,trend_intensity,TLT,trend,-0.0705,0.3619,-0.0937,176
ma_regime_momentum__regime_ma200__mom_period126__skip21,ma_regime_momentum,TLT,trend,0.5414,-1.123,-0.5099,250
ma_regime_momentum__regime_ma200__mom_period252__skip21,ma_regime_momentum,TLT,trend,0.5314,-1.3848,-0.5245,218
ma_regime_momentum__regime_ma200__mom_period63__skip0,ma_regime_momentum,TLT,trend,0.4662,-0.8185,-0.4301,357
ma_regime_momentum__regime_ma100__mom_period126__skip21,ma_regime_momentum,TLT,trend,0.6448,-1.0952,-0.4074,293
ma_regime_momentum__regime_ma50__mom_period63__skip0,ma_regime_momentum,TLT,trend,0.4145,-0.4929,-0.38,474
fisher_transform__period5,fisher_transform,TLT,trend,-0.6353,-0.5281,-0.4204,997
fisher_transform__period10,fisher_transform,TLT,trend,-0.2723,-0.6569,-0.4388,671
fisher_transform__period20,fisher_transform,TLT,trend,-0.1796,-0.2504,-0.2815,451
fisher_transform__period30,fisher_transform,TLT,trend,-0.1866,-0.3115,-0.3743,372
relative_vigor__period10,relative_vigor,TLT,trend,-0.0318,-0.2876,-0.343,1094
relative_vigor__period14,relative_vigor,TLT,trend,-0.0318,-0.2876,-0.343,1094
relative_vigor__period20,relative_vigor,TLT,trend,-0.0318,-0.2876,-0.343,1094
chande_momentum__period14__threshold0.0,chande_momentum,TLT,trend,0.0662,-0.4017,-0.3611,463
chande_momentum__period20__threshold0.0,chande_momentum,TLT,trend,0.2603,0.0438,-0.194,338
chande_momentum__period20__threshold10.0,chande_momentum,TLT,trend,0.0761,-0.2155,-0.2355,722
chande_momentum__period30__threshold0.0,chande_momentum,TLT,trend,0.2929,-0.2128,-0.337,349
chande_momentum__period9__threshold0.0,chande_momentum,TLT,trend,-0.235,-0.4152,-0.3326,595
demarker__period14__hi_thresh0.7__lo_thresh0.3,demarker,TLT,meanrev,0.1414,0.8156,-0.0821,507
demarker__period14__hi_thresh0.8__lo_thresh0.2,demarker,TLT,meanrev,0.1736,0.4945,-0.0685,195
demarker__period21__hi_thresh0.7__lo_thresh0.3,demarker,TLT,meanrev,-0.3634,-0.1861,-0.1261,267
demarker__period9__hi_thresh0.7__lo_thresh0.3,demarker,TLT,meanrev,0.1242,0.6821,-0.1181,745
stoch_rsi__rsi_period14__stoch_period14__lo20.0__hi80.0,stoch_rsi,TLT,meanrev,0.6096,0.3441,-0.1538,755
stoch_rsi__rsi_period14__stoch_period14__lo10.0__hi90.0,stoch_rsi,TLT,meanrev,0.8569,0.7379,-0.0851,642
stoch_rsi__rsi_period7__stoch_period14__lo20.0__hi80.0,stoch_rsi,TLT,meanrev,0.6603,0.6437,-0.1094,816
stoch_rsi__rsi_period21__stoch_period21__lo20.0__hi80.0,stoch_rsi,TLT,meanrev,0.496,0.1339,-0.1538,597
hurst_regime__period100__trend_thresh0.55__mr_thresh0.45,hurst_regime,TLT,trend,-0.1388,0.273,-0.0925,346
hurst_regime__period60__trend_thresh0.55__mr_thresh0.45,hurst_regime,TLT,trend,-0.6124,0.1235,-0.168,581
hurst_regime__period100__trend_thresh0.58__mr_thresh0.42,hurst_regime,TLT,trend,-0.2099,-0.5539,-0.0697,104
psych_line__period12__hi_thresh75.0__lo_thresh25.0,psych_line,TLT,meanrev,0.1613,0.8566,-0.0003,44
psych_line__period12__hi_thresh65.0__lo_thresh35.0,psych_line,TLT,meanrev,0.3808,0.1083,-0.1423,640
psych_line__period20__hi_thresh70.0__lo_thresh30.0,psych_line,TLT,meanrev,0.3818,0.5886,-0.0209,54
er_regime__er_period10__mom_period20__er_thresh0.4,er_regime,TLT,trend,-0.6068,-0.834,-0.462,1615
er_regime__er_period10__mom_period20__er_thresh0.3,er_regime,TLT,trend,-0.4884,-0.6303,-0.3972,1651
er_regime__er_period14__mom_period20__er_thresh0.4,er_regime,TLT,trend,-0.6299,-0.4747,-0.3067,1414
er_regime__er_period20__mom_period40__er_thresh0.4,er_regime,TLT,trend,-0.9025,0.5538,-0.1591,1023
er_regime__er_period10__mom_period10__er_thresh0.4,er_regime,TLT,trend,-0.3336,-0.0843,-0.3137,1889
mcginley_dynamic__fast5__slow20,mcginley_dynamic,TLT,trend,0.2383,-0.1328,-0.3174,206
mcginley_dynamic__fast10__slow40,mcginley_dynamic,TLT,trend,0.7865,-0.6388,-0.4392,90
mcginley_dynamic__fast12__slow26,mcginley_dynamic,TLT,trend,0.5944,-0.3204,-0.3532,106
mcginley_dynamic__fast5__slow14,mcginley_dynamic,TLT,trend,-0.0274,-0.134,-0.3089,268
cci_trend__period14__threshold50.0,cci_trend,TLT,trend,-0.0807,-0.2995,-0.2741,1001
cci_trend__period20__threshold50.0,cci_trend,TLT,trend,-0.1029,-0.0955,-0.2003,845
cci_trend__period20__threshold100.0,cci_trend,TLT,trend,-0.3468,-0.5647,-0.3033,830
cci_trend__period30__threshold50.0,cci_trend,TLT,trend,0.0426,-0.393,-0.3396,705
cci_trend__period14__threshold100.0,cci_trend,TLT,trend,-0.305,-0.5051,-0.3125,959
volume_roc__period10__signal_period5,volume_roc,TLT,volume,-0.1974,-0.8884,-0.3828,954
volume_roc__period14__signal_period10,volume_roc,TLT,volume,0.1456,-0.2799,-0.2575,691
volume_roc__period20__signal_period10,volume_roc,TLT,volume,0.2695,-0.2859,-0.1921,557
volume_roc__period5__signal_period3,volume_roc,TLT,volume,-0.3593,-0.6648,-0.3692,1331
hv_ratio__fast_period10__slow_period100__thresh_hi1.5__thresh_lo0.7,hv_ratio,TLT,volatility,-0.8015,-0.5028,-0.2334,350
hv_ratio__fast_period10__slow_period60__thresh_hi1.5__thresh_lo0.7,hv_ratio,TLT,volatility,-0.684,-0.729,-0.2336,319
hv_ratio__fast_period21__slow_period100__thresh_hi1.5__thresh_lo0.7,hv_ratio,TLT,volatility,-0.1278,0.428,-0.06,86
hv_ratio__fast_period10__slow_period100__thresh_hi2.0__thresh_lo0.5,hv_ratio,TLT,volatility,-0.4768,-0.2816,-0.048,51
zscore_trend__z_period20__trend_period50__z_thresh1.5,zscore_trend,TLT,meanrev,-0.3885,-0.3637,-0.032,78
zscore_trend__z_period20__trend_period50__z_thresh1.0,zscore_trend,TLT,meanrev,-0.0614,-1.201,-0.1446,186
zscore_trend__z_period20__trend_period100__z_thresh1.5,zscore_trend,TLT,meanrev,-0.0321,-0.8536,-0.114,190
zscore_trend__z_period30__trend_period100__z_thresh2.0,zscore_trend,TLT,meanrev,-0.0052,-0.7166,-0.0616,48
cmo_fisher__fisher_period10__cmo_period14__score_thresh0.3,cmo_fisher,TLT,trend,-0.9029,-0.407,-0.1952,890
cmo_fisher__fisher_period10__cmo_period14__score_thresh0.2,cmo_fisher,TLT,trend,-0.5777,-0.6043,-0.2834,1050
cmo_fisher__fisher_period14__cmo_period20__score_thresh0.3,cmo_fisher,TLT,trend,-0.6002,-0.6714,-0.2782,715
cmo_fisher__fisher_period8__cmo_period14__score_thresh0.2,cmo_fisher,TLT,trend,-0.5244,-0.7238,-0.3082,1122
rvi_divergence__rvi_period10__lookback5,rvi_divergence,TLT,meanrev,0.379,0.4168,-0.0425,20
rvi_divergence__rvi_period10__lookback8,rvi_divergence,TLT,meanrev,0.1229,0.2467,-0.0107,4
rvi_divergence__rvi_period14__lookback5,rvi_divergence,TLT,meanrev,0.379,0.4168,-0.0425,20
adaptive_rsi__base_period14__fast_n2__slow_n30,adaptive_rsi,TLT,meanrev,-0.4027,0.4613,-0.2156,245
adaptive_rsi__base_period14__fast_n2__slow_n60,adaptive_rsi,TLT,meanrev,-0.3615,0.552,-0.2104,236
adaptive_rsi__base_period9__fast_n2__slow_n30,adaptive_rsi,TLT,meanrev,-0.2179,0.4243,-0.2034,381
adaptive_rsi__base_period21__fast_n2__slow_n30,adaptive_rsi,TLT,meanrev,-0.7055,0.4966,-0.2007,177
elder_impulse__ema_period8,elder_impulse,TLT,composite,-0.7755,-0.3093,-0.3009,1571
elder_impulse__ema_period13,elder_impulse,TLT,composite,-0.6713,-0.5163,-0.3379,1517
elder_impulse__ema_period20,elder_impulse,TLT,composite,-0.694,-0.3846,-0.3043,1463
klinger_osc__fast34__slow55__signal13,klinger_osc,TLT,volume,-1.0322,-0.1933,-0.3771,794
klinger_osc__fast21__slow34__signal9,klinger_osc,TLT,volume,-0.6931,-0.4559,-0.4308,968
klinger_osc__fast55__slow89__signal13,klinger_osc,TLT,volume,-0.7878,-0.3219,-0.3054,748
price_oscillator__fast10__slow30__signal9,price_oscillator,TLT,trend,-0.5341,0.4402,-0.1903,322
price_oscillator__fast12__slow26__signal9,price_oscillator,TLT,trend,-0.5585,0.468,-0.2151,314
price_oscillator__fast5__slow20__signal5,price_oscillator,TLT,trend,-0.7645,-0.4805,-0.3875,601
price_oscillator__fast20__slow50__signal9,price_oscillator,TLT,trend,-0.089,-0.2109,-0.2889,222
baz_trend__ewmstd_span42,baz_trend,TLT,trend,0.6775,-0.7929,-0.4816,82
baz_trend__ewmstd_span63,baz_trend,TLT,trend,0.6775,-0.7929,-0.4816,82
baz_trend__ewmstd_span126,baz_trend,TLT,trend,0.6775,-0.7929,-0.4816,82
intermediate_mom__start252__end126,intermediate_mom,TLT,trend,-0.0508,-0.4765,-0.4101,117
intermediate_mom__start189__end105,intermediate_mom,TLT,trend,-0.5397,0.2677,-0.2632,176
intermediate_mom__start168__end84,intermediate_mom,TLT,trend,0.142,0.2172,-0.2089,176
intermediate_mom__start252__end63,intermediate_mom,TLT,trend,0.0432,-0.8054,-0.4874,60
mom_crash_protect__bear_lookback504__bear_thresh-0.2__damp0.0,mom_crash_protect,TLT,trend,0.4495,-0.7336,-0.4629,136
mom_crash_protect__bear_lookback504__bear_thresh-0.2__damp0.25,mom_crash_protect,TLT,trend,0.4531,-0.7198,-0.4585,136
mom_crash_protect__bear_lookback252__bear_thresh-0.2__damp0.0,mom_crash_protect,TLT,trend,0.4628,-0.6751,-0.4453,102
mom_crash_protect__bear_lookback504__bear_thresh-0.25__damp0.0,mom_crash_protect,TLT,trend,0.4666,-0.7223,-0.4601,120
consistent_mom__consistency_thresh0.5,consistent_mom,TLT,trend,0.3651,-0.273,-0.2629,584
consistent_mom__consistency_thresh0.58,consistent_mom,TLT,trend,0.3671,-0.1564,-0.2365,573
consistent_mom__consistency_thresh0.67,consistent_mom,TLT,trend,0.0395,-0.6286,-0.1673,216
signed_range_mom__period10__threshold0.1,signed_range_mom,TLT,trend,-0.0432,-0.4707,-0.3579,1020
signed_range_mom__period21__threshold0.1,signed_range_mom,TLT,trend,0.2779,-0.5014,-0.3074,695
signed_range_mom__period21__threshold0.15,signed_range_mom,TLT,trend,0.1834,-0.5424,-0.2606,585
signed_range_mom__period42__threshold0.1,signed_range_mom,TLT,trend,0.6598,-1.449,-0.4883,429
signed_range_mom__period63__threshold0.1,signed_range_mom,TLT,trend,0.4949,-0.5717,-0.2331,299
multi_tsmom,multi_tsmom,TLT,trend,0.5789,-0.8132,-0.3927,415
"multi_tsmom__lookbacks(63, 126, 252)",multi_tsmom,TLT,trend,0.6626,-0.954,-0.4968,160
"multi_tsmom__lookbacks(21, 63, 252)",multi_tsmom,TLT,trend,0.4004,-0.3968,-0.3393,288
"multi_tsmom__lookbacks(21, 63, 126, 252)__weights(0.4, 0.3, 0.2, 0.1)",multi_tsmom,TLT,trend,0.4431,-0.3534,-0.3262,288
"multi_tsmom__lookbacks(21, 63, 126, 252)__weights(0.1, 0.2, 0.3, 0.4)",multi_tsmom,TLT,trend,0.656,-0.9434,-0.4783,246
ma_crossover__fast5__slow20__kindsma,ma_crossover,HYG,trend,0.2271,-0.0191,-0.1198,216
ma_crossover__fast10__slow30__kindsma,ma_crossover,HYG,trend,-0.0499,-0.3893,-0.1607,128
ma_crossover__fast20__slow50__kindsma,ma_crossover,HYG,trend,0.0048,-0.2132,-0.1423,72
ma_crossover__fast50__slow100__kindsma,ma_crossover,HYG,trend,0.179,0.6055,-0.0793,28
ma_crossover__fast50__slow200__kindsma,ma_crossover,HYG,trend,0.0304,0.799,-0.0769,16
ma_crossover__fast100__slow200__kindsma,ma_crossover,HYG,trend,-0.0527,0.6429,-0.0877,16
ma_crossover__fast10__slow50__kindsma,ma_crossover,HYG,trend,-0.0139,-0.0338,-0.1223,85
ma_crossover__fast20__slow100__kindsma,ma_crossover,HYG,trend,0.1609,0.4604,-0.0996,41
ma_crossover__fast5__slow20__kindema,ma_crossover,HYG,trend,0.1911,-0.3837,-0.1739,196
ma_crossover__fast12__slow26__kindema,ma_crossover,HYG,trend,0.2334,0.2834,-0.0828,108
ma_crossover__fast10__slow50__kindema,ma_crossover,HYG,trend,0.2026,0.5762,-0.064,67
ma_crossover__fast20__slow100__kindema,ma_crossover,HYG,trend,-0.1975,0.6527,-0.0861,39
ts_momentum__period21,ts_momentum,HYG,trend,0.2076,-0.4528,-0.1672,312
ts_momentum__period42,ts_momentum,HYG,trend,-0.0026,0.3317,-0.1246,212
ts_momentum__period63,ts_momentum,HYG,trend,-0.1435,0.5141,-0.0637,157
ts_momentum__period126,ts_momentum,HYG,trend,0.2662,0.4468,-0.128,102
ts_momentum__period252,ts_momentum,HYG,trend,0.2334,1.0739,-0.0511,44
roc_momentum__period5,roc_momentum,HYG,trend,0.5197,-0.0848,-0.1372,716
roc_momentum__period10,roc_momentum,HYG,trend,0.2921,0.2085,-0.0763,510
roc_momentum__period20,roc_momentum,HYG,trend,0.2414,-0.2228,-0.1291,298
roc_momentum__period30,roc_momentum,HYG,trend,-0.1623,0.0309,-0.107,283
roc_momentum__period60,roc_momentum,HYG,trend,-0.1267,0.5308,-0.0667,164
macd_signal__fast12__slow26__signal9,macd_signal,HYG,trend,0.1855,-0.3557,-0.1233,294
macd_signal__fast8__slow17__signal9,macd_signal,HYG,trend,0.3058,0.2215,-0.0723,368
macd_signal__fast5__slow35__signal5,macd_signal,HYG,trend,0.3969,0.1028,-0.0992,531
macd_signal__fast3__slow10__signal16,macd_signal,HYG,trend,0.2866,0.2675,-0.0744,555
donchian_breakout__period10,donchian_breakout,HYG,trend,0.2237,0.6255,-0.0406,1022
donchian_breakout__period20,donchian_breakout,HYG,trend,-0.1072,0.3299,-0.0428,796
donchian_breakout__period30,donchian_breakout,HYG,trend,-0.3616,-0.0806,-0.0389,662
donchian_breakout__period40,donchian_breakout,HYG,trend,-0.7223,-0.0903,-0.0396,592
donchian_breakout__period55,donchian_breakout,HYG,trend,-0.7595,-0.0195,-0.0282,520
bb_breakout__period20__std1.5,bb_breakout,HYG,trend,0.1578,0.1765,-0.0586,735
bb_breakout__period20__std2.0,bb_breakout,HYG,trend,-0.3815,-0.0126,-0.0552,440
bb_breakout__period20__std2.5,bb_breakout,HYG,trend,-0.6255,0.1028,-0.0322,136
bb_breakout__period30__std2.0,bb_breakout,HYG,trend,-0.387,-0.3896,-0.0552,370
bb_breakout__period50__std2.0,bb_breakout,HYG,trend,-0.6581,-0.5159,-0.0674,310
supertrend__period7__mult2.0,supertrend,HYG,trend,0.1876,0.2531,-0.0712,223
supertrend__period7__mult3.0,supertrend,HYG,trend,0.2971,-0.329,-0.1537,135
supertrend__period10__mult3.0,supertrend,HYG,trend,0.4449,-0.23,-0.1205,131
supertrend__period14__mult2.0,supertrend,HYG,trend,0.3219,-0.0152,-0.1137,229
supertrend__period14__mult3.0,supertrend,HYG,trend,0.0912,-0.1367,-0.1131,137
parabolic_sar__step0.01__max_af0.1,parabolic_sar,HYG,trend,0.4107,0.1734,-0.0748,195
parabolic_sar__step0.02__max_af0.2,parabolic_sar,HYG,trend,0.3934,0.1154,-0.0873,335
parabolic_sar__step0.03__max_af0.2,parabolic_sar,HYG,trend,0.4456,0.3745,-0.0659,410
parabolic_sar__step0.05__max_af0.2,parabolic_sar,HYG,trend,0.617,0.2891,-0.1,516
adx_trend__period14__threshold20,adx_trend,HYG,trend,-0.0127,-0.2522,-0.1303,267
adx_trend__period14__threshold25,adx_trend,HYG,trend,-0.5393,-0.2542,-0.0863,212
adx_trend__period14__threshold30,adx_trend,HYG,trend,-0.3925,-0.961,-0.1565,142
adx_trend__period21__threshold20,adx_trend,HYG,trend,-0.2586,-0.2815,-0.1192,159
adx_trend__period21__threshold25,adx_trend,HYG,trend,-0.2538,-0.6143,-0.1141,109
ichimoku__tenkan9__kijun26__senkou_b52,ichimoku,HYG,trend,0.3329,-0.4384,-0.136,488
ichimoku__tenkan7__kijun22__senkou_b44,ichimoku,HYG,trend,0.5541,-0.2133,-0.1239,511
linreg_slope__period10,linreg_slope,HYG,trend,0.0389,-0.3277,-0.1123,357
linreg_slope__period20,linreg_slope,HYG,trend,-0.1647,-0.1911,-0.0885,162
linreg_slope__period30,linreg_slope,HYG,trend,-0.3772,-0.4345,-0.1599,120
linreg_slope__period50,linreg_slope,HYG,trend,-0.0233,0.0208,-0.0932,60
aroon__period14,aroon,HYG,trend,0.5355,-0.4165,-0.126,238
aroon__period25,aroon,HYG,trend,-0.1772,-0.5948,-0.1897,144
aroon__period50,aroon,HYG,trend,-0.0572,-0.411,-0.1751,71
vortex__period10,vortex,HYG,trend,0.3451,0.468,-0.0565,401
vortex__period14,vortex,HYG,trend,0.6281,-0.1165,-0.1002,342
vortex__period21,vortex,HYG,trend,0.2275,-0.4309,-0.1617,242
trix__period9,trix,HYG,trend,0.1374,0.1015,-0.0837,135
trix__period12,trix,HYG,trend,-0.141,-0.3736,-0.146,101
trix__period18,trix,HYG,trend,0.1387,0.1648,-0.0862,64
hull_ma__period14,hull_ma,HYG,trend,0.0097,-0.2278,-0.124,553
hull_ma__period20,hull_ma,HYG,trend,0.2327,-0.253,-0.1082,397
hull_ma__period30,hull_ma,HYG,trend,0.3579,0.1756,-0.067,271
hull_ma__period50,hull_ma,HYG,trend,0.0011,-0.3351,-0.1585,181
kama__period5,kama,HYG,trend,0.3902,-0.3453,-0.1559,1926
kama__period10,kama,HYG,trend,0.2768,0.0,0.0,153
kama__period20,kama,HYG,trend,-1.245,0.0,0.0,41
turtle__entry20__exit_p10,turtle,HYG,trend,-0.1072,0.3299,-0.0428,796
turtle__entry55__exit_p20,turtle,HYG,trend,-0.7595,-0.0195,-0.0282,520
turtle__entry10__exit_p5,turtle,HYG,trend,0.2237,0.6255,-0.0406,1022
dual_momentum__period63,dual_momentum,HYG,trend,0.4906,0.7028,-0.0399,158
dual_momentum__period126,dual_momentum,HYG,trend,0.8031,0.587,-0.0899,103
dual_momentum__period252,dual_momentum,HYG,trend,0.5995,0.9393,-0.0522,45
elder_ray__period13,elder_ray,HYG,trend,0.1354,0.3632,-0.0953,582
elder_ray__period21,elder_ray,HYG,trend,0.3354,-0.2354,-0.1451,458
elder_ray__period34,elder_ray,HYG,trend,0.1984,-0.0259,-0.1028,318
rsi_reversion__period7__lo30__hi70,rsi_reversion,HYG,meanrev,-0.2592,-0.1056,-0.0661,664
rsi_reversion__period7__lo25__hi75,rsi_reversion,HYG,meanrev,0.3251,0.1262,-0.0373,476
rsi_reversion__period14__lo30__hi70,rsi_reversion,HYG,meanrev,0.5329,0.35,-0.0279,258
rsi_reversion__period14__lo25__hi75,rsi_reversion,HYG,meanrev,0.8065,0.5997,-0.0115,118
rsi_reversion__period14__lo35__hi65,rsi_reversion,HYG,meanrev,0.1422,0.0444,-0.0627,480
rsi_reversion__period21__lo30__hi70,rsi_reversion,HYG,meanrev,0.3918,0.5111,-0.0115,106
rsi_reversion__period21__lo25__hi75,rsi_reversion,HYG,meanrev,0.3015,0.6593,-0.0003,26
rsi_reversion__period28__lo30__hi70,rsi_reversion,HYG,meanrev,0.5073,0.3605,-0.0089,50
rsi_reversion__period30__lo30__hi70,rsi_reversion,HYG,meanrev,0.4067,0.5491,-0.0044,42
rsi_reversion__period30__lo25__hi75,rsi_reversion,HYG,meanrev,0.3039,0.0,0.0,4
bb_reversion__period20__std1.5,bb_reversion,HYG,meanrev,-0.3536,-0.4561,-0.102,735
bb_reversion__period20__std2.0,bb_reversion,HYG,meanrev,0.211,-0.2051,-0.0583,440
bb_reversion__period20__std2.5,bb_reversion,HYG,meanrev,0.5149,-0.213,-0.0417,136
bb_reversion__period30__std2.0,bb_reversion,HYG,meanrev,0.2621,0.1725,-0.0267,370
bb_reversion__period30__std2.5,bb_reversion,HYG,meanrev,0.4298,0.4995,-0.0146,160
bb_reversion__period50__std2.0,bb_reversion,HYG,meanrev,0.5511,0.3377,-0.0368,310
zscore_reversion__period10__threshold1.0,zscore_reversion,HYG,meanrev,-0.699,-0.6953,-0.1557,1248
zscore_reversion__period20__threshold1.5,zscore_reversion,HYG,meanrev,-0.3536,-0.4561,-0.102,735
zscore_reversion__period20__threshold2.0,zscore_reversion,HYG,meanrev,0.211,-0.2051,-0.0583,440
zscore_reversion__period30__threshold1.5,zscore_reversion,HYG,meanrev,-0.1522,0.0451,-0.054,664
zscore_reversion__period30__threshold2.0,zscore_reversion,HYG,meanrev,0.2621,0.1725,-0.0267,370
zscore_reversion__period60__threshold2.0,zscore_reversion,HYG,meanrev,0.5459,0.3317,-0.0334,278
stochastic__k5__d3__lo20__hi80,stochastic,HYG,meanrev,-0.1936,-0.7841,-0.1501,854
stochastic__k14__d3__lo20__hi80,stochastic,HYG,meanrev,-0.4884,-0.4681,-0.1169,556
stochastic__k14__d3__lo30__hi70,stochastic,HYG,meanrev,-0.6012,0.0032,-0.0828,564
stochastic__k14__d5__lo20__hi80,stochastic,HYG,meanrev,-0.338,-0.2379,-0.1102,414
stochastic__k21__d3__lo20__hi80,stochastic,HYG,meanrev,-0.2126,-0.1412,-0.0856,498
cci_reversion__period14__threshold100,cci_reversion,HYG,meanrev,-0.77,-0.3035,-0.1041,874
cci_reversion__period14__threshold150,cci_reversion,HYG,meanrev,-0.4349,-0.6169,-0.11,552
cci_reversion__period20__threshold100,cci_reversion,HYG,meanrev,-0.47,-0.3226,-0.0922,715
cci_reversion__period20__threshold150,cci_reversion,HYG,meanrev,0.0452,-0.6445,-0.1033,510
cci_reversion__period30__threshold100,cci_reversion,HYG,meanrev,-0.3329,-0.1681,-0.0985,572
williams_r__period14__lo-80__hi-20,williams_r,HYG,meanrev,-0.9996,-0.6724,-0.1501,983
williams_r__period14__lo-90__hi-10,williams_r,HYG,meanrev,-0.9348,-0.7469,-0.1387,1044
williams_r__period21__lo-80__hi-20,williams_r,HYG,meanrev,-0.6957,-0.5562,-0.1348,789
williams_r__period28__lo-80__hi-20,williams_r,HYG,meanrev,-0.5013,-0.3448,-0.11,692
keltner_reversion__period20__mult1.5,keltner_reversion,HYG,meanrev,-0.1254,-0.0275,-0.07,710
keltner_reversion__period20__mult2.0,keltner_reversion,HYG,meanrev,0.2215,0.1542,-0.0602,542
keltner_reversion__period20__mult2.5,keltner_reversion,HYG,meanrev,0.3542,0.1583,-0.0385,322
keltner_reversion__period30__mult2.0,keltner_reversion,HYG,meanrev,0.0938,0.251,-0.0477,576
vwap_reversion__period20__z_thresh1.0,vwap_reversion,HYG,meanrev,-0.5638,-0.1097,-0.1083,711
vwap_reversion__period20__z_thresh1.5,vwap_reversion,HYG,meanrev,-0.1362,-0.0044,-0.0695,690
vwap_reversion__period20__z_thresh2.0,vwap_reversion,HYG,meanrev,0.054,-0.2066,-0.0729,498
percent_b__period20__std2.0__lo0.05__hi0.95,percent_b,HYG,meanrev,-0.1014,-0.4408,-0.0797,580
percent_b__period20__std2.0__lo0.1__hi0.9,percent_b,HYG,meanrev,-0.37,-0.4665,-0.0974,711
percent_b__period20__std2.0__lo0.2__hi0.8,percent_b,HYG,meanrev,-0.4917,-0.2232,-0.0876,830
percent_b__period30__std2.0__lo0.2__hi0.8,percent_b,HYG,meanrev,-0.5172,-0.0855,-0.0876,662
connors_rsi__rsi_period3__streak_period2__rank_period100,connors_rsi,HYG,meanrev,-0.6026,-0.8343,-0.1456,1106
connors_rsi__rsi_period2__streak_period3__rank_period100,connors_rsi,HYG,meanrev,-0.5267,-0.7657,-0.1431,1142
ultimate_osc__p17__p214__p328,ultimate_osc,HYG,meanrev,0.1993,0.2243,-0.023,258
ultimate_osc__p14__p28__p316,ultimate_osc,HYG,meanrev,-0.3037,-0.5777,-0.1017,598
gap_fade__threshold0.01,gap_fade,HYG,meanrev,0.132,-0.1319,-0.0079,111
gap_fade__threshold0.015,gap_fade,HYG,meanrev,-0.0613,0.4456,-0.0001,50
gap_fade__threshold0.02,gap_fade,HYG,meanrev,0.1005,0.0,0.0,22
obv_trend__period10,obv_trend,HYG,volume,0.2828,0.1518,-0.0962,690
obv_trend__period20,obv_trend,HYG,volume,0.1215,-0.0385,-0.1264,480
obv_trend__period50,obv_trend,HYG,volume,-0.139,-0.1947,-0.1102,311
chaikin_mf__period10,chaikin_mf,HYG,volume,-0.0549,0.1781,-0.1187,505
chaikin_mf__period20,chaikin_mf,HYG,volume,-0.153,0.0886,-0.0855,354
chaikin_mf__period21,chaikin_mf,HYG,volume,-0.1285,0.1246,-0.0697,350
mfi__period10,mfi,HYG,volume,0.4867,0.5733,-0.0328,320
mfi__period14,mfi,HYG,volume,0.4066,0.4519,-0.0192,152
mfi__period21,mfi,HYG,volume,0.2084,0.2161,-0.0006,44
volume_surge__period10__mult1.5,volume_surge,HYG,volume,-0.2465,0.2728,-0.0353,560
volume_surge__period20__mult2.0,volume_surge,HYG,volume,-0.1847,0.0944,-0.0272,186
volume_surge__period20__mult3.0,volume_surge,HYG,volume,-0.1139,0.4655,-0.0001,22
force_index__period2,force_index,HYG,volume,0.3889,-0.0,-0.0923,1348
force_index__period13,force_index,HYG,volume,0.2879,0.2792,-0.0731,475
force_index__period20,force_index,HYG,volume,0.1621,0.1158,-0.092,385
chaikin_osc__fast3__slow10,chaikin_osc,HYG,volume,-0.2708,-0.0935,-0.1471,390
chaikin_osc__fast3__slow12,chaikin_osc,HYG,volume,-0.3384,-0.1556,-0.135,354
chaikin_osc__fast5__slow12,chaikin_osc,HYG,volume,-0.3428,0.0809,-0.0812,272
atr_breakout__period10__mult1.5,atr_breakout,HYG,volatility,0.1372,-0.0986,-0.0667,632
atr_breakout__period14__mult1.5,atr_breakout,HYG,volatility,0.0682,-0.0173,-0.08,724
atr_breakout__period14__mult2.0,atr_breakout,HYG,volatility,-0.1377,-0.2581,-0.0551,494
atr_breakout__period20__mult2.0,atr_breakout,HYG,volatility,-0.2427,-0.4858,-0.0886,574
atr_breakout__period20__mult2.5,atr_breakout,HYG,volatility,-0.4968,-0.554,-0.0747,418
vol_breakout__period10__mult0.5,vol_breakout,HYG,volatility,0.1867,0.3819,-0.1019,2446
vol_breakout__period20__mult1.0,vol_breakout,HYG,volatility,0.4924,0.4942,-0.0579,1996
vol_breakout__period20__mult1.5,vol_breakout,HYG,volatility,0.195,0.4565,-0.0478,1312
vol_breakout__period30__mult1.0,vol_breakout,HYG,volatility,0.4445,0.7443,-0.0532,1936
squeeze_breakout__bb_period20__kc_period20__bb_std2.0__kc_mult1.5,squeeze_breakout,HYG,volatility,-0.0125,-0.0018,-0.1034,157
squeeze_breakout__bb_period20__kc_period20__bb_std2.0__kc_mult1.0,squeeze_breakout,HYG,volatility,0.0098,0.0292,-0.1046,102
squeeze_breakout__bb_period30__kc_period30__bb_std2.0__kc_mult1.5,squeeze_breakout,HYG,volatility,0.2598,-0.0428,-0.1372,71
engulfing,engulfing,HYG,pattern,-0.513,-0.6511,-0.0521,442
three_bar_reversal,three_bar_reversal,HYG,pattern,-0.2585,-0.2704,-0.0734,956
higher_highs_lows__period5,higher_highs_lows,HYG,pattern,-0.188,-0.2123,-0.0716,767
higher_highs_lows__period10,higher_highs_lows,HYG,pattern,0.1561,-0.5265,-0.1276,404
higher_highs_lows__period20,higher_highs_lows,HYG,pattern,-0.2628,-0.4305,-0.1654,225
pivot_bounce__period5,pivot_bounce,HYG,pattern,-0.3541,-0.5421,-0.0986,1258
pivot_bounce__period10,pivot_bounce,HYG,pattern,-0.3556,-0.3986,-0.0903,1090
pivot_bounce__period20,pivot_bounce,HYG,pattern,-0.583,-0.7764,-0.1026,938
macd_rsi_combo__fast12__slow26__signal9__rsi_period14__rsi_lo40__rsi_hi60,macd_rsi_combo,HYG,composite,-0.0687,-0.4011,-0.0911,564
macd_rsi_combo__fast12__slow26__signal9__rsi_period14__rsi_lo45__rsi_hi55,macd_rsi_combo,HYG,composite,0.2443,-0.1755,-0.1025,607
macd_rsi_combo__fast8__slow21__signal5__rsi_period14__rsi_lo40__rsi_hi60,macd_rsi_combo,HYG,composite,0.1316,-0.0643,-0.0673,602
macd_rsi_combo__fast5__slow35__signal5__rsi_period14__rsi_lo40__rsi_hi60,macd_rsi_combo,HYG,composite,0.1187,-0.0706,-0.065,644
triple_screen__trend_period20__osc_period14__osc_lo40__osc_hi60,triple_screen,HYG,composite,0.1897,0.0,0.0,2
triple_screen__trend_period30__osc_period14__osc_lo40__osc_hi60,triple_screen,HYG,composite,0.1369,0.0,0.0,2
triple_screen__trend_period50__osc_period14__osc_lo35__osc_hi65,triple_screen,HYG,composite,0.0,0.0,0.0,0
triple_screen__trend_period20__osc_period7__osc_lo30__osc_hi70,triple_screen,HYG,composite,0.0,0.0,0.0,0
chandelier_exit__period14__mult2.0,chandelier_exit,HYG,composite,0.5934,0.2778,-0.0892,530
chandelier_exit__period22__mult3.0,chandelier_exit,HYG,composite,0.7113,-0.0274,-0.0907,340
chandelier_exit__period22__mult2.0,chandelier_exit,HYG,composite,0.8561,0.2114,-0.0744,546
chandelier_exit__period10__mult2.0,chandelier_exit,HYG,composite,0.5412,0.4502,-0.0794,494
high52_momentum__period252__threshold0.7,high52_momentum,HYG,trend,0.3314,0.5311,-0.0991,141
high52_momentum__period252__threshold0.75,high52_momentum,HYG,trend,0.3686,0.6499,-0.0614,153
high52_momentum__period252__threshold0.8,high52_momentum,HYG,trend,0.2983,0.6388,-0.0546,173
high52_momentum__period126__threshold0.7,high52_momentum,HYG,trend,0.3587,0.6504,-0.0664,247
high52_momentum__period126__threshold0.75,high52_momentum,HYG,trend,0.3489,0.474,-0.0591,275
short_reversal__period5,short_reversal,HYG,meanrev,-0.7375,-0.2801,-0.1576,716
short_reversal__period10,short_reversal,HYG,meanrev,-0.4433,-0.4662,-0.1692,510
short_reversal__period15,short_reversal,HYG,meanrev,-0.6024,-0.2651,-0.1127,366
short_reversal__period20,short_reversal,HYG,meanrev,-0.3299,0.0696,-0.0816,298
low_vol_regime__period20__ma_period60,low_vol_regime,HYG,volatility,0.3856,-0.5406,-0.1116,186
low_vol_regime__period20__ma_period120,low_vol_regime,HYG,volatility,0.0944,-0.1921,-0.1044,152
low_vol_regime__period60__ma_period120,low_vol_regime,HYG,volatility,0.2498,-0.3816,-0.1154,78
low_vol_regime__period20__ma_period252,low_vol_regime,HYG,volatility,0.131,0.0005,-0.1166,138
low_vol_regime__period60__ma_period252,low_vol_regime,HYG,volatility,-0.0622,0.507,-0.0833,54
low_vol_regime__period120__ma_period252,low_vol_regime,HYG,volatility,0.1228,0.4131,-0.1163,40
nr_breakout__nr_period4__exit_bars3,nr_breakout,HYG,pattern,-0.2263,-0.1429,-0.1099,974
nr_breakout__nr_period4__exit_bars5,nr_breakout,HYG,pattern,-0.3771,-0.1139,-0.1276,741
nr_breakout__nr_period7__exit_bars3,nr_breakout,HYG,pattern,-0.0157,-0.6303,-0.1122,707
nr_breakout__nr_period7__exit_bars5,nr_breakout,HYG,pattern,-0.1164,-0.5452,-0.1148,599
nr_breakout__nr_period10__exit_bars5,nr_breakout,HYG,pattern,0.0098,-0.1614,-0.063,495
nr_breakout__nr_period10__exit_bars10,nr_breakout,HYG,pattern,-0.0647,0.0571,-0.0895,409
overnight_gap__period1__threshold0.001,overnight_gap,HYG,volume,0.1665,0.2811,-0.0609,2237
overnight_gap__period1__threshold0.003,overnight_gap,HYG,volume,0.27,0.3265,-0.0555,988
overnight_gap__period3__threshold0.001,overnight_gap,HYG,volume,0.0635,-0.1275,-0.0855,1132
overnight_gap__period3__threshold0.003,overnight_gap,HYG,volume,-0.1591,-0.3503,-0.0435,270
overnight_gap__period5__threshold0.001,overnight_gap,HYG,volume,-0.2444,-0.3701,-0.074,747
overnight_gap__period5__threshold0.003,overnight_gap,HYG,volume,-0.1513,-0.1131,-0.019,119
coppock_curve__roc1252__roc2189__wma_period63,coppock_curve,HYG,trend,0.3012,0.9366,-0.0641,6
coppock_curve__roc1189__roc2126__wma_period42,coppock_curve,HYG,trend,-0.0484,0.6058,-0.0957,14
coppock_curve__roc1126__roc2100__wma_period21,coppock_curve,HYG,trend,-0.07,0.7557,-0.0842,26
bll_filter__pct0.005__hold0,bll_filter,HYG,trend,0.5672,0.1098,-0.1376,565
bll_filter__pct0.01__hold0,bll_filter,HYG,trend,0.5122,-0.1446,-0.1127,272
bll_filter__pct0.02__hold0,bll_filter,HYG,trend,0.5158,0.1179,-0.079,108
bll_filter__pct0.005__hold10,bll_filter,HYG,trend,0.5425,-0.1423,-0.1663,744
bll_filter__pct0.01__hold10,bll_filter,HYG,trend,0.3422,-0.1118,-0.1124,477
bll_filter__pct0.01__hold20,bll_filter,HYG,trend,0.5545,-0.0068,-0.0929,370
bll_filter__pct0.02__hold10,bll_filter,HYG,trend,0.418,-0.7159,-0.1303,277
frog_in_pan__lookback252__skip21__id_cutoff0.5,frog_in_pan,HYG,trend,0.3377,1.0156,-0.0669,58
frog_in_pan__lookback252__skip21__id_cutoff0.45,frog_in_pan,HYG,trend,0.1276,0.5109,-0.0669,111
frog_in_pan__lookback252__skip0__id_cutoff0.5,frog_in_pan,HYG,trend,0.2386,1.1261,-0.0571,58
frog_in_pan__lookback126__skip21__id_cutoff0.5,frog_in_pan,HYG,trend,0.2521,0.7241,-0.0762,142
frog_in_pan__lookback126__skip21__id_cutoff0.45,frog_in_pan,HYG,trend,0.2983,0.4203,-0.0838,121
vol_mom__mom_period126__vol_period126__skip21__vol_weight0.5,vol_mom,HYG,composite,-0.1077,0.2951,-0.0895,141
vol_mom__mom_period126__vol_period126__skip0__vol_weight0.5,vol_mom,HYG,composite,0.0198,0.3112,-0.0911,141
vol_mom__mom_period252__vol_period126__skip21__vol_weight0.5,vol_mom,HYG,composite,0.3512,0.6722,-0.0479,84
vol_mom__mom_period63__vol_period63__skip0__vol_weight0.3,vol_mom,HYG,composite,-0.082,0.5141,-0.0637,152
vol_mom__mom_period126__vol_period126__skip21__vol_weight0.3,vol_mom,HYG,composite,-0.0697,0.4141,-0.1113,103
seasonality__n_years2,seasonality,HYG,pattern,0.2543,1.2183,-0.0622,84
seasonality__n_years3,seasonality,HYG,pattern,0.1727,0.6861,-0.0905,84
seasonality__n_years5,seasonality,HYG,pattern,0.364,0.9962,-0.0631,84
residual_mom__lookback252__skip21,residual_mom,HYG,trend,0.4139,1.0833,-0.0571,40
residual_mom__lookback252__skip0,residual_mom,HYG,trend,0.2093,1.0017,-0.0678,40
residual_mom__lookback126__skip21,residual_mom,HYG,trend,0.1608,0.4423,-0.105,110
vol_scaled_mom__rv_window21__vol_target0.12__damp0.5,vol_scaled_mom,HYG,trend,0.4032,0.9922,-0.066,424
vol_scaled_mom__rv_window21__vol_target0.08__damp0.5,vol_scaled_mom,HYG,trend,0.4428,1.014,-0.0661,831
vol_scaled_mom__rv_window63__vol_target0.12__damp0.5,vol_scaled_mom,HYG,trend,0.4182,0.9883,-0.066,430
vol_scaled_mom__rv_window21__vol_target0.12__damp0.0,vol_scaled_mom,HYG,trend,0.4032,0.9922,-0.066,424
vol_scaled_mom__rv_window21__vol_target0.15__damp0.5,vol_scaled_mom,HYG,trend,0.4169,0.9883,-0.066,219
dema_crossover__fast5__slow20,dema_crossover,HYG,trend,0.3027,0.3086,-0.0582,416
dema_crossover__fast10__slow40,dema_crossover,HYG,trend,0.1103,-0.3863,-0.1337,220
dema_crossover__fast12__slow26,dema_crossover,HYG,trend,0.3158,-0.5168,-0.152,234
dema_crossover__fast20__slow50,dema_crossover,HYG,trend,-0.4362,-0.1788,-0.1027,144
dema_crossover__fast10__slow30,dema_crossover,HYG,trend,0.41,-0.4106,-0.1399,232
tema_crossover__fast5__slow20,tema_crossover,HYG,trend,0.4564,0.5177,-0.052,545
tema_crossover__fast10__slow40,tema_crossover,HYG,trend,0.229,-0.2068,-0.1183,262
tema_crossover__fast12__slow26,tema_crossover,HYG,trend,0.2234,-0.042,-0.117,304
tema_crossover__fast20__slow50,tema_crossover,HYG,trend,-0.0933,-0.6376,-0.1804,188
tema_crossover__fast10__slow30,tema_crossover,HYG,trend,0.2617,0.0666,-0.1019,304
price_acceleration__period10__smooth3,price_acceleration,HYG,trend,-0.0407,0.6291,-0.0694,987
price_acceleration__period20__smooth5,price_acceleration,HYG,trend,0.316,0.1204,-0.1061,744
price_acceleration__period20__smooth3,price_acceleration,HYG,trend,0.361,-0.1782,-0.1399,965
price_acceleration__period30__smooth5,price_acceleration,HYG,trend,0.1433,-0.1537,-0.1312,770
price_acceleration__period40__smooth10,price_acceleration,HYG,trend,0.1224,-0.4541,-0.1475,544
price_acceleration__period10__smooth5,price_acceleration,HYG,trend,0.3151,0.8904,-0.0411,717
turn_of_month__days_before3__days_after3,turn_of_month,HYG,pattern,0.6929,0.9548,-0.0502,360
turn_of_month__days_before4__days_after4,turn_of_month,HYG,pattern,0.8807,0.936,-0.0429,360
turn_of_month__days_before5__days_after5,turn_of_month,HYG,pattern,0.7353,0.9205,-0.0521,360
turn_of_month__days_before3__days_after5,turn_of_month,HYG,pattern,0.5368,0.6937,-0.062,360
trend_intensity__period20,trend_intensity,HYG,trend,0.2387,-0.3016,-0.0769,405
trend_intensity__period30,trend_intensity,HYG,trend,-0.1533,0.933,-0.0681,284
trend_intensity__period50,trend_intensity,HYG,trend,0.4255,0.7054,-0.0263,152
trend_intensity__period63,trend_intensity,HYG,trend,-0.0194,0.7148,-0.0408,174
ma_regime_momentum__regime_ma200__mom_period126__skip21,ma_regime_momentum,HYG,trend,0.0411,0.5004,-0.0924,207
ma_regime_momentum__regime_ma200__mom_period252__skip21,ma_regime_momentum,HYG,trend,0.3344,0.8013,-0.0771,155
ma_regime_momentum__regime_ma200__mom_period63__skip0,ma_regime_momentum,HYG,trend,-0.0689,0.5527,-0.0705,262
ma_regime_momentum__regime_ma100__mom_period126__skip21,ma_regime_momentum,HYG,trend,0.2252,0.4462,-0.0665,234
ma_regime_momentum__regime_ma50__mom_period63__skip0,ma_regime_momentum,HYG,trend,0.0647,0.4941,-0.0557,361
fisher_transform__period5,fisher_transform,HYG,trend,0.5009,0.1922,-0.1182,878
fisher_transform__period10,fisher_transform,HYG,trend,0.4365,0.0221,-0.1056,585
fisher_transform__period20,fisher_transform,HYG,trend,0.4954,-0.0685,-0.1132,392
fisher_transform__period30,fisher_transform,HYG,trend,0.3943,-0.5071,-0.1613,322
relative_vigor__period10,relative_vigor,HYG,trend,0.6718,0.0749,-0.1433,1067
relative_vigor__period14,relative_vigor,HYG,trend,0.6718,0.0749,-0.1433,1067
relative_vigor__period20,relative_vigor,HYG,trend,0.6718,0.0749,-0.1433,1067
chande_momentum__period14__threshold0.0,chande_momentum,HYG,trend,0.8498,-0.1966,-0.1277,358
chande_momentum__period20__threshold0.0,chande_momentum,HYG,trend,0.2413,-0.2228,-0.1291,299
chande_momentum__period20__threshold10.0,chande_momentum,HYG,trend,0.1385,-0.3648,-0.1333,599
chande_momentum__period30__threshold0.0,chande_momentum,HYG,trend,-0.1577,0.0309,-0.107,284
chande_momentum__period9__threshold0.0,chande_momentum,HYG,trend,0.3157,-0.2972,-0.1255,557
demarker__period14__hi_thresh0.7__lo_thresh0.3,demarker,HYG,meanrev,0.3721,0.3232,-0.0484,509
demarker__period14__hi_thresh0.8__lo_thresh0.2,demarker,HYG,meanrev,0.3563,0.4452,-0.0488,290
demarker__period21__hi_thresh0.7__lo_thresh0.3,demarker,HYG,meanrev,0.2051,0.5071,-0.053,352
demarker__period9__hi_thresh0.7__lo_thresh0.3,demarker,HYG,meanrev,-0.384,-0.5947,-0.1695,673
stoch_rsi__rsi_period14__stoch_period14__lo20.0__hi80.0,stoch_rsi,HYG,meanrev,-0.4896,-0.771,-0.1721,688
stoch_rsi__rsi_period14__stoch_period14__lo10.0__hi90.0,stoch_rsi,HYG,meanrev,0.0485,-0.7157,-0.1198,618
stoch_rsi__rsi_period7__stoch_period14__lo20.0__hi80.0,stoch_rsi,HYG,meanrev,-0.2725,-1.0327,-0.1974,770
stoch_rsi__rsi_period21__stoch_period21__lo20.0__hi80.0,stoch_rsi,HYG,meanrev,-0.2323,0.2603,-0.0623,588
hurst_regime__period100__trend_thresh0.55__mr_thresh0.45,hurst_regime,HYG,trend,0.2491,-0.271,-0.0831,273
hurst_regime__period60__trend_thresh0.55__mr_thresh0.45,hurst_regime,HYG,trend,-0.1817,-0.3578,-0.0736,477
hurst_regime__period100__trend_thresh0.58__mr_thresh0.42,hurst_regime,HYG,trend,-0.0878,0.1294,-0.0217,129
psych_line__period12__hi_thresh75.0__lo_thresh25.0,psych_line,HYG,meanrev,0.0073,0.2976,-0.0306,118
psych_line__period12__hi_thresh65.0__lo_thresh35.0,psych_line,HYG,meanrev,-0.127,-0.2657,-0.0751,612
psych_line__period20__hi_thresh70.0__lo_thresh30.0,psych_line,HYG,meanrev,-0.1917,0.5419,-0.0089,98
er_regime__er_period10__mom_period20__er_thresh0.4,er_regime,HYG,trend,0.0929,-0.1681,-0.0763,1484
er_regime__er_period10__mom_period20__er_thresh0.3,er_regime,HYG,trend,0.0159,-0.093,-0.0765,1455
er_regime__er_period14__mom_period20__er_thresh0.4,er_regime,HYG,trend,-0.4703,-0.4443,-0.1168,1346
er_regime__er_period20__mom_period40__er_thresh0.4,er_regime,HYG,trend,-0.0197,-1.3793,-0.2459,1014
er_regime__er_period10__mom_period10__er_thresh0.4,er_regime,HYG,trend,-0.1479,-0.5514,-0.1411,1695
mcginley_dynamic__fast5__slow20,mcginley_dynamic,HYG,trend,0.3139,0.0204,-0.1318,178
mcginley_dynamic__fast10__slow40,mcginley_dynamic,HYG,trend,0.1503,0.5294,-0.064,71
mcginley_dynamic__fast12__slow26,mcginley_dynamic,HYG,trend,0.1482,0.1668,-0.0928,92
mcginley_dynamic__fast5__slow14,mcginley_dynamic,HYG,trend,0.2489,-0.2516,-0.1519,236
cci_trend__period14__threshold50.0,cci_trend,HYG,trend,0.5858,0.339,-0.0714,839
cci_trend__period20__threshold50.0,cci_trend,HYG,trend,0.5172,-0.1316,-0.0965,719
cci_trend__period20__threshold100.0,cci_trend,HYG,trend,0.3065,0.0849,-0.0615,715
cci_trend__period30__threshold50.0,cci_trend,HYG,trend,0.3081,-0.2074,-0.1101,557
cci_trend__period14__threshold100.0,cci_trend,HYG,trend,0.5855,-0.0269,-0.0832,874
volume_roc__period10__signal_period5,volume_roc,HYG,volume,0.1699,0.1531,-0.0423,892
volume_roc__period14__signal_period10,volume_roc,HYG,volume,0.8116,0.47,-0.0373,591
volume_roc__period20__signal_period10,volume_roc,HYG,volume,0.2773,0.2089,-0.067,534
volume_roc__period5__signal_period3,volume_roc,HYG,volume,0.4449,-0.1135,-0.0548,1210
hv_ratio__fast_period10__slow_period100__thresh_hi1.5__thresh_lo0.7,hv_ratio,HYG,volatility,0.5467,0.2251,-0.0703,414
hv_ratio__fast_period10__slow_period60__thresh_hi1.5__thresh_lo0.7,hv_ratio,HYG,volatility,0.4159,0.5292,-0.0446,434
hv_ratio__fast_period21__slow_period100__thresh_hi1.5__thresh_lo0.7,hv_ratio,HYG,volatility,0.3824,0.0086,-0.05,202
hv_ratio__fast_period10__slow_period100__thresh_hi2.0__thresh_lo0.5,hv_ratio,HYG,volatility,0.7781,-0.2307,-0.0394,222
zscore_trend__z_period20__trend_period50__z_thresh1.5,zscore_trend,HYG,meanrev,-0.1826,0.6155,-0.0065,78
zscore_trend__z_period20__trend_period50__z_thresh1.0,zscore_trend,HYG,meanrev,-0.3665,1.0656,-0.0095,174
zscore_trend__z_period20__trend_period100__z_thresh1.5,zscore_trend,HYG,meanrev,-0.0928,0.3848,-0.02,178
zscore_trend__z_period30__trend_period100__z_thresh2.0,zscore_trend,HYG,meanrev,0.4813,0.2677,-0.0078,58
cmo_fisher__fisher_period10__cmo_period14__score_thresh0.3,cmo_fisher,HYG,trend,-0.1905,-0.3415,-0.0764,874
cmo_fisher__fisher_period10__cmo_period14__score_thresh0.2,cmo_fisher,HYG,trend,0.2638,-0.1395,-0.0776,940
cmo_fisher__fisher_period14__cmo_period20__score_thresh0.3,cmo_fisher,HYG,trend,-0.0255,-0.3187,-0.0897,724
cmo_fisher__fisher_period8__cmo_period14__score_thresh0.2,cmo_fisher,HYG,trend,0.1738,0.1679,-0.0656,1089
rvi_divergence__rvi_period10__lookback5,rvi_divergence,HYG,meanrev,-0.4999,-0.3083,-0.0089,12
rvi_divergence__rvi_period10__lookback8,rvi_divergence,HYG,meanrev,-0.0597,-0.2261,-0.0049,6
rvi_divergence__rvi_period14__lookback5,rvi_divergence,HYG,meanrev,-0.4999,-0.3083,-0.0089,12
adaptive_rsi__base_period14__fast_n2__slow_n30,adaptive_rsi,HYG,meanrev,0.1302,0.449,-0.0678,256
adaptive_rsi__base_period14__fast_n2__slow_n60,adaptive_rsi,HYG,meanrev,0.1037,0.4525,-0.0667,243
adaptive_rsi__base_period9__fast_n2__slow_n30,adaptive_rsi,HYG,meanrev,-0.4506,-0.1371,-0.1001,352
adaptive_rsi__base_period21__fast_n2__slow_n30,adaptive_rsi,HYG,meanrev,0.116,0.3063,-0.0959,178
elder_impulse__ema_period8,elder_impulse,HYG,composite,0.6456,0.6496,-0.0691,1431
elder_impulse__ema_period13,elder_impulse,HYG,composite,0.4222,0.6337,-0.0671,1373
elder_impulse__ema_period20,elder_impulse,HYG,composite,0.5863,0.3977,-0.0811,1295
klinger_osc__fast34__slow55__signal13,klinger_osc,HYG,volume,0.1108,-0.0547,-0.1304,694
klinger_osc__fast21__slow34__signal9,klinger_osc,HYG,volume,-0.0027,0.7572,-0.0519,861
klinger_osc__fast55__slow89__signal13,klinger_osc,HYG,volume,0.1528,0.1916,-0.083,660
price_oscillator__fast10__slow30__signal9,price_oscillator,HYG,trend,0.2413,-0.2837,-0.1202,312
price_oscillator__fast12__slow26__signal9,price_oscillator,HYG,trend,0.1727,-0.2794,-0.1197,292
price_oscillator__fast5__slow20__signal5,price_oscillator,HYG,trend,0.3281,0.221,-0.085,559
price_oscillator__fast20__slow50__signal9,price_oscillator,HYG,trend,0.205,-0.5541,-0.1539,212
baz_trend__ewmstd_span42,baz_trend,HYG,trend,0.1383,0.989,-0.0603,48
baz_trend__ewmstd_span63,baz_trend,HYG,trend,0.1383,0.989,-0.0603,48
baz_trend__ewmstd_span126,baz_trend,HYG,trend,0.1383,0.989,-0.0603,48
intermediate_mom__start252__end126,intermediate_mom,HYG,trend,0.0523,0.6273,-0.0778,102
intermediate_mom__start189__end105,intermediate_mom,HYG,trend,0.134,0.9408,-0.0666,132
intermediate_mom__start168__end84,intermediate_mom,HYG,trend,0.0786,0.3494,-0.1521,132
intermediate_mom__start252__end63,intermediate_mom,HYG,trend,0.3032,0.3819,-0.1295,78
mom_crash_protect__bear_lookback504__bear_thresh-0.2__damp0.0,mom_crash_protect,HYG,trend,0.4518,0.9883,-0.066,44
mom_crash_protect__bear_lookback504__bear_thresh-0.2__damp0.25,mom_crash_protect,HYG,trend,0.4518,0.9883,-0.066,44
mom_crash_protect__bear_lookback252__bear_thresh-0.2__damp0.0,mom_crash_protect,HYG,trend,0.4518,0.9883,-0.066,44
mom_crash_protect__bear_lookback504__bear_thresh-0.25__damp0.0,mom_crash_protect,HYG,trend,0.4518,0.9883,-0.066,44
consistent_mom__consistency_thresh0.5,consistent_mom,HYG,trend,0.6115,0.8735,-0.066,173
consistent_mom__consistency_thresh0.58,consistent_mom,HYG,trend,0.5708,0.7595,-0.0717,324
consistent_mom__consistency_thresh0.67,consistent_mom,HYG,trend,-0.0307,0.7048,-0.0347,508
signed_range_mom__period10__threshold0.1,signed_range_mom,HYG,trend,0.0263,0.6161,-0.0573,947
signed_range_mom__period21__threshold0.1,signed_range_mom,HYG,trend,-0.4588,0.1668,-0.0574,681
signed_range_mom__period21__threshold0.15,signed_range_mom,HYG,trend,-0.416,-0.0857,-0.0689,613
signed_range_mom__period42__threshold0.1,signed_range_mom,HYG,trend,-0.0855,0.308,-0.0735,437
signed_range_mom__period63__threshold0.1,signed_range_mom,HYG,trend,-0.627,0.0062,-0.0676,331
multi_tsmom,multi_tsmom,HYG,trend,0.1985,0.5759,-0.0887,276
"multi_tsmom__lookbacks(63, 126, 252)",multi_tsmom,HYG,trend,-0.0144,0.6258,-0.1039,120
"multi_tsmom__lookbacks(21, 63, 252)",multi_tsmom,HYG,trend,0.1514,0.6441,-0.0637,177
"multi_tsmom__lookbacks(21, 63, 126, 252)__weights(0.4, 0.3, 0.2, 0.1)",multi_tsmom,HYG,trend,0.3336,0.4321,-0.0777,167
"multi_tsmom__lookbacks(21, 63, 126, 252)__weights(0.1, 0.2, 0.3, 0.4)",multi_tsmom,HYG,trend,0.0805,0.702,-0.0987,160
ma_crossover__fast5__slow20__kindsma,ma_crossover,EFA,trend,-0.0112,-1.0755,-0.5618,248
ma_crossover__fast10__slow30__kindsma,ma_crossover,EFA,trend,-0.1178,-0.4482,-0.4271,142
ma_crossover__fast20__slow50__kindsma,ma_crossover,EFA,trend,0.0505,-0.3043,-0.3934,82
ma_crossover__fast50__slow100__kindsma,ma_crossover,EFA,trend,0.1831,0.337,-0.2423,34
ma_crossover__fast50__slow200__kindsma,ma_crossover,EFA,trend,-0.0791,-0.079,-0.3328,19
ma_crossover__fast100__slow200__kindsma,ma_crossover,EFA,trend,0.1761,0.0615,-0.281,19
ma_crossover__fast10__slow50__kindsma,ma_crossover,EFA,trend,0.0058,-0.3551,-0.3857,95
ma_crossover__fast20__slow100__kindsma,ma_crossover,EFA,trend,0.3115,-0.0935,-0.227,42
ma_crossover__fast5__slow20__kindema,ma_crossover,EFA,trend,0.11,-0.7285,-0.4841,222
ma_crossover__fast12__slow26__kindema,ma_crossover,EFA,trend,-0.0129,-0.4301,-0.3911,134
ma_crossover__fast10__slow50__kindema,ma_crossover,EFA,trend,0.028,-0.7842,-0.4848,108
ma_crossover__fast20__slow100__kindema,ma_crossover,EFA,trend,0.0116,-0.048,-0.2898,52
ts_momentum__period21,ts_momentum,EFA,trend,-0.133,-0.4992,-0.3468,365
ts_momentum__period42,ts_momentum,EFA,trend,-0.2086,-0.187,-0.341,256
ts_momentum__period63,ts_momentum,EFA,trend,0.2064,-0.1582,-0.2476,209
ts_momentum__period126,ts_momentum,EFA,trend,0.1509,-0.3678,-0.4027,98
ts_momentum__period252,ts_momentum,EFA,trend,-0.3644,0.3974,-0.1762,116
roc_momentum__period5,roc_momentum,EFA,trend,0.0679,-0.1626,-0.229,803
roc_momentum__period10,roc_momentum,EFA,trend,0.0001,-0.5552,-0.4398,509
roc_momentum__period20,roc_momentum,EFA,trend,0.1225,-1.0075,-0.5349,377
roc_momentum__period30,roc_momentum,EFA,trend,-0.0883,-0.3197,-0.4118,280
roc_momentum__period60,roc_momentum,EFA,trend,-0.0463,-0.0445,-0.2766,226
macd_signal__fast12__slow26__signal9,macd_signal,EFA,trend,0.0378,-0.364,-0.3753,302
macd_signal__fast8__slow17__signal9,macd_signal,EFA,trend,0.0176,0.107,-0.2225,388
macd_signal__fast5__slow35__signal5,macd_signal,EFA,trend,0.1692,0.3389,-0.2036,501
macd_signal__fast3__slow10__signal16,macd_signal,EFA,trend,0.1689,0.1345,-0.3541,571
donchian_breakout__period10,donchian_breakout,EFA,trend,-0.4368,-0.3194,-0.1511,1123
donchian_breakout__period20,donchian_breakout,EFA,trend,-0.5926,-0.0275,-0.0914,806
donchian_breakout__period30,donchian_breakout,EFA,trend,-0.5188,-0.1999,-0.0672,652
donchian_breakout__period40,donchian_breakout,EFA,trend,-0.5021,-0.072,-0.0667,560
donchian_breakout__period55,donchian_breakout,EFA,trend,-0.6294,0.1743,-0.0534,476
bb_breakout__period20__std1.5,bb_breakout,EFA,trend,-0.1954,-0.6598,-0.2775,778
bb_breakout__period20__std2.0,bb_breakout,EFA,trend,-0.3349,0.0208,-0.1075,412
bb_breakout__period20__std2.5,bb_breakout,EFA,trend,-0.3175,-0.113,-0.0659,150
bb_breakout__period30__std2.0,bb_breakout,EFA,trend,-0.3913,-0.6446,-0.2328,374
bb_breakout__period50__std2.0,bb_breakout,EFA,trend,-0.0219,-0.7089,-0.1949,292
supertrend__period7__mult2.0,supertrend,EFA,trend,-0.0438,-0.8428,-0.5186,261
supertrend__period7__mult3.0,supertrend,EFA,trend,-0.2658,-0.859,-0.4869,159
supertrend__period10__mult3.0,supertrend,EFA,trend,-0.2688,-1.0986,-0.5633,165
supertrend__period14__mult2.0,supertrend,EFA,trend,-0.0341,-0.7057,-0.4929,261
supertrend__period14__mult3.0,supertrend,EFA,trend,-0.2894,-1.1703,-0.5839,169
parabolic_sar__step0.01__max_af0.1,parabolic_sar,EFA,trend,-0.0688,-1.2013,-0.6159,227
parabolic_sar__step0.02__max_af0.2,parabolic_sar,EFA,trend,-0.1433,-0.0074,-0.2628,337
parabolic_sar__step0.03__max_af0.2,parabolic_sar,EFA,trend,0.0781,-0.1092,-0.2646,412
parabolic_sar__step0.05__max_af0.2,parabolic_sar,EFA,trend,0.2296,-0.0067,-0.2732,516
adx_trend__period14__threshold20,adx_trend,EFA,trend,-0.3064,-1.3556,-0.4882,241
adx_trend__period14__threshold25,adx_trend,EFA,trend,-0.1435,-0.4932,-0.1909,124
adx_trend__period14__threshold30,adx_trend,EFA,trend,-0.3044,-0.2403,-0.1066,79
adx_trend__period21__threshold20,adx_trend,EFA,trend,-0.0536,-0.5039,-0.2617,98
adx_trend__period21__threshold25,adx_trend,EFA,trend,-0.0711,-0.9529,-0.1944,55
ichimoku__tenkan9__kijun26__senkou_b52,ichimoku,EFA,trend,0.0097,-0.9812,-0.4814,521
ichimoku__tenkan7__kijun22__senkou_b44,ichimoku,EFA,trend,0.1505,-1.1106,-0.5386,558
linreg_slope__period10,linreg_slope,EFA,trend,-0.1542,-0.1063,-0.3526,369
linreg_slope__period20,linreg_slope,EFA,trend,-0.0781,-0.757,-0.4503,180
linreg_slope__period30,linreg_slope,EFA,trend,-0.2241,-0.7772,-0.597,124
linreg_slope__period50,linreg_slope,EFA,trend,0.126,-0.267,-0.358,70
aroon__period14,aroon,EFA,trend,-0.1104,-1.3649,-0.6465,260
aroon__period25,aroon,EFA,trend,-0.3176,-0.3228,-0.3024,144
aroon__period50,aroon,EFA,trend,-0.1496,-0.249,-0.4099,72
vortex__period10,vortex,EFA,trend,0.2726,-0.6012,-0.4614,499
vortex__period14,vortex,EFA,trend,0.0712,-0.8611,-0.5532,386
vortex__period21,vortex,EFA,trend,0.0251,-0.1009,-0.2443,322
trix__period9,trix,EFA,trend,-0.1238,-0.5207,-0.4003,153
trix__period12,trix,EFA,trend,-0.1902,-0.21,-0.3804,113
trix__period18,trix,EFA,trend,-0.0817,-0.3481,-0.4274,73
hull_ma__period14,hull_ma,EFA,trend,-0.109,0.2521,-0.1989,563
hull_ma__period20,hull_ma,EFA,trend,-0.1308,0.0017,-0.2842,426
hull_ma__period30,hull_ma,EFA,trend,-0.152,-0.5376,-0.4441,315
hull_ma__period50,hull_ma,EFA,trend,0.0913,-0.7004,-0.461,193
kama__period5,kama,EFA,trend,-0.646,0.0613,-0.2877,2042
kama__period10,kama,EFA,trend,0.2715,0.0,0.0,145
kama__period20,kama,EFA,trend,1.111,0.0,0.0,40
turtle__entry20__exit_p10,turtle,EFA,trend,-0.5926,-0.0275,-0.0914,806
turtle__entry55__exit_p20,turtle,EFA,trend,-0.6294,0.1743,-0.0534,476
turtle__entry10__exit_p5,turtle,EFA,trend,-0.4368,-0.3194,-0.1511,1123
dual_momentum__period63,dual_momentum,EFA,trend,0.5499,-0.0492,-0.1676,206
dual_momentum__period126,dual_momentum,EFA,trend,0.5215,-0.18,-0.229,98
dual_momentum__period252,dual_momentum,EFA,trend,0.1934,0.3299,-0.136,117
elder_ray__period13,elder_ray,EFA,trend,0.0405,-0.5099,-0.3929,620
elder_ray__period21,elder_ray,EFA,trend,0.0597,-0.6161,-0.441,484
elder_ray__period34,elder_ray,EFA,trend,-0.024,-0.5637,-0.4069,376
rsi_reversion__period7__lo30__hi70,rsi_reversion,EFA,meanrev,0.7071,0.6485,-0.0862,706
rsi_reversion__period7__lo25__hi75,rsi_reversion,EFA,meanrev,0.7118,0.5522,-0.0828,426
rsi_reversion__period14__lo30__hi70,rsi_reversion,EFA,meanrev,0.7162,0.5181,-0.0568,228
rsi_reversion__period14__lo25__hi75,rsi_reversion,EFA,meanrev,0.5821,0.4264,-0.039,56
rsi_reversion__period14__lo35__hi65,rsi_reversion,EFA,meanrev,0.166,0.8694,-0.0968,426
rsi_reversion__period21__lo30__hi70,rsi_reversion,EFA,meanrev,0.4337,0.7977,-0.0068,54
rsi_reversion__period21__lo25__hi75,rsi_reversion,EFA,meanrev,0.2163,0.0,0.0,20
rsi_reversion__period28__lo30__hi70,rsi_reversion,EFA,meanrev,0.1318,0.466,-0.0001,26
rsi_reversion__period30__lo30__hi70,rsi_reversion,EFA,meanrev,0.1871,0.0,0.0,20
rsi_reversion__period30__lo25__hi75,rsi_reversion,EFA,meanrev,0.1989,0.0,0.0,12
bb_reversion__period20__std1.5,bb_reversion,EFA,meanrev,0.0874,0.5364,-0.1108,778
bb_reversion__period20__std2.0,bb_reversion,EFA,meanrev,0.2426,-0.1147,-0.0916,412
bb_reversion__period20__std2.5,bb_reversion,EFA,meanrev,0.2384,0.0567,-0.0568,150
bb_reversion__period30__std2.0,bb_reversion,EFA,meanrev,0.3123,0.5561,-0.1116,374
bb_reversion__period30__std2.5,bb_reversion,EFA,meanrev,0.5339,0.2579,-0.0739,154
bb_reversion__period50__std2.0,bb_reversion,EFA,meanrev,-0.026,0.6298,-0.0787,292
zscore_reversion__period10__threshold1.0,zscore_reversion,EFA,meanrev,0.0515,-0.122,-0.2145,1315
zscore_reversion__period20__threshold1.5,zscore_reversion,EFA,meanrev,0.0874,0.5364,-0.1108,778
zscore_reversion__period20__threshold2.0,zscore_reversion,EFA,meanrev,0.2426,-0.1147,-0.0916,412
zscore_reversion__period30__threshold1.5,zscore_reversion,EFA,meanrev,0.1183,0.6183,-0.0796,671
zscore_reversion__period30__threshold2.0,zscore_reversion,EFA,meanrev,0.3123,0.5561,-0.1116,374
zscore_reversion__period60__threshold2.0,zscore_reversion,EFA,meanrev,-0.0205,0.133,-0.1052,256
stochastic__k5__d3__lo20__hi80,stochastic,EFA,meanrev,0.2048,0.1489,-0.1404,858
stochastic__k14__d3__lo20__hi80,stochastic,EFA,meanrev,0.2037,0.1591,-0.0988,598
stochastic__k14__d3__lo30__hi70,stochastic,EFA,meanrev,0.0521,0.8292,-0.116,646
stochastic__k14__d5__lo20__hi80,stochastic,EFA,meanrev,0.0241,0.426,-0.0997,446
stochastic__k21__d3__lo20__hi80,stochastic,EFA,meanrev,0.145,-0.1403,-0.1221,496
cci_reversion__period14__threshold100,cci_reversion,EFA,meanrev,-0.1646,0.5075,-0.1282,990
cci_reversion__period14__threshold150,cci_reversion,EFA,meanrev,-0.0877,-0.0562,-0.1385,588
cci_reversion__period20__threshold100,cci_reversion,EFA,meanrev,0.0759,0.7777,-0.0946,840
cci_reversion__period20__threshold150,cci_reversion,EFA,meanrev,0.2715,-0.251,-0.1467,468
cci_reversion__period30__threshold100,cci_reversion,EFA,meanrev,-0.0358,0.4038,-0.1075,647
williams_r__period14__lo-80__hi-20,williams_r,EFA,meanrev,0.2516,0.2691,-0.137,1069
williams_r__period14__lo-90__hi-10,williams_r,EFA,meanrev,0.2069,0.5319,-0.0697,1058
williams_r__period21__lo-80__hi-20,williams_r,EFA,meanrev,0.1136,0.4906,-0.1,889
williams_r__period28__lo-80__hi-20,williams_r,EFA,meanrev,0.0233,0.1388,-0.1087,741
keltner_reversion__period20__mult1.5,keltner_reversion,EFA,meanrev,0.1891,0.5074,-0.1022,731
keltner_reversion__period20__mult2.0,keltner_reversion,EFA,meanrev,0.1884,0.667,-0.0822,531
keltner_reversion__period20__mult2.5,keltner_reversion,EFA,meanrev,0.3074,0.8382,-0.0568,324
keltner_reversion__period30__mult2.0,keltner_reversion,EFA,meanrev,0.3052,0.4125,-0.0937,563
vwap_reversion__period20__z_thresh1.0,vwap_reversion,EFA,meanrev,0.1896,0.6037,-0.1022,815
vwap_reversion__period20__z_thresh1.5,vwap_reversion,EFA,meanrev,0.067,0.4643,-0.0877,699
vwap_reversion__period20__z_thresh2.0,vwap_reversion,EFA,meanrev,0.2159,0.6912,-0.0957,484
percent_b__period20__std2.0__lo0.05__hi0.95,percent_b,EFA,meanrev,0.3203,-0.2311,-0.1529,542
percent_b__period20__std2.0__lo0.1__hi0.9,percent_b,EFA,meanrev,0.2018,0.2743,-0.0987,702
percent_b__period20__std2.0__lo0.2__hi0.8,percent_b,EFA,meanrev,0.0555,0.6467,-0.1031,906
percent_b__period30__std2.0__lo0.2__hi0.8,percent_b,EFA,meanrev,-0.0354,0.4307,-0.1022,709
connors_rsi__rsi_period3__streak_period2__rank_period100,connors_rsi,EFA,meanrev,0.2517,0.0439,-0.1577,1153
connors_rsi__rsi_period2__streak_period3__rank_period100,connors_rsi,EFA,meanrev,0.3837,-0.0521,-0.2258,1183
ultimate_osc__p17__p214__p328,ultimate_osc,EFA,meanrev,0.3664,0.7533,-0.0508,256
ultimate_osc__p14__p28__p316,ultimate_osc,EFA,meanrev,0.6614,-0.1296,-0.1154,604
gap_fade__threshold0.01,gap_fade,EFA,meanrev,0.174,-0.1062,-0.1773,1066
gap_fade__threshold0.015,gap_fade,EFA,meanrev,0.1135,0.0497,-0.1166,499
gap_fade__threshold0.02,gap_fade,EFA,meanrev,0.1719,-0.3253,-0.1048,249
obv_trend__period10,obv_trend,EFA,volume,-0.0284,-0.1079,-0.2808,779
obv_trend__period20,obv_trend,EFA,volume,-0.4317,-0.3027,-0.4066,566
obv_trend__period50,obv_trend,EFA,volume,-0.3157,-0.0244,-0.2966,299
chaikin_mf__period10,chaikin_mf,EFA,volume,-0.4435,0.0147,-0.3074,475
chaikin_mf__period20,chaikin_mf,EFA,volume,0.0193,-0.3015,-0.3263,301
chaikin_mf__period21,chaikin_mf,EFA,volume,0.0296,-0.1054,-0.2414,283
mfi__period10,mfi,EFA,volume,0.4567,0.3234,-0.067,263
mfi__period14,mfi,EFA,volume,0.3309,0.4256,-0.049,93
mfi__period21,mfi,EFA,volume,0.1484,-0.0441,-0.0207,10
volume_surge__period10__mult1.5,volume_surge,EFA,volume,-0.2184,-0.2621,-0.1014,403
volume_surge__period20__mult2.0,volume_surge,EFA,volume,-0.2937,-0.11,-0.0896,100
volume_surge__period20__mult3.0,volume_surge,EFA,volume,-0.0125,-0.7385,-0.0287,10
force_index__period2,force_index,EFA,volume,-0.8915,-0.515,-0.3711,1451
force_index__period13,force_index,EFA,volume,-0.0402,-0.5196,-0.4436,565
force_index__period20,force_index,EFA,volume,0.0349,-0.798,-0.4916,423
chaikin_osc__fast3__slow10,chaikin_osc,EFA,volume,-0.1173,-0.3805,-0.4292,395
chaikin_osc__fast3__slow12,chaikin_osc,EFA,volume,-0.1717,-0.4737,-0.4568,353
chaikin_osc__fast5__slow12,chaikin_osc,EFA,volume,-0.28,-0.2156,-0.4144,263
atr_breakout__period10__mult1.5,atr_breakout,EFA,volatility,-0.2725,-0.5013,-0.2143,709
atr_breakout__period14__mult1.5,atr_breakout,EFA,volatility,-0.2538,-0.8171,-0.3031,799
atr_breakout__period14__mult2.0,atr_breakout,EFA,volatility,-0.2785,-0.5425,-0.2199,501
atr_breakout__period20__mult2.0,atr_breakout,EFA,volatility,-0.3608,-0.5051,-0.2325,570
atr_breakout__period20__mult2.5,atr_breakout,EFA,volatility,-0.4171,-0.3863,-0.1214,404
vol_breakout__period10__mult0.5,vol_breakout,EFA,volatility,-0.8878,-0.1775,-0.2156,2585
vol_breakout__period20__mult1.0,vol_breakout,EFA,volatility,-0.8543,-0.2466,-0.1696,2097
vol_breakout__period20__mult1.5,vol_breakout,EFA,volatility,-0.6068,-0.6076,-0.2211,1414
vol_breakout__period30__mult1.0,vol_breakout,EFA,volatility,-0.7892,-0.131,-0.1476,2075
squeeze_breakout__bb_period20__kc_period20__bb_std2.0__kc_mult1.5,squeeze_breakout,EFA,volatility,-0.1379,-0.6647,-0.4952,168
squeeze_breakout__bb_period20__kc_period20__bb_std2.0__kc_mult1.0,squeeze_breakout,EFA,volatility,-0.0469,-0.6394,-0.4866,128
squeeze_breakout__bb_period30__kc_period30__bb_std2.0__kc_mult1.5,squeeze_breakout,EFA,volatility,0.0133,-0.8001,-0.5602,80
engulfing,engulfing,EFA,pattern,-0.0985,0.102,-0.0736,332
three_bar_reversal,three_bar_reversal,EFA,pattern,0.1893,-0.0824,-0.1928,904
higher_highs_lows__period5,higher_highs_lows,EFA,pattern,-0.306,-0.4636,-0.3918,805
higher_highs_lows__period10,higher_highs_lows,EFA,pattern,-0.114,-1.5887,-0.6316,456
higher_highs_lows__period20,higher_highs_lows,EFA,pattern,0.1135,-0.586,-0.4358,226
pivot_bounce__period5,pivot_bounce,EFA,pattern,0.4639,0.5544,-0.1122,1237
pivot_bounce__period10,pivot_bounce,EFA,pattern,0.21,0.0272,-0.1682,1174
pivot_bounce__period20,pivot_bounce,EFA,pattern,0.1842,0.3213,-0.1218,973
macd_rsi_combo__fast12__slow26__signal9__rsi_period14__rsi_lo40__rsi_hi60,macd_rsi_combo,EFA,composite,-0.2805,-0.5653,-0.2549,600
macd_rsi_combo__fast12__slow26__signal9__rsi_period14__rsi_lo45__rsi_hi55,macd_rsi_combo,EFA,composite,-0.1845,-0.6123,-0.299,721
macd_rsi_combo__fast8__slow21__signal5__rsi_period14__rsi_lo40__rsi_hi60,macd_rsi_combo,EFA,composite,-0.2656,-0.5327,-0.215,624
macd_rsi_combo__fast5__slow35__signal5__rsi_period14__rsi_lo40__rsi_hi60,macd_rsi_combo,EFA,composite,-0.2853,-0.4854,-0.2246,653
triple_screen__trend_period20__osc_period14__osc_lo40__osc_hi60,triple_screen,EFA,composite,0.0,0.0,0.0,0
triple_screen__trend_period30__osc_period14__osc_lo40__osc_hi60,triple_screen,EFA,composite,0.0,0.0,0.0,0
triple_screen__trend_period50__osc_period14__osc_lo35__osc_hi65,triple_screen,EFA,composite,0.0,0.0,0.0,0
triple_screen__trend_period20__osc_period7__osc_lo30__osc_hi70,triple_screen,EFA,composite,0.0,0.0,0.0,0
chandelier_exit__period14__mult2.0,chandelier_exit,EFA,composite,-0.0796,-0.6843,-0.4372,618
chandelier_exit__period22__mult3.0,chandelier_exit,EFA,composite,0.0539,-0.9327,-0.5066,420
chandelier_exit__period22__mult2.0,chandelier_exit,EFA,composite,-0.0367,-0.9059,-0.4814,686
chandelier_exit__period10__mult2.0,chandelier_exit,EFA,composite,0.2181,-0.3923,-0.3233,528
high52_momentum__period252__threshold0.7,high52_momentum,EFA,trend,0.0154,-0.1022,-0.3086,206
high52_momentum__period252__threshold0.75,high52_momentum,EFA,trend,0.0562,-0.1723,-0.3023,218
high52_momentum__period252__threshold0.8,high52_momentum,EFA,trend,-0.0637,-0.117,-0.274,244
high52_momentum__period126__threshold0.7,high52_momentum,EFA,trend,0.0923,-0.503,-0.322,319
high52_momentum__period126__threshold0.75,high52_momentum,EFA,trend,0.0467,-0.5008,-0.275,339
short_reversal__period5,short_reversal,EFA,meanrev,-0.1906,0.0333,-0.3069,803
short_reversal__period10,short_reversal,EFA,meanrev,-0.0744,0.4664,-0.1688,509
short_reversal__period15,short_reversal,EFA,meanrev,0.0922,1.1051,-0.153,435
short_reversal__period20,short_reversal,EFA,meanrev,-0.1759,0.9324,-0.1497,377
low_vol_regime__period20__ma_period60,low_vol_regime,EFA,volatility,-0.2627,-0.3326,-0.1404,145
low_vol_regime__period20__ma_period120,low_vol_regime,EFA,volatility,0.1163,-0.4684,-0.2581,193
low_vol_regime__period60__ma_period120,low_vol_regime,EFA,volatility,0.0479,-0.2503,-0.1889,82
low_vol_regime__period20__ma_period252,low_vol_regime,EFA,volatility,0.0096,-0.2711,-0.1648,170
low_vol_regime__period60__ma_period252,low_vol_regime,EFA,volatility,0.2961,0.1089,-0.1658,60
low_vol_regime__period120__ma_period252,low_vol_regime,EFA,volatility,0.2157,0.298,-0.1389,38
nr_breakout__nr_period4__exit_bars3,nr_breakout,EFA,pattern,0.1316,-0.3905,-0.2173,999
nr_breakout__nr_period4__exit_bars5,nr_breakout,EFA,pattern,0.1348,-0.0785,-0.2254,740
nr_breakout__nr_period7__exit_bars3,nr_breakout,EFA,pattern,0.3402,-0.6153,-0.2611,706
nr_breakout__nr_period7__exit_bars5,nr_breakout,EFA,pattern,0.2506,-0.3701,-0.2774,601
nr_breakout__nr_period10__exit_bars5,nr_breakout,EFA,pattern,0.2564,-0.2989,-0.1969,475
nr_breakout__nr_period10__exit_bars10,nr_breakout,EFA,pattern,0.0325,-0.0481,-0.2645,388
overnight_gap__period1__threshold0.001,overnight_gap,EFA,volume,-0.783,-0.3908,-0.3415,2322
overnight_gap__period1__threshold0.003,overnight_gap,EFA,volume,-0.4849,-0.3425,-0.2902,2488
overnight_gap__period3__threshold0.001,overnight_gap,EFA,volume,-0.0403,0.1767,-0.2553,1529
overnight_gap__period3__threshold0.003,overnight_gap,EFA,volume,-0.1384,-0.2235,-0.2071,1420
overnight_gap__period5__threshold0.001,overnight_gap,EFA,volume,-0.4028,-0.5487,-0.3622,1335
overnight_gap__period5__threshold0.003,overnight_gap,EFA,volume,-0.3559,-0.2778,-0.2938,949
coppock_curve__roc1252__roc2189__wma_period63,coppock_curve,EFA,trend,-0.3801,0.0795,-0.3036,14
coppock_curve__roc1189__roc2126__wma_period42,coppock_curve,EFA,trend,-0.0482,0.0583,-0.3317,18
coppock_curve__roc1126__roc2100__wma_period21,coppock_curve,EFA,trend,0.2669,-0.3885,-0.4602,22
bll_filter__pct0.005__hold0,bll_filter,EFA,trend,-0.637,0.3578,-0.1587,1186
bll_filter__pct0.01__hold0,bll_filter,EFA,trend,-0.3723,0.6748,-0.1902,697
bll_filter__pct0.02__hold0,bll_filter,EFA,trend,0.0215,-0.8051,-0.5017,348
bll_filter__pct0.005__hold10,bll_filter,EFA,trend,-0.5897,0.3172,-0.1595,1236
bll_filter__pct0.01__hold10,bll_filter,EFA,trend,-0.4338,0.6565,-0.1718,840
bll_filter__pct0.01__hold20,bll_filter,EFA,trend,-0.3252,0.6537,-0.1902,720
bll_filter__pct0.02__hold10,bll_filter,EFA,trend,-0.0954,-0.6443,-0.4051,555
frog_in_pan__lookback252__skip21__id_cutoff0.5,frog_in_pan,EFA,trend,0.0053,0.0122,-0.2311,167
frog_in_pan__lookback252__skip21__id_cutoff0.45,frog_in_pan,EFA,trend,0.1635,-0.2251,-0.1488,103
frog_in_pan__lookback252__skip0__id_cutoff0.5,frog_in_pan,EFA,trend,-0.0863,0.228,-0.1797,167
frog_in_pan__lookback126__skip21__id_cutoff0.5,frog_in_pan,EFA,trend,0.1372,0.0307,-0.2631,178
frog_in_pan__lookback126__skip21__id_cutoff0.45,frog_in_pan,EFA,trend,0.307,-0.1058,-0.2454,170
vol_mom__mom_period126__vol_period126__skip21__vol_weight0.5,vol_mom,EFA,composite,-0.011,-0.2892,-0.2679,140
vol_mom__mom_period126__vol_period126__skip0__vol_weight0.5,vol_mom,EFA,composite,0.1173,-0.523,-0.251,143
vol_mom__mom_period252__vol_period126__skip21__vol_weight0.5,vol_mom,EFA,composite,-0.2798,-0.0685,-0.1637,166
vol_mom__mom_period63__vol_period63__skip0__vol_weight0.3,vol_mom,EFA,composite,0.2787,-0.1582,-0.2476,196
vol_mom__mom_period126__vol_period126__skip21__vol_weight0.3,vol_mom,EFA,composite,0.0236,-0.092,-0.3964,86
seasonality__n_years2,seasonality,EFA,pattern,-0.0046,0.3025,-0.3168,92
seasonality__n_years3,seasonality,EFA,pattern,0.1623,-0.4264,-0.3885,96
seasonality__n_years5,seasonality,EFA,pattern,-0.3086,-0.158,-0.3657,88
residual_mom__lookback252__skip21,residual_mom,EFA,trend,-0.2097,0.0555,-0.3643,108
residual_mom__lookback252__skip0,residual_mom,EFA,trend,-0.5641,0.3216,-0.1877,108
residual_mom__lookback126__skip21,residual_mom,EFA,trend,0.1,0.0249,-0.341,84
vol_scaled_mom__rv_window21__vol_target0.12__damp0.5,vol_scaled_mom,EFA,trend,-0.4673,0.2345,-0.166,2348
vol_scaled_mom__rv_window21__vol_target0.08__damp0.5,vol_scaled_mom,EFA,trend,-0.4177,0.0734,-0.1387,3213
vol_scaled_mom__rv_window63__vol_target0.12__damp0.5,vol_scaled_mom,EFA,trend,-0.3418,0.1947,-0.2136,2583
vol_scaled_mom__rv_window21__vol_target0.12__damp0.0,vol_scaled_mom,EFA,trend,-0.4748,0.2345,-0.166,2316
vol_scaled_mom__rv_window21__vol_target0.15__damp0.5,vol_scaled_mom,EFA,trend,-0.4863,0.2448,-0.2099,1564
dema_crossover__fast5__slow20,dema_crossover,EFA,trend,0.075,0.3801,-0.1356,400
dema_crossover__fast10__slow40,dema_crossover,EFA,trend,-0.1231,-0.939,-0.5379,228
dema_crossover__fast12__slow26,dema_crossover,EFA,trend,-0.0573,-0.5518,-0.4257,238
dema_crossover__fast20__slow50,dema_crossover,EFA,trend,-0.0647,-0.6135,-0.5585,140
dema_crossover__fast10__slow30,dema_crossover,EFA,trend,-0.0992,-0.5534,-0.4302,248
tema_crossover__fast5__slow20,tema_crossover,EFA,trend,0.0421,0.059,-0.2707,565
tema_crossover__fast10__slow40,tema_crossover,EFA,trend,0.0926,-0.058,-0.2805,284
tema_crossover__fast12__slow26,tema_crossover,EFA,trend,0.0266,0.1141,-0.2307,314
tema_crossover__fast20__slow50,tema_crossover,EFA,trend,-0.1067,-0.5127,-0.4802,188
tema_crossover__fast10__slow30,tema_crossover,EFA,trend,0.0398,-0.0564,-0.2538,330
price_acceleration__period10__smooth3,price_acceleration,EFA,trend,0.371,0.2324,-0.2062,999
price_acceleration__period20__smooth5,price_acceleration,EFA,trend,0.2351,-0.177,-0.2662,788
price_acceleration__period20__smooth3,price_acceleration,EFA,trend,0.2868,-0.6668,-0.4788,1046
price_acceleration__period30__smooth5,price_acceleration,EFA,trend,0.5702,0.2148,-0.2016,733
price_acceleration__period40__smooth10,price_acceleration,EFA,trend,0.2071,-0.6928,-0.4909,567
price_acceleration__period10__smooth5,price_acceleration,EFA,trend,0.1676,0.1581,-0.1738,753
turn_of_month__days_before3__days_after3,turn_of_month,EFA,pattern,0.2669,-0.2531,-0.1816,360
turn_of_month__days_before4__days_after4,turn_of_month,EFA,pattern,0.3257,-0.0881,-0.181,360
turn_of_month__days_before5__days_after5,turn_of_month,EFA,pattern,0.3913,0.1048,-0.1509,360
turn_of_month__days_before3__days_after5,turn_of_month,EFA,pattern,0.286,-0.1664,-0.2068,360
trend_intensity__period20,trend_intensity,EFA,trend,-0.1652,0.4969,-0.0741,394
trend_intensity__period30,trend_intensity,EFA,trend,0.1123,0.2202,-0.0993,290
trend_intensity__period50,trend_intensity,EFA,trend,-0.0442,-0.2341,-0.1091,180
trend_intensity__period63,trend_intensity,EFA,trend,0.0098,-0.0,-0.1447,192
ma_regime_momentum__regime_ma200__mom_period126__skip21,ma_regime_momentum,EFA,trend,0.0404,-0.1564,-0.3396,210
ma_regime_momentum__regime_ma200__mom_period252__skip21,ma_regime_momentum,EFA,trend,-0.2383,0.0328,-0.2413,228
ma_regime_momentum__regime_ma200__mom_period63__skip0,ma_regime_momentum,EFA,trend,0.1751,-0.1697,-0.2583,314
ma_regime_momentum__regime_ma100__mom_period126__skip21,ma_regime_momentum,EFA,trend,0.0058,-0.0462,-0.3019,253
ma_regime_momentum__regime_ma50__mom_period63__skip0,ma_regime_momentum,EFA,trend,0.0735,-0.3971,-0.3516,456
fisher_transform__period5,fisher_transform,EFA,trend,-0.3149,-0.1248,-0.2297,959
fisher_transform__period10,fisher_transform,EFA,trend,0.1445,-0.1128,-0.2293,614
fisher_transform__period20,fisher_transform,EFA,trend,0.1875,-0.8886,-0.5236,420
fisher_transform__period30,fisher_transform,EFA,trend,0.0963,-1.0436,-0.5717,348
relative_vigor__period10,relative_vigor,EFA,trend,0.1034,0.0961,-0.3797,1126
relative_vigor__period14,relative_vigor,EFA,trend,0.1034,0.0961,-0.3797,1126
relative_vigor__period20,relative_vigor,EFA,trend,0.1034,0.0961,-0.3797,1126
chande_momentum__period14__threshold0.0,chande_momentum,EFA,trend,-0.1275,-1.1043,-0.5663,443
chande_momentum__period20__threshold0.0,chande_momentum,EFA,trend,0.1215,-1.0075,-0.5349,378
chande_momentum__period20__threshold10.0,chande_momentum,EFA,trend,0.0479,-0.7955,-0.4123,685
chande_momentum__period30__threshold0.0,chande_momentum,EFA,trend,-0.0853,-0.3197,-0.4118,281
chande_momentum__period9__threshold0.0,chande_momentum,EFA,trend,0.0706,0.0004,-0.1844,549
demarker__period14__hi_thresh0.7__lo_thresh0.3,demarker,EFA,meanrev,0.1821,0.8115,-0.0839,481
demarker__period14__hi_thresh0.8__lo_thresh0.2,demarker,EFA,meanrev,0.1132,0.3718,-0.0573,207
demarker__period21__hi_thresh0.7__lo_thresh0.3,demarker,EFA,meanrev,-0.0824,0.6684,-0.0619,260
demarker__period9__hi_thresh0.7__lo_thresh0.3,demarker,EFA,meanrev,-0.0981,0.5785,-0.0895,746
stoch_rsi__rsi_period14__stoch_period14__lo20.0__hi80.0,stoch_rsi,EFA,meanrev,0.0359,0.1281,-0.1456,758
stoch_rsi__rsi_period14__stoch_period14__lo10.0__hi90.0,stoch_rsi,EFA,meanrev,0.2911,0.1512,-0.1114,660
stoch_rsi__rsi_period7__stoch_period14__lo20.0__hi80.0,stoch_rsi,EFA,meanrev,0.0187,-0.2773,-0.2478,800
stoch_rsi__rsi_period21__stoch_period21__lo20.0__hi80.0,stoch_rsi,EFA,meanrev,-0.1787,0.2251,-0.1409,564
hurst_regime__period100__trend_thresh0.55__mr_thresh0.45,hurst_regime,EFA,trend,0.1096,0.1861,-0.1226,355
hurst_regime__period60__trend_thresh0.55__mr_thresh0.45,hurst_regime,EFA,trend,0.2456,-0.9688,-0.342,562
hurst_regime__period100__trend_thresh0.58__mr_thresh0.42,hurst_regime,EFA,trend,0.0683,0.4275,-0.0561,93
psych_line__period12__hi_thresh75.0__lo_thresh25.0,psych_line,EFA,meanrev,0.5457,0.4414,-0.0689,110
psych_line__period12__hi_thresh65.0__lo_thresh35.0,psych_line,EFA,meanrev,0.0492,-0.0805,-0.1782,639
psych_line__period20__hi_thresh70.0__lo_thresh30.0,psych_line,EFA,meanrev,0.5663,-0.328,-0.0977,80
er_regime__er_period10__mom_period20__er_thresh0.4,er_regime,EFA,trend,-0.3199,0.32,-0.1674,1620
er_regime__er_period10__mom_period20__er_thresh0.3,er_regime,EFA,trend,-0.2229,-0.1613,-0.2192,1658
er_regime__er_period14__mom_period20__er_thresh0.4,er_regime,EFA,trend,-0.4743,-0.0382,-0.2871,1389
er_regime__er_period20__mom_period40__er_thresh0.4,er_regime,EFA,trend,0.0837,-0.7389,-0.4237,1042
er_regime__er_period10__mom_period10__er_thresh0.4,er_regime,EFA,trend,-0.3417,-0.5185,-0.3081,1795
mcginley_dynamic__fast5__slow20,mcginley_dynamic,EFA,trend,0.1418,-0.6161,-0.4432,204
mcginley_dynamic__fast10__slow40,mcginley_dynamic,EFA,trend,0.2275,-0.7518,-0.4734,96
mcginley_dynamic__fast12__slow26,mcginley_dynamic,EFA,trend,-0.0614,-0.4557,-0.4331,118
mcginley_dynamic__fast5__slow14,mcginley_dynamic,EFA,trend,0.2867,-0.8523,-0.52,254
cci_trend__period14__threshold50.0,cci_trend,EFA,trend,0.0394,-0.5856,-0.3485,1008
cci_trend__period20__threshold50.0,cci_trend,EFA,trend,0.1178,-0.6712,-0.3748,788
cci_trend__period20__threshold100.0,cci_trend,EFA,trend,-0.1625,-0.908,-0.3435,840
cci_trend__period30__threshold50.0,cci_trend,EFA,trend,-0.0652,-0.676,-0.3684,706
cci_trend__period14__threshold100.0,cci_trend,EFA,trend,0.0451,-0.6366,-0.2761,990
volume_roc__period10__signal_period5,volume_roc,EFA,volume,-0.2111,-0.7051,-0.2661,854
volume_roc__period14__signal_period10,volume_roc,EFA,volume,-0.5557,-0.2116,-0.2641,633
volume_roc__period20__signal_period10,volume_roc,EFA,volume,-0.0035,-0.7781,-0.3257,560
volume_roc__period5__signal_period3,volume_roc,EFA,volume,-0.1109,-0.4662,-0.2172,1284
hv_ratio__fast_period10__slow_period100__thresh_hi1.5__thresh_lo0.7,hv_ratio,EFA,volatility,-0.0767,-0.8352,-0.3011,443
hv_ratio__fast_period10__slow_period60__thresh_hi1.5__thresh_lo0.7,hv_ratio,EFA,volatility,0.2105,-0.8103,-0.2574,419
hv_ratio__fast_period21__slow_period100__thresh_hi1.5__thresh_lo0.7,hv_ratio,EFA,volatility,0.3683,0.5535,-0.0891,159
hv_ratio__fast_period10__slow_period100__thresh_hi2.0__thresh_lo0.5,hv_ratio,EFA,volatility,0.1448,-0.3638,-0.0887,140
zscore_trend__z_period20__trend_period50__z_thresh1.5,zscore_trend,EFA,meanrev,0.4479,0.7582,-0.0273,84
zscore_trend__z_period20__trend_period50__z_thresh1.0,zscore_trend,EFA,meanrev,0.5199,0.288,-0.0711,200
zscore_trend__z_period20__trend_period100__z_thresh1.5,zscore_trend,EFA,meanrev,0.6468,0.4053,-0.0441,198
zscore_trend__z_period30__trend_period100__z_thresh2.0,zscore_trend,EFA,meanrev,0.4738,-0.0391,-0.047,52
cmo_fisher__fisher_period10__cmo_period14__score_thresh0.3,cmo_fisher,EFA,trend,-0.6977,-0.1809,-0.1628,850
cmo_fisher__fisher_period10__cmo_period14__score_thresh0.2,cmo_fisher,EFA,trend,-0.6063,-0.2199,-0.1969,989
cmo_fisher__fisher_period14__cmo_period20__score_thresh0.3,cmo_fisher,EFA,trend,-0.6751,-0.9534,-0.2535,734
cmo_fisher__fisher_period8__cmo_period14__score_thresh0.2,cmo_fisher,EFA,trend,-0.7127,-0.4214,-0.2372,1081
rvi_divergence__rvi_period10__lookback5,rvi_divergence,EFA,meanrev,-0.1805,0.5031,-0.0199,32
rvi_divergence__rvi_period10__lookback8,rvi_divergence,EFA,meanrev,0.1968,0.0,0.0,8
rvi_divergence__rvi_period14__lookback5,rvi_divergence,EFA,meanrev,-0.1805,0.5031,-0.0199,32
adaptive_rsi__base_period14__fast_n2__slow_n30,adaptive_rsi,EFA,meanrev,0.28,0.6354,-0.2388,271
adaptive_rsi__base_period14__fast_n2__slow_n60,adaptive_rsi,EFA,meanrev,0.2921,0.5641,-0.2535,264
adaptive_rsi__base_period9__fast_n2__slow_n30,adaptive_rsi,EFA,meanrev,0.1448,1.1794,-0.156,395
adaptive_rsi__base_period21__fast_n2__slow_n30,adaptive_rsi,EFA,meanrev,-0.1511,0.4021,-0.2584,165
elder_impulse__ema_period8,elder_impulse,EFA,composite,-0.4926,0.3388,-0.1615,1488
elder_impulse__ema_period13,elder_impulse,EFA,composite,-0.4035,0.0035,-0.2143,1419
elder_impulse__ema_period20,elder_impulse,EFA,composite,-0.3948,-0.1011,-0.2459,1355
klinger_osc__fast34__slow55__signal13,klinger_osc,EFA,volume,0.4511,-0.0038,-0.2362,661
klinger_osc__fast21__slow34__signal9,klinger_osc,EFA,volume,0.192,-0.0638,-0.2733,904
klinger_osc__fast55__slow89__signal13,klinger_osc,EFA,volume,0.3149,-0.129,-0.3387,607
price_oscillator__fast10__slow30__signal9,price_oscillator,EFA,trend,0.0364,-0.1136,-0.3185,306
price_oscillator__fast12__slow26__signal9,price_oscillator,EFA,trend,0.0144,-0.3401,-0.369,302
price_oscillator__fast5__slow20__signal5,price_oscillator,EFA,trend,0.1812,0.4283,-0.2776,553
price_oscillator__fast20__slow50__signal9,price_oscillator,EFA,trend,-0.2228,-0.6217,-0.4609,228
baz_trend__ewmstd_span42,baz_trend,EFA,trend,-0.0502,-0.2519,-0.2941,85
baz_trend__ewmstd_span63,baz_trend,EFA,trend,-0.0502,-0.2519,-0.2941,85
baz_trend__ewmstd_span126,baz_trend,EFA,trend,-0.0502,-0.2519,-0.2941,85
intermediate_mom__start252__end126,intermediate_mom,EFA,trend,-0.0913,0.0876,-0.2276,93
intermediate_mom__start189__end105,intermediate_mom,EFA,trend,-0.0937,0.2388,-0.3071,143
intermediate_mom__start168__end84,intermediate_mom,EFA,trend,-0.2152,-0.2361,-0.3102,145
intermediate_mom__start252__end63,intermediate_mom,EFA,trend,-0.0193,-0.2319,-0.3577,93
mom_crash_protect__bear_lookback504__bear_thresh-0.2__damp0.0,mom_crash_protect,EFA,trend,-0.3654,0.2293,-0.257,116
mom_crash_protect__bear_lookback504__bear_thresh-0.2__damp0.25,mom_crash_protect,EFA,trend,-0.3654,0.2293,-0.257,116
mom_crash_protect__bear_lookback252__bear_thresh-0.2__damp0.0,mom_crash_protect,EFA,trend,-0.328,0.2293,-0.257,120
mom_crash_protect__bear_lookback504__bear_thresh-0.25__damp0.0,mom_crash_protect,EFA,trend,-0.3654,0.2293,-0.257,116
consistent_mom__consistency_thresh0.5,consistent_mom,EFA,trend,0.0011,0.2729,-0.1956,530
consistent_mom__consistency_thresh0.58,consistent_mom,EFA,trend,0.3742,0.2575,-0.1822,613
consistent_mom__consistency_thresh0.67,consistent_mom,EFA,trend,0.0168,-0.1459,-0.1257,468
signed_range_mom__period10__threshold0.1,signed_range_mom,EFA,trend,-0.0741,-0.3853,-0.4258,929
signed_range_mom__period21__threshold0.1,signed_range_mom,EFA,trend,0.1987,-0.4203,-0.2801,618
signed_range_mom__period21__threshold0.15,signed_range_mom,EFA,trend,0.1526,0.0822,-0.2267,637
signed_range_mom__period42__threshold0.1,signed_range_mom,EFA,trend,-0.0261,-0.3095,-0.2517,386
signed_range_mom__period63__threshold0.1,signed_range_mom,EFA,trend,-0.3657,-0.3901,-0.3173,293
multi_tsmom,multi_tsmom,EFA,trend,0.1394,-0.3083,-0.2979,362
"multi_tsmom__lookbacks(63, 126, 252)",multi_tsmom,EFA,trend,0.1294,0.0145,-0.2568,139
"multi_tsmom__lookbacks(21, 63, 252)",multi_tsmom,EFA,trend,0.069,-0.4943,-0.3588,281
"multi_tsmom__lookbacks(21, 63, 126, 252)__weights(0.4, 0.3, 0.2, 0.1)",multi_tsmom,EFA,trend,0.0989,-0.5599,-0.3865,259
"multi_tsmom__lookbacks(21, 63, 126, 252)__weights(0.1, 0.2, 0.3, 0.4)",multi_tsmom,EFA,trend,0.1252,-0.0732,-0.249,211
ma_crossover__fast5__slow20__kindsma,ma_crossover,EEM,trend,-0.2263,-0.9807,-0.6377,246
ma_crossover__fast10__slow30__kindsma,ma_crossover,EEM,trend,0.2776,-0.6017,-0.5522,140
ma_crossover__fast20__slow50__kindsma,ma_crossover,EEM,trend,0.1796,-0.0897,-0.3359,82
ma_crossover__fast50__slow100__kindsma,ma_crossover,EEM,trend,-0.0417,0.1929,-0.2205,37
ma_crossover__fast50__slow200__kindsma,ma_crossover,EEM,trend,-0.446,-0.044,-0.3347,22
ma_crossover__fast100__slow200__kindsma,ma_crossover,EEM,trend,-0.2017,-0.1255,-0.3279,24
ma_crossover__fast10__slow50__kindsma,ma_crossover,EEM,trend,-0.0841,-0.6393,-0.6097,101
ma_crossover__fast20__slow100__kindsma,ma_crossover,EEM,trend,-0.0678,0.0707,-0.2476,44
ma_crossover__fast5__slow20__kindema,ma_crossover,EEM,trend,0.0659,-1.0275,-0.6491,256
ma_crossover__fast12__slow26__kindema,ma_crossover,EEM,trend,0.1014,-0.667,-0.6066,132
ma_crossover__fast10__slow50__kindema,ma_crossover,EEM,trend,0.0679,-0.4399,-0.5258,110
ma_crossover__fast20__slow100__kindema,ma_crossover,EEM,trend,-0.1175,0.1426,-0.1812,48
ts_momentum__period21,ts_momentum,EEM,trend,0.3592,-0.666,-0.5566,378
ts_momentum__period42,ts_momentum,EEM,trend,-0.0944,0.0533,-0.388,250
ts_momentum__period63,ts_momentum,EEM,trend,0.1647,-0.2506,-0.3981,180
ts_momentum__period126,ts_momentum,EEM,trend,-0.2432,-0.3137,-0.4265,162
ts_momentum__period252,ts_momentum,EEM,trend,-0.4726,-0.0071,-0.3561,128
roc_momentum__period5,roc_momentum,EEM,trend,-0.384,-0.5308,-0.5312,786
roc_momentum__period10,roc_momentum,EEM,trend,0.0406,-0.5992,-0.4982,580
roc_momentum__period20,roc_momentum,EEM,trend,-0.0062,-0.5195,-0.5514,388
roc_momentum__period30,roc_momentum,EEM,trend,0.2204,-0.583,-0.6254,296
roc_momentum__period60,roc_momentum,EEM,trend,0.2096,0.314,-0.2213,180
macd_signal__fast12__slow26__signal9,macd_signal,EEM,trend,-0.0118,-0.25,-0.4482,304
macd_signal__fast8__slow17__signal9,macd_signal,EEM,trend,-0.0537,-0.2059,-0.4187,376
macd_signal__fast5__slow35__signal5,macd_signal,EEM,trend,0.0145,-0.3785,-0.5153,520
macd_signal__fast3__slow10__signal16,macd_signal,EEM,trend,0.009,-0.0365,-0.3677,546
donchian_breakout__period10,donchian_breakout,EEM,trend,-0.5419,-0.1256,-0.2538,1074
donchian_breakout__period20,donchian_breakout,EEM,trend,-0.3086,-0.4388,-0.3341,746
donchian_breakout__period30,donchian_breakout,EEM,trend,-0.3881,-0.1611,-0.2443,616
donchian_breakout__period40,donchian_breakout,EEM,trend,-0.3568,-0.01,-0.1683,532
donchian_breakout__period55,donchian_breakout,EEM,trend,-0.223,-0.0316,-0.148,452
bb_breakout__period20__std1.5,bb_breakout,EEM,trend,-0.3484,-0.3445,-0.3123,768
bb_breakout__period20__std2.0,bb_breakout,EEM,trend,-0.2586,-0.2102,-0.227,404
bb_breakout__period20__std2.5,bb_breakout,EEM,trend,-0.3088,-0.533,-0.1412,142
bb_breakout__period30__std2.0,bb_breakout,EEM,trend,-0.1538,-0.3237,-0.2002,374
bb_breakout__period50__std2.0,bb_breakout,EEM,trend,0.0246,-0.3201,-0.2153,308
supertrend__period7__mult2.0,supertrend,EEM,trend,-0.2804,-0.5951,-0.5434,269
supertrend__period7__mult3.0,supertrend,EEM,trend,-0.3641,-0.4799,-0.5394,159
supertrend__period10__mult3.0,supertrend,EEM,trend,-0.2338,-0.5368,-0.5586,157
supertrend__period14__mult2.0,supertrend,EEM,trend,-0.2326,-0.6475,-0.5608,267
supertrend__period14__mult3.0,supertrend,EEM,trend,-0.2559,-0.3848,-0.5424,157
parabolic_sar__step0.01__max_af0.1,parabolic_sar,EEM,trend,-0.184,-0.3904,-0.4688,215
parabolic_sar__step0.02__max_af0.2,parabolic_sar,EEM,trend,-0.0682,-0.9695,-0.6902,323
parabolic_sar__step0.03__max_af0.2,parabolic_sar,EEM,trend,-0.0246,-0.4156,-0.486,409
parabolic_sar__step0.05__max_af0.2,parabolic_sar,EEM,trend,-0.1935,0.0398,-0.3715,527
adx_trend__period14__threshold20,adx_trend,EEM,trend,-0.3393,-0.6952,-0.455,245
adx_trend__period14__threshold25,adx_trend,EEM,trend,-0.7569,-0.7609,-0.3328,159
adx_trend__period14__threshold30,adx_trend,EEM,trend,-0.5081,-0.5957,-0.2288,88
adx_trend__period21__threshold20,adx_trend,EEM,trend,-0.5263,-0.63,-0.3456,111
adx_trend__period21__threshold25,adx_trend,EEM,trend,-0.7644,-0.4877,-0.2532,57
ichimoku__tenkan9__kijun26__senkou_b52,ichimoku,EEM,trend,0.1673,-0.7194,-0.5188,534
ichimoku__tenkan7__kijun22__senkou_b44,ichimoku,EEM,trend,0.0322,-0.7306,-0.5055,606
linreg_slope__period10,linreg_slope,EEM,trend,-0.2689,-0.6159,-0.5628,392
linreg_slope__period20,linreg_slope,EEM,trend,0.0843,-0.5723,-0.5316,190
linreg_slope__period30,linreg_slope,EEM,trend,0.343,-0.4504,-0.5157,122
linreg_slope__period50,linreg_slope,EEM,trend,0.1806,-0.0942,-0.2905,74
aroon__period14,aroon,EEM,trend,-0.1591,-0.7431,-0.5829,262
aroon__period25,aroon,EEM,trend,0.0393,-0.4011,-0.5293,150
aroon__period50,aroon,EEM,trend,0.2311,-0.1953,-0.4505,76
vortex__period10,vortex,EEM,trend,-0.1306,-0.5751,-0.5332,507
vortex__period14,vortex,EEM,trend,-0.3305,-1.1234,-0.7022,462
vortex__period21,vortex,EEM,trend,0.3356,-0.8619,-0.6359,374
trix__period9,trix,EEM,trend,0.2433,-0.6796,-0.5925,153
trix__period12,trix,EEM,trend,0.1259,-0.6635,-0.6483,115
trix__period18,trix,EEM,trend,0.2565,-0.1828,-0.3376,75
hull_ma__period14,hull_ma,EEM,trend,-0.4138,-0.1022,-0.3872,562
hull_ma__period20,hull_ma,EEM,trend,-0.0654,-0.5285,-0.5686,406
hull_ma__period30,hull_ma,EEM,trend,-0.0969,-0.5306,-0.491,303
hull_ma__period50,hull_ma,EEM,trend,0.169,-0.5069,-0.5555,201
kama__period5,kama,EEM,trend,0.1261,-0.1624,-0.3813,2019
kama__period10,kama,EEM,trend,-0.2964,0.0,0.0,150
kama__period20,kama,EEM,trend,0.8741,0.0,0.0,41
turtle__entry20__exit_p10,turtle,EEM,trend,-0.3086,-0.4388,-0.3341,746
turtle__entry55__exit_p20,turtle,EEM,trend,-0.223,-0.0316,-0.148,452
turtle__entry10__exit_p5,turtle,EEM,trend,-0.5419,-0.1256,-0.2538,1074
dual_momentum__period63,dual_momentum,EEM,trend,0.4138,-0.4626,-0.3567,180
dual_momentum__period126,dual_momentum,EEM,trend,0.099,-0.4743,-0.36,162
dual_momentum__period252,dual_momentum,EEM,trend,0.0163,-0.2501,-0.324,129
elder_ray__period13,elder_ray,EEM,trend,-0.4944,-0.2312,-0.4056,660
elder_ray__period21,elder_ray,EEM,trend,-0.2693,-0.5362,-0.4615,538
elder_ray__period34,elder_ray,EEM,trend,-0.0712,-0.5493,-0.4657,424
rsi_reversion__period7__lo30__hi70,rsi_reversion,EEM,meanrev,0.2092,0.6528,-0.2079,610
rsi_reversion__period7__lo25__hi75,rsi_reversion,EEM,meanrev,0.8699,0.2637,-0.1664,394
rsi_reversion__period14__lo30__hi70,rsi_reversion,EEM,meanrev,0.6078,0.685,-0.0991,190
rsi_reversion__period14__lo25__hi75,rsi_reversion,EEM,meanrev,0.817,0.24,-0.0733,62
rsi_reversion__period14__lo35__hi65,rsi_reversion,EEM,meanrev,0.6056,0.4308,-0.1312,424
rsi_reversion__period21__lo30__hi70,rsi_reversion,EEM,meanrev,1.1018,0.016,-0.0879,80
rsi_reversion__period21__lo25__hi75,rsi_reversion,EEM,meanrev,0.0953,0.0168,-0.0438,8
rsi_reversion__period28__lo30__hi70,rsi_reversion,EEM,meanrev,0.3276,0.0168,-0.0438,18
rsi_reversion__period30__lo30__hi70,rsi_reversion,EEM,meanrev,0.3221,0.0168,-0.0438,14
rsi_reversion__period30__lo25__hi75,rsi_reversion,EEM,meanrev,0.1563,0.0,0.0,2
bb_reversion__period20__std1.5,bb_reversion,EEM,meanrev,0.2623,0.2571,-0.2214,768
bb_reversion__period20__std2.0,bb_reversion,EEM,meanrev,0.1809,0.1337,-0.1893,404
bb_reversion__period20__std2.5,bb_reversion,EEM,meanrev,0.2609,0.4757,-0.0733,142
bb_reversion__period30__std2.0,bb_reversion,EEM,meanrev,0.0914,0.262,-0.1329,374
bb_reversion__period30__std2.5,bb_reversion,EEM,meanrev,0.316,0.6293,-0.0455,150
bb_reversion__period50__std2.0,bb_reversion,EEM,meanrev,-0.0655,0.2642,-0.1501,308
zscore_reversion__period10__threshold1.0,zscore_reversion,EEM,meanrev,0.2783,0.2223,-0.2345,1335
zscore_reversion__period20__threshold1.5,zscore_reversion,EEM,meanrev,0.2623,0.2571,-0.2214,768
zscore_reversion__period20__threshold2.0,zscore_reversion,EEM,meanrev,0.1809,0.1337,-0.1893,404
zscore_reversion__period30__threshold1.5,zscore_reversion,EEM,meanrev,-0.2155,0.3771,-0.2399,613
zscore_reversion__period30__threshold2.0,zscore_reversion,EEM,meanrev,0.0914,0.262,-0.1329,374
zscore_reversion__period60__threshold2.0,zscore_reversion,EEM,meanrev,-0.0216,0.1297,-0.1898,256
stochastic__k5__d3__lo20__hi80,stochastic,EEM,meanrev,0.6173,-0.1582,-0.2039,922
stochastic__k14__d3__lo20__hi80,stochastic,EEM,meanrev,0.0641,0.6076,-0.1806,631
stochastic__k14__d3__lo30__hi70,stochastic,EEM,meanrev,0.2983,0.5887,-0.2302,685
stochastic__k14__d5__lo20__hi80,stochastic,EEM,meanrev,0.3562,0.9031,-0.1573,452
stochastic__k21__d3__lo20__hi80,stochastic,EEM,meanrev,0.1168,0.2858,-0.2216,499
cci_reversion__period14__threshold100,cci_reversion,EEM,meanrev,0.0852,0.1229,-0.2031,968
cci_reversion__period14__threshold150,cci_reversion,EEM,meanrev,-0.2731,-0.1528,-0.2076,548
cci_reversion__period20__threshold100,cci_reversion,EEM,meanrev,0.0303,0.3401,-0.2578,827
cci_reversion__period20__threshold150,cci_reversion,EEM,meanrev,-0.1008,0.3701,-0.1941,502
cci_reversion__period30__threshold100,cci_reversion,EEM,meanrev,-0.0518,0.7854,-0.2173,661
williams_r__period14__lo-80__hi-20,williams_r,EEM,meanrev,0.3277,0.4455,-0.1945,1105
williams_r__period14__lo-90__hi-10,williams_r,EEM,meanrev,0.2116,0.3835,-0.1456,1018
williams_r__period21__lo-80__hi-20,williams_r,EEM,meanrev,0.183,0.3866,-0.1978,865
williams_r__period28__lo-80__hi-20,williams_r,EEM,meanrev,0.167,0.1559,-0.2712,757
keltner_reversion__period20__mult1.5,keltner_reversion,EEM,meanrev,0.0034,0.6975,-0.269,675
keltner_reversion__period20__mult2.0,keltner_reversion,EEM,meanrev,0.112,0.8314,-0.1986,494
keltner_reversion__period20__mult2.5,keltner_reversion,EEM,meanrev,0.2974,0.4379,-0.1155,346
keltner_reversion__period30__mult2.0,keltner_reversion,EEM,meanrev,0.1946,0.5868,-0.2354,546
vwap_reversion__period20__z_thresh1.0,vwap_reversion,EEM,meanrev,0.2333,0.9649,-0.2172,864
vwap_reversion__period20__z_thresh1.5,vwap_reversion,EEM,meanrev,0.2465,0.6771,-0.2179,715
vwap_reversion__period20__z_thresh2.0,vwap_reversion,EEM,meanrev,0.4014,0.6432,-0.1822,485
percent_b__period20__std2.0__lo0.05__hi0.95,percent_b,EEM,meanrev,0.0483,0.3879,-0.1755,560
percent_b__period20__std2.0__lo0.1__hi0.9,percent_b,EEM,meanrev,0.1642,0.2641,-0.2254,694
percent_b__period20__std2.0__lo0.2__hi0.8,percent_b,EEM,meanrev,-0.02,0.3568,-0.211,878
percent_b__period30__std2.0__lo0.2__hi0.8,percent_b,EEM,meanrev,0.0142,0.7042,-0.2161,733
connors_rsi__rsi_period3__streak_period2__rank_period100,connors_rsi,EEM,meanrev,0.3344,0.1443,-0.2143,1178
connors_rsi__rsi_period2__streak_period3__rank_period100,connors_rsi,EEM,meanrev,0.4102,0.134,-0.2163,1262
ultimate_osc__p17__p214__p328,ultimate_osc,EEM,meanrev,0.6585,0.6198,-0.0577,196
ultimate_osc__p14__p28__p316,ultimate_osc,EEM,meanrev,0.6782,0.1145,-0.1526,582
gap_fade__threshold0.01,gap_fade,EEM,meanrev,0.1057,-0.554,-0.3674,1412
gap_fade__threshold0.015,gap_fade,EEM,meanrev,0.3446,-0.2407,-0.2498,729
gap_fade__threshold0.02,gap_fade,EEM,meanrev,0.8373,-0.2776,-0.1987,364
obv_trend__period10,obv_trend,EEM,volume,-0.2264,0.1276,-0.3099,782
obv_trend__period20,obv_trend,EEM,volume,0.1679,-0.409,-0.4958,538
obv_trend__period50,obv_trend,EEM,volume,0.1872,-0.4362,-0.5151,327
chaikin_mf__period10,chaikin_mf,EEM,volume,0.0603,-0.3304,-0.5418,479
chaikin_mf__period20,chaikin_mf,EEM,volume,0.3566,-0.8172,-0.654,328
chaikin_mf__period21,chaikin_mf,EEM,volume,0.1387,-0.9613,-0.6695,308
mfi__period10,mfi,EEM,volume,0.0151,0.6005,-0.0771,254
mfi__period14,mfi,EEM,volume,0.0481,0.3537,-0.0484,116
mfi__period21,mfi,EEM,volume,-0.2013,-0.3271,-0.0296,26
volume_surge__period10__mult1.5,volume_surge,EEM,volume,0.0658,-0.4153,-0.1638,409
volume_surge__period20__mult2.0,volume_surge,EEM,volume,-0.0643,-0.4097,-0.16,101
volume_surge__period20__mult3.0,volume_surge,EEM,volume,0.0,-0.4746,-0.013,2
force_index__period2,force_index,EEM,volume,-0.7042,-0.3376,-0.3822,1417
force_index__period13,force_index,EEM,volume,-0.5399,-0.4465,-0.4648,557
force_index__period20,force_index,EEM,volume,-0.3944,-0.4982,-0.4839,437
chaikin_osc__fast3__slow10,chaikin_osc,EEM,volume,0.1177,-0.5175,-0.5687,383
chaikin_osc__fast3__slow12,chaikin_osc,EEM,volume,0.2869,-0.5939,-0.537,333
chaikin_osc__fast5__slow12,chaikin_osc,EEM,volume,0.3114,-0.342,-0.5359,258
atr_breakout__period10__mult1.5,atr_breakout,EEM,volatility,-0.5655,0.0115,-0.206,726
atr_breakout__period14__mult1.5,atr_breakout,EEM,volatility,-0.3169,-0.3899,-0.3442,735
atr_breakout__period14__mult2.0,atr_breakout,EEM,volatility,-0.1546,-0.3395,-0.2902,488
atr_breakout__period20__mult2.0,atr_breakout,EEM,volatility,-0.2076,-0.8979,-0.4621,544
atr_breakout__period20__mult2.5,atr_breakout,EEM,volatility,-0.1108,-0.906,-0.4407,392
vol_breakout__period10__mult0.5,vol_breakout,EEM,volatility,-0.696,-0.2619,-0.413,2549
vol_breakout__period20__mult1.0,vol_breakout,EEM,volatility,-0.5329,-0.3748,-0.4075,2173
vol_breakout__period20__mult1.5,vol_breakout,EEM,volatility,-0.4582,-0.3928,-0.2984,1408
vol_breakout__period30__mult1.0,vol_breakout,EEM,volatility,-0.5813,-0.4645,-0.4159,2151
squeeze_breakout__bb_period20__kc_period20__bb_std2.0__kc_mult1.5,squeeze_breakout,EEM,volatility,0.21,-0.7096,-0.6543,164
squeeze_breakout__bb_period20__kc_period20__bb_std2.0__kc_mult1.0,squeeze_breakout,EEM,volatility,0.2295,-0.6121,-0.6329,120
squeeze_breakout__bb_period30__kc_period30__bb_std2.0__kc_mult1.5,squeeze_breakout,EEM,volatility,-0.0445,-0.3373,-0.4533,96
engulfing,engulfing,EEM,pattern,-0.2901,0.7772,-0.0357,330
three_bar_reversal,three_bar_reversal,EEM,pattern,0.3904,0.2214,-0.1665,947
higher_highs_lows__period5,higher_highs_lows,EEM,pattern,-0.2732,-0.7412,-0.5285,808
higher_highs_lows__period10,higher_highs_lows,EEM,pattern,0.2162,-1.21,-0.6669,479
higher_highs_lows__period20,higher_highs_lows,EEM,pattern,0.0759,0.0317,-0.3326,234
pivot_bounce__period5,pivot_bounce,EEM,pattern,-0.0253,-0.2201,-0.1458,1250
pivot_bounce__period10,pivot_bounce,EEM,pattern,0.5137,-0.3759,-0.2225,1167
pivot_bounce__period20,pivot_bounce,EEM,pattern,0.1578,-0.1674,-0.238,961
macd_rsi_combo__fast12__slow26__signal9__rsi_period14__rsi_lo40__rsi_hi60,macd_rsi_combo,EEM,composite,0.0542,-0.6307,-0.4698,533
macd_rsi_combo__fast12__slow26__signal9__rsi_period14__rsi_lo45__rsi_hi55,macd_rsi_combo,EEM,composite,-0.1053,-0.7089,-0.462,727
macd_rsi_combo__fast8__slow21__signal5__rsi_period14__rsi_lo40__rsi_hi60,macd_rsi_combo,EEM,composite,0.063,-0.58,-0.4233,551
macd_rsi_combo__fast5__slow35__signal5__rsi_period14__rsi_lo40__rsi_hi60,macd_rsi_combo,EEM,composite,0.0576,-0.5994,-0.4159,575
triple_screen__trend_period20__osc_period14__osc_lo40__osc_hi60,triple_screen,EEM,composite,-0.0549,0.0,0.0,2
triple_screen__trend_period30__osc_period14__osc_lo40__osc_hi60,triple_screen,EEM,composite,-0.0549,0.0,0.0,2
triple_screen__trend_period50__osc_period14__osc_lo35__osc_hi65,triple_screen,EEM,composite,-0.0549,0.0,0.0,2
triple_screen__trend_period20__osc_period7__osc_lo30__osc_hi70,triple_screen,EEM,composite,0.0,0.0,0.0,0
chandelier_exit__period14__mult2.0,chandelier_exit,EEM,composite,-0.2335,-0.9479,-0.6257,676
chandelier_exit__period22__mult3.0,chandelier_exit,EEM,composite,-0.052,-0.7226,-0.5439,450
chandelier_exit__period22__mult2.0,chandelier_exit,EEM,composite,-0.2083,-0.742,-0.5075,703
chandelier_exit__period10__mult2.0,chandelier_exit,EEM,composite,-0.0345,-0.562,-0.534,600
high52_momentum__period252__threshold0.7,high52_momentum,EEM,trend,-0.3794,-0.3685,-0.3603,282
high52_momentum__period252__threshold0.75,high52_momentum,EEM,trend,-0.1599,-0.4737,-0.3238,226
high52_momentum__period252__threshold0.8,high52_momentum,EEM,trend,-0.3645,-0.5627,-0.4085,262
high52_momentum__period126__threshold0.7,high52_momentum,EEM,trend,-0.1401,-0.6029,-0.3984,386
high52_momentum__period126__threshold0.75,high52_momentum,EEM,trend,-0.2168,-0.7643,-0.4456,384
short_reversal__period5,short_reversal,EEM,meanrev,0.2858,0.4237,-0.2611,786
short_reversal__period10,short_reversal,EEM,meanrev,-0.1101,0.5099,-0.2012,580
short_reversal__period15,short_reversal,EEM,meanrev,0.2272,1.0986,-0.2951,502
short_reversal__period20,short_reversal,EEM,meanrev,-0.0399,0.4551,-0.3088,388
low_vol_regime__period20__ma_period60,low_vol_regime,EEM,volatility,-0.0442,-0.5949,-0.3275,138
low_vol_regime__period20__ma_period120,low_vol_regime,EEM,volatility,0.1249,-0.6948,-0.3698,164
low_vol_regime__period60__ma_period120,low_vol_regime,EEM,volatility,0.0235,-0.5019,-0.2723,62
low_vol_regime__period20__ma_period252,low_vol_regime,EEM,volatility,-0.1548,-0.6297,-0.3367,138
low_vol_regime__period60__ma_period252,low_vol_regime,EEM,volatility,0.228,-0.5379,-0.3111,60
low_vol_regime__period120__ma_period252,low_vol_regime,EEM,volatility,-0.1458,0.2528,-0.1367,36
nr_breakout__nr_period4__exit_bars3,nr_breakout,EEM,pattern,0.1361,-0.7055,-0.4239,977
nr_breakout__nr_period4__exit_bars5,nr_breakout,EEM,pattern,-0.0685,-0.6594,-0.4953,751
nr_breakout__nr_period7__exit_bars3,nr_breakout,EEM,pattern,0.2331,-0.5998,-0.2897,675
nr_breakout__nr_period7__exit_bars5,nr_breakout,EEM,pattern,0.2379,-0.3862,-0.3949,576
nr_breakout__nr_period10__exit_bars5,nr_breakout,EEM,pattern,0.4878,0.2037,-0.1695,475
nr_breakout__nr_period10__exit_bars10,nr_breakout,EEM,pattern,0.1064,-0.3002,-0.3133,394
overnight_gap__period1__threshold0.001,overnight_gap,EEM,volume,-0.2442,-0.1849,-0.4514,2273
overnight_gap__period1__threshold0.003,overnight_gap,EEM,volume,-0.347,0.0067,-0.4052,2522
overnight_gap__period3__threshold0.001,overnight_gap,EEM,volume,-0.0843,0.7623,-0.2431,1465
overnight_gap__period3__threshold0.003,overnight_gap,EEM,volume,-0.2669,0.5384,-0.1813,1508
overnight_gap__period5__threshold0.001,overnight_gap,EEM,volume,-0.4901,-0.2767,-0.3726,1292
overnight_gap__period5__threshold0.003,overnight_gap,EEM,volume,-0.4189,-0.3348,-0.4044,1088
coppock_curve__roc1252__roc2189__wma_period63,coppock_curve,EEM,trend,-0.4183,-0.0267,-0.3217,20
coppock_curve__roc1189__roc2126__wma_period42,coppock_curve,EEM,trend,-0.5072,-0.2714,-0.3971,28
coppock_curve__roc1126__roc2100__wma_period21,coppock_curve,EEM,trend,-0.4611,-0.0897,-0.3943,34
bll_filter__pct0.005__hold0,bll_filter,EEM,trend,-0.6043,0.1283,-0.3587,1324
bll_filter__pct0.01__hold0,bll_filter,EEM,trend,-0.6216,0.279,-0.3197,896
bll_filter__pct0.02__hold0,bll_filter,EEM,trend,-0.4493,-0.5274,-0.5456,483
bll_filter__pct0.005__hold10,bll_filter,EEM,trend,-0.5996,0.0546,-0.358,1356
bll_filter__pct0.01__hold10,bll_filter,EEM,trend,-0.6904,0.2487,-0.3194,995
bll_filter__pct0.01__hold20,bll_filter,EEM,trend,-0.6058,0.2983,-0.3197,907
bll_filter__pct0.02__hold10,bll_filter,EEM,trend,-0.5627,-0.1856,-0.3843,656
frog_in_pan__lookback252__skip21__id_cutoff0.5,frog_in_pan,EEM,trend,0.1667,-0.1877,-0.3725,188
frog_in_pan__lookback252__skip21__id_cutoff0.45,frog_in_pan,EEM,trend,0.147,-0.5384,-0.3129,73
frog_in_pan__lookback252__skip0__id_cutoff0.5,frog_in_pan,EEM,trend,0.0085,-0.2769,-0.372,188
frog_in_pan__lookback126__skip21__id_cutoff0.5,frog_in_pan,EEM,trend,0.0186,-0.1903,-0.3066,242
frog_in_pan__lookback126__skip21__id_cutoff0.45,frog_in_pan,EEM,trend,0.2095,-0.2249,-0.2569,184
vol_mom__mom_period126__vol_period126__skip21__vol_weight0.5,vol_mom,EEM,composite,-0.2073,-0.5816,-0.4132,202
vol_mom__mom_period126__vol_period126__skip0__vol_weight0.5,vol_mom,EEM,composite,-0.1457,-0.6368,-0.4069,199
vol_mom__mom_period252__vol_period126__skip21__vol_weight0.5,vol_mom,EEM,composite,-0.1642,-0.2667,-0.249,174
vol_mom__mom_period63__vol_period63__skip0__vol_weight0.3,vol_mom,EEM,composite,0.2247,-0.2506,-0.3981,173
vol_mom__mom_period126__vol_period126__skip21__vol_weight0.3,vol_mom,EEM,composite,-0.3199,-0.26,-0.4481,155
seasonality__n_years2,seasonality,EEM,pattern,-0.1327,-0.5962,-0.5502,86
seasonality__n_years3,seasonality,EEM,pattern,0.2559,-0.4641,-0.4779,90
seasonality__n_years5,seasonality,EEM,pattern,0.2456,-0.4319,-0.5106,98
residual_mom__lookback252__skip21,residual_mom,EEM,trend,-0.2482,0.345,-0.2859,88
residual_mom__lookback252__skip0,residual_mom,EEM,trend,-0.0391,0.0064,-0.3637,88
residual_mom__lookback126__skip21,residual_mom,EEM,trend,-0.146,-0.4347,-0.4791,145
vol_scaled_mom__rv_window21__vol_target0.12__damp0.5,vol_scaled_mom,EEM,trend,-0.0718,0.2053,-0.2366,3153
vol_scaled_mom__rv_window21__vol_target0.08__damp0.5,vol_scaled_mom,EEM,trend,-0.0752,0.1847,-0.1681,3487
vol_scaled_mom__rv_window63__vol_target0.12__damp0.5,vol_scaled_mom,EEM,trend,-0.0168,0.1949,-0.2129,3323
vol_scaled_mom__rv_window21__vol_target0.12__damp0.0,vol_scaled_mom,EEM,trend,-0.0574,0.214,-0.2366,3020
vol_scaled_mom__rv_window21__vol_target0.15__damp0.5,vol_scaled_mom,EEM,trend,-0.1017,0.2458,-0.2637,2488
dema_crossover__fast5__slow20,dema_crossover,EEM,trend,-0.122,-0.1156,-0.4023,410
dema_crossover__fast10__slow40,dema_crossover,EEM,trend,0.0596,-0.343,-0.541,214
dema_crossover__fast12__slow26,dema_crossover,EEM,trend,0.065,-0.5345,-0.5445,256
dema_crossover__fast20__slow50,dema_crossover,EEM,trend,-0.0603,-0.3151,-0.5378,144
dema_crossover__fast10__slow30,dema_crossover,EEM,trend,0.0354,-0.7511,-0.6319,272
tema_crossover__fast5__slow20,tema_crossover,EEM,trend,0.1323,0.1782,-0.3605,534
tema_crossover__fast10__slow40,tema_crossover,EEM,trend,0.0034,-0.165,-0.4569,298
tema_crossover__fast12__slow26,tema_crossover,EEM,trend,-0.1989,-0.1852,-0.392,310
tema_crossover__fast20__slow50,tema_crossover,EEM,trend,0.0856,-0.3783,-0.5655,184
tema_crossover__fast10__slow30,tema_crossover,EEM,trend,-0.1145,-0.1784,-0.3847,344
price_acceleration__period10__smooth3,price_acceleration,EEM,trend,-0.1083,0.4015,-0.2662,1002
price_acceleration__period20__smooth5,price_acceleration,EEM,trend,-0.0781,-0.3115,-0.3629,784
price_acceleration__period20__smooth3,price_acceleration,EEM,trend,0.2412,-0.4475,-0.4954,999
price_acceleration__period30__smooth5,price_acceleration,EEM,trend,-0.2023,-0.3432,-0.4266,759
price_acceleration__period40__smooth10,price_acceleration,EEM,trend,-0.0073,-0.7553,-0.5941,563
price_acceleration__period10__smooth5,price_acceleration,EEM,trend,-0.2226,-0.3723,-0.4211,752
turn_of_month__days_before3__days_after3,turn_of_month,EEM,pattern,0.6228,-0.1271,-0.2446,360
turn_of_month__days_before4__days_after4,turn_of_month,EEM,pattern,0.678,-0.0867,-0.3114,360
turn_of_month__days_before5__days_after5,turn_of_month,EEM,pattern,0.7035,-0.0378,-0.3015,360
turn_of_month__days_before3__days_after5,turn_of_month,EEM,pattern,0.5942,-0.2966,-0.3355,360
trend_intensity__period20,trend_intensity,EEM,trend,-0.0352,0.7875,-0.1141,404
trend_intensity__period30,trend_intensity,EEM,trend,0.0275,0.6378,-0.1207,277
trend_intensity__period50,trend_intensity,EEM,trend,0.1053,-0.431,-0.1857,160
trend_intensity__period63,trend_intensity,EEM,trend,0.1069,0.1841,-0.1083,160
ma_regime_momentum__regime_ma200__mom_period126__skip21,ma_regime_momentum,EEM,trend,-0.4179,-0.1155,-0.3153,288
ma_regime_momentum__regime_ma200__mom_period252__skip21,ma_regime_momentum,EEM,trend,-0.3649,0.1472,-0.217,263
ma_regime_momentum__regime_ma200__mom_period63__skip0,ma_regime_momentum,EEM,trend,-0.0818,-0.1048,-0.2623,306
ma_regime_momentum__regime_ma100__mom_period126__skip21,ma_regime_momentum,EEM,trend,-0.114,-0.2687,-0.3451,324
ma_regime_momentum__regime_ma50__mom_period63__skip0,ma_regime_momentum,EEM,trend,0.029,-0.5632,-0.4706,445
fisher_transform__period5,fisher_transform,EEM,trend,-0.3172,0.1174,-0.2567,929
fisher_transform__period10,fisher_transform,EEM,trend,-0.2254,-0.6136,-0.578,654
fisher_transform__period20,fisher_transform,EEM,trend,-0.3249,-0.765,-0.5802,462
fisher_transform__period30,fisher_transform,EEM,trend,0.136,-0.5385,-0.4992,344
relative_vigor__period10,relative_vigor,EEM,trend,0.0009,-0.4717,-0.462,1116
relative_vigor__period14,relative_vigor,EEM,trend,0.0009,-0.4717,-0.462,1116
relative_vigor__period20,relative_vigor,EEM,trend,0.0009,-0.4717,-0.462,1116
chande_momentum__period14__threshold0.0,chande_momentum,EEM,trend,-0.252,-0.6233,-0.4998,502
chande_momentum__period20__threshold0.0,chande_momentum,EEM,trend,-0.006,-0.5195,-0.5514,389
chande_momentum__period20__threshold10.0,chande_momentum,EEM,trend,-0.0252,-0.7341,-0.456,790
chande_momentum__period30__threshold0.0,chande_momentum,EEM,trend,0.2248,-0.583,-0.6254,297
chande_momentum__period9__threshold0.0,chande_momentum,EEM,trend,-0.1517,-1.1541,-0.7093,595
demarker__period14__hi_thresh0.7__lo_thresh0.3,demarker,EEM,meanrev,-0.0439,0.8902,-0.1475,479
demarker__period14__hi_thresh0.8__lo_thresh0.2,demarker,EEM,meanrev,0.5587,0.5215,-0.0784,195
demarker__period21__hi_thresh0.7__lo_thresh0.3,demarker,EEM,meanrev,0.3678,0.649,-0.1762,292
demarker__period9__hi_thresh0.7__lo_thresh0.3,demarker,EEM,meanrev,0.3347,0.3788,-0.2342,759
stoch_rsi__rsi_period14__stoch_period14__lo20.0__hi80.0,stoch_rsi,EEM,meanrev,0.1222,0.1212,-0.2309,748
stoch_rsi__rsi_period14__stoch_period14__lo10.0__hi90.0,stoch_rsi,EEM,meanrev,-0.0373,0.1948,-0.1623,634
stoch_rsi__rsi_period7__stoch_period14__lo20.0__hi80.0,stoch_rsi,EEM,meanrev,-0.0316,-0.0824,-0.2428,794
stoch_rsi__rsi_period21__stoch_period21__lo20.0__hi80.0,stoch_rsi,EEM,meanrev,0.0111,0.2112,-0.1958,584
hurst_regime__period100__trend_thresh0.55__mr_thresh0.45,hurst_regime,EEM,trend,0.0087,-0.2413,-0.3116,311
hurst_regime__period60__trend_thresh0.55__mr_thresh0.45,hurst_regime,EEM,trend,-0.203,-0.8172,-0.4119,485
hurst_regime__period100__trend_thresh0.58__mr_thresh0.42,hurst_regime,EEM,trend,0.2331,0.1146,-0.0712,121
psych_line__period12__hi_thresh75.0__lo_thresh25.0,psych_line,EEM,meanrev,0.28,0.026,-0.077,100
psych_line__period12__hi_thresh65.0__lo_thresh35.0,psych_line,EEM,meanrev,-0.1833,0.8612,-0.1457,606
psych_line__period20__hi_thresh70.0__lo_thresh30.0,psych_line,EEM,meanrev,0.5362,0.474,-0.0606,96
er_regime__er_period10__mom_period20__er_thresh0.4,er_regime,EEM,trend,-0.388,-0.6983,-0.4721,1662
er_regime__er_period10__mom_period20__er_thresh0.3,er_regime,EEM,trend,-0.2908,-0.8542,-0.5113,1672
er_regime__er_period14__mom_period20__er_thresh0.4,er_regime,EEM,trend,-0.2882,-0.6689,-0.4921,1377
er_regime__er_period20__mom_period40__er_thresh0.4,er_regime,EEM,trend,-0.2177,-0.507,-0.3511,1045
er_regime__er_period10__mom_period10__er_thresh0.4,er_regime,EEM,trend,-0.7608,-0.5756,-0.5797,1900
mcginley_dynamic__fast5__slow20,mcginley_dynamic,EEM,trend,0.047,-1.0147,-0.6627,242
mcginley_dynamic__fast10__slow40,mcginley_dynamic,EEM,trend,-0.0197,-0.5387,-0.4881,122
mcginley_dynamic__fast12__slow26,mcginley_dynamic,EEM,trend,0.0011,-0.8236,-0.6367,130
mcginley_dynamic__fast5__slow14,mcginley_dynamic,EEM,trend,0.0159,-1.0174,-0.6365,282
cci_trend__period14__threshold50.0,cci_trend,EEM,trend,-0.0213,-0.6022,-0.458,997
cci_trend__period20__threshold50.0,cci_trend,EEM,trend,0.027,-0.8801,-0.5206,864
cci_trend__period20__threshold100.0,cci_trend,EEM,trend,-0.1071,-0.4244,-0.3287,827
cci_trend__period30__threshold50.0,cci_trend,EEM,trend,-0.0626,-0.7931,-0.4971,696
cci_trend__period14__threshold100.0,cci_trend,EEM,trend,-0.1773,-0.2244,-0.2286,968
volume_roc__period10__signal_period5,volume_roc,EEM,volume,0.0143,-0.4685,-0.2921,932
volume_roc__period14__signal_period10,volume_roc,EEM,volume,-0.3607,0.1418,-0.1981,714
volume_roc__period20__signal_period10,volume_roc,EEM,volume,-0.0184,0.4038,-0.1614,612
volume_roc__period5__signal_period3,volume_roc,EEM,volume,-0.2921,-0.8262,-0.4161,1272
hv_ratio__fast_period10__slow_period100__thresh_hi1.5__thresh_lo0.7,hv_ratio,EEM,volatility,0.099,0.6766,-0.1609,445
hv_ratio__fast_period10__slow_period60__thresh_hi1.5__thresh_lo0.7,hv_ratio,EEM,volatility,-0.0625,0.2091,-0.1375,392
hv_ratio__fast_period21__slow_period100__thresh_hi1.5__thresh_lo0.7,hv_ratio,EEM,volatility,0.3571,0.1876,-0.0915,170
hv_ratio__fast_period10__slow_period100__thresh_hi2.0__thresh_lo0.5,hv_ratio,EEM,volatility,0.0803,-0.2704,-0.1261,129
zscore_trend__z_period20__trend_period50__z_thresh1.5,zscore_trend,EEM,meanrev,0.3501,0.3012,-0.0275,98
zscore_trend__z_period20__trend_period50__z_thresh1.0,zscore_trend,EEM,meanrev,0.0115,-0.1574,-0.1483,220
zscore_trend__z_period20__trend_period100__z_thresh1.5,zscore_trend,EEM,meanrev,0.5921,0.2517,-0.0918,234
zscore_trend__z_period30__trend_period100__z_thresh2.0,zscore_trend,EEM,meanrev,-0.1142,0.383,-0.028,64
cmo_fisher__fisher_period10__cmo_period14__score_thresh0.3,cmo_fisher,EEM,trend,-0.374,-0.5162,-0.3561,805
cmo_fisher__fisher_period10__cmo_period14__score_thresh0.2,cmo_fisher,EEM,trend,-0.2237,-0.6546,-0.3934,982
cmo_fisher__fisher_period14__cmo_period20__score_thresh0.3,cmo_fisher,EEM,trend,-0.1048,-0.8769,-0.3767,694
cmo_fisher__fisher_period8__cmo_period14__score_thresh0.2,cmo_fisher,EEM,trend,-0.4859,-0.8403,-0.4438,1101
rvi_divergence__rvi_period10__lookback5,rvi_divergence,EEM,meanrev,-0.0243,0.868,-0.0051,12
rvi_divergence__rvi_period10__lookback8,rvi_divergence,EEM,meanrev,0.1519,0.0,0.0,6
rvi_divergence__rvi_period14__lookback5,rvi_divergence,EEM,meanrev,-0.0243,0.868,-0.0051,12
adaptive_rsi__base_period14__fast_n2__slow_n30,adaptive_rsi,EEM,meanrev,-0.1486,0.3051,-0.32,252
adaptive_rsi__base_period14__fast_n2__slow_n60,adaptive_rsi,EEM,meanrev,-0.154,0.4114,-0.3149,248
adaptive_rsi__base_period9__fast_n2__slow_n30,adaptive_rsi,EEM,meanrev,0.0429,0.8285,-0.2741,399
adaptive_rsi__base_period21__fast_n2__slow_n30,adaptive_rsi,EEM,meanrev,-0.2275,-0.234,-0.36,169
elder_impulse__ema_period8,elder_impulse,EEM,composite,-0.4808,0.1176,-0.3016,1502
elder_impulse__ema_period13,elder_impulse,EEM,composite,-0.6315,0.232,-0.2671,1427
elder_impulse__ema_period20,elder_impulse,EEM,composite,-0.5498,0.064,-0.2901,1364
klinger_osc__fast34__slow55__signal13,klinger_osc,EEM,volume,-0.0387,-0.2816,-0.5113,778
klinger_osc__fast21__slow34__signal9,klinger_osc,EEM,volume,-0.5244,0.1051,-0.3041,910
klinger_osc__fast55__slow89__signal13,klinger_osc,EEM,volume,-0.128,-0.1951,-0.4579,715
price_oscillator__fast10__slow30__signal9,price_oscillator,EEM,trend,-0.1102,-0.1929,-0.4189,318
price_oscillator__fast12__slow26__signal9,price_oscillator,EEM,trend,-0.0177,-0.3155,-0.4588,302
price_oscillator__fast5__slow20__signal5,price_oscillator,EEM,trend,-0.0736,-0.0648,-0.3877,552
price_oscillator__fast20__slow50__signal9,price_oscillator,EEM,trend,0.0188,-0.0444,-0.4804,228
baz_trend__ewmstd_span42,baz_trend,EEM,trend,0.0341,0.1299,-0.2161,81
baz_trend__ewmstd_span63,baz_trend,EEM,trend,0.0341,0.1299,-0.2161,81
baz_trend__ewmstd_span126,baz_trend,EEM,trend,0.0341,0.1299,-0.2161,81
intermediate_mom__start252__end126,intermediate_mom,EEM,trend,0.1898,-0.0739,-0.4147,157
intermediate_mom__start189__end105,intermediate_mom,EEM,trend,-0.2194,-0.1005,-0.3795,163
intermediate_mom__start168__end84,intermediate_mom,EEM,trend,-0.1071,0.0399,-0.287,165
intermediate_mom__start252__end63,intermediate_mom,EEM,trend,0.0666,-0.0932,-0.4075,128
mom_crash_protect__bear_lookback504__bear_thresh-0.2__damp0.0,mom_crash_protect,EEM,trend,-0.1256,0.2006,-0.2965,186
mom_crash_protect__bear_lookback504__bear_thresh-0.2__damp0.25,mom_crash_protect,EEM,trend,-0.1392,0.2006,-0.2965,190
mom_crash_protect__bear_lookback252__bear_thresh-0.2__damp0.0,mom_crash_protect,EEM,trend,-0.0829,0.1745,-0.3122,158
mom_crash_protect__bear_lookback504__bear_thresh-0.25__damp0.0,mom_crash_protect,EEM,trend,-0.17,0.2006,-0.2965,140
consistent_mom__consistency_thresh0.5,consistent_mom,EEM,trend,-0.1383,-0.1509,-0.3275,583
consistent_mom__consistency_thresh0.58,consistent_mom,EEM,trend,0.1271,-0.1351,-0.2061,586
consistent_mom__consistency_thresh0.67,consistent_mom,EEM,trend,0.0168,-0.4549,-0.2633,258
signed_range_mom__period10__threshold0.1,signed_range_mom,EEM,trend,-0.0618,-0.3833,-0.3814,1029
signed_range_mom__period21__threshold0.1,signed_range_mom,EEM,trend,-0.1261,-0.7137,-0.5113,757
signed_range_mom__period21__threshold0.15,signed_range_mom,EEM,trend,-0.0762,-0.7725,-0.4212,632
signed_range_mom__period42__threshold0.1,signed_range_mom,EEM,trend,-0.7325,-0.5167,-0.4064,501
signed_range_mom__period63__threshold0.1,signed_range_mom,EEM,trend,-0.8234,-0.0978,-0.1672,304
multi_tsmom,multi_tsmom,EEM,trend,-0.0402,-0.2902,-0.301,421
"multi_tsmom__lookbacks(63, 126, 252)",multi_tsmom,EEM,trend,-0.2921,-0.0022,-0.2001,186
"multi_tsmom__lookbacks(21, 63, 252)",multi_tsmom,EEM,trend,0.0766,-0.3794,-0.4234,280
"multi_tsmom__lookbacks(21, 63, 126, 252)__weights(0.4, 0.3, 0.2, 0.1)",multi_tsmom,EEM,trend,0.1893,-0.5275,-0.4521,279
"multi_tsmom__lookbacks(21, 63, 126, 252)__weights(0.1, 0.2, 0.3, 0.4)",multi_tsmom,EEM,trend,-0.2139,0.0754,-0.2007,258
ma_crossover__fast5__slow20__kindsma,ma_crossover,EWZ,trend,-0.2056,0.1354,-0.4896,238
ma_crossover__fast10__slow30__kindsma,ma_crossover,EWZ,trend,-0.0694,0.608,-0.337,150
ma_crossover__fast20__slow50__kindsma,ma_crossover,EWZ,trend,-0.0295,0.7679,-0.4668,75
ma_crossover__fast50__slow100__kindsma,ma_crossover,EWZ,trend,-0.6603,-0.0101,-0.4245,50
ma_crossover__fast50__slow200__kindsma,ma_crossover,EWZ,trend,-0.5316,-0.1778,-0.5025,25
ma_crossover__fast100__slow200__kindsma,ma_crossover,EWZ,trend,-0.5666,-0.4255,-0.6791,20
ma_crossover__fast10__slow50__kindsma,ma_crossover,EWZ,trend,-0.0842,0.645,-0.3691,95
ma_crossover__fast20__slow100__kindsma,ma_crossover,EWZ,trend,-0.3103,0.0234,-0.4661,50
ma_crossover__fast5__slow20__kindema,ma_crossover,EWZ,trend,-0.1332,0.119,-0.4223,234
ma_crossover__fast12__slow26__kindema,ma_crossover,EWZ,trend,-0.0395,0.4818,-0.3541,126
ma_crossover__fast10__slow50__kindema,ma_crossover,EWZ,trend,-0.0464,0.2882,-0.3619,106
ma_crossover__fast20__slow100__kindema,ma_crossover,EWZ,trend,-0.2816,0.1097,-0.3939,64
ts_momentum__period21,ts_momentum,EWZ,trend,-0.1062,0.3046,-0.3797,366
ts_momentum__period42,ts_momentum,EWZ,trend,0.0555,0.2443,-0.4739,254
ts_momentum__period63,ts_momentum,EWZ,trend,-0.2149,0.2341,-0.338,203
ts_momentum__period126,ts_momentum,EWZ,trend,-0.4569,0.2813,-0.4607,150
ts_momentum__period252,ts_momentum,EWZ,trend,-0.2353,-0.586,-0.7971,115
roc_momentum__period5,roc_momentum,EWZ,trend,0.0405,-0.3675,-0.5515,769
roc_momentum__period10,roc_momentum,EWZ,trend,-0.0911,0.4116,-0.4045,517
roc_momentum__period20,roc_momentum,EWZ,trend,0.1611,0.6576,-0.4303,374
roc_momentum__period30,roc_momentum,EWZ,trend,-0.1056,0.8559,-0.238,301
roc_momentum__period60,roc_momentum,EWZ,trend,-0.2763,0.0699,-0.4593,219
macd_signal__fast12__slow26__signal9,macd_signal,EWZ,trend,0.2167,-0.2309,-0.5542,296
macd_signal__fast8__slow17__signal9,macd_signal,EWZ,trend,0.3269,-0.6804,-0.7676,388
macd_signal__fast5__slow35__signal5,macd_signal,EWZ,trend,0.3272,-0.5331,-0.7411,533
macd_signal__fast3__slow10__signal16,macd_signal,EWZ,trend,0.4422,-0.6547,-0.7578,547
donchian_breakout__period10,donchian_breakout,EWZ,trend,-0.0953,-0.1976,-0.3706,978
donchian_breakout__period20,donchian_breakout,EWZ,trend,-0.0917,-0.009,-0.2447,700
donchian_breakout__period30,donchian_breakout,EWZ,trend,-0.0929,0.3491,-0.1932,572
donchian_breakout__period40,donchian_breakout,EWZ,trend,-0.1123,0.6865,-0.1471,488
donchian_breakout__period55,donchian_breakout,EWZ,trend,-0.3295,0.7532,-0.109,424
bb_breakout__period20__std1.5,bb_breakout,EWZ,trend,0.0619,-0.692,-0.4991,794
bb_breakout__period20__std2.0,bb_breakout,EWZ,trend,-0.1186,-0.4225,-0.375,438
bb_breakout__period20__std2.5,bb_breakout,EWZ,trend,0.2801,0.1992,-0.0587,124
bb_breakout__period30__std2.0,bb_breakout,EWZ,trend,-0.0686,-0.4662,-0.3078,408
bb_breakout__period50__std2.0,bb_breakout,EWZ,trend,0.245,-0.1396,-0.2737,288
supertrend__period7__mult2.0,supertrend,EWZ,trend,-0.246,0.1522,-0.413,217
supertrend__period7__mult3.0,supertrend,EWZ,trend,-0.1928,0.9392,-0.2406,121
supertrend__period10__mult3.0,supertrend,EWZ,trend,-0.3212,0.7771,-0.3262,123
supertrend__period14__mult2.0,supertrend,EWZ,trend,-0.3083,0.1663,-0.3992,223
supertrend__period14__mult3.0,supertrend,EWZ,trend,-0.3146,0.7809,-0.3014,121
parabolic_sar__step0.01__max_af0.1,parabolic_sar,EWZ,trend,-0.0733,-0.1001,-0.5815,217
parabolic_sar__step0.02__max_af0.2,parabolic_sar,EWZ,trend,-0.2109,-0.5872,-0.6854,347
parabolic_sar__step0.03__max_af0.2,parabolic_sar,EWZ,trend,0.3144,-0.5624,-0.6778,421
parabolic_sar__step0.05__max_af0.2,parabolic_sar,EWZ,trend,0.0729,-0.8216,-0.7688,541
adx_trend__period14__threshold20,adx_trend,EWZ,trend,-0.1019,0.3182,-0.3153,259
adx_trend__period14__threshold25,adx_trend,EWZ,trend,-0.3752,-0.121,-0.4439,179
adx_trend__period14__threshold30,adx_trend,EWZ,trend,-0.0566,0.3488,-0.2506,98
adx_trend__period21__threshold20,adx_trend,EWZ,trend,-0.3764,-0.2086,-0.4969,146
adx_trend__period21__threshold25,adx_trend,EWZ,trend,-0.2616,-0.3726,-0.4885,75
ichimoku__tenkan9__kijun26__senkou_b52,ichimoku,EWZ,trend,0.0965,0.6035,-0.3391,495
ichimoku__tenkan7__kijun22__senkou_b44,ichimoku,EWZ,trend,-0.1562,0.0987,-0.4379,563
linreg_slope__period10,linreg_slope,EWZ,trend,-0.3258,-0.3791,-0.6055,384
linreg_slope__period20,linreg_slope,EWZ,trend,-0.0864,0.2826,-0.4294,202
linreg_slope__period30,linreg_slope,EWZ,trend,-0.0263,0.4461,-0.3889,122
linreg_slope__period50,linreg_slope,EWZ,trend,-0.0574,0.382,-0.4352,74
aroon__period14,aroon,EWZ,trend,-0.2244,0.5038,-0.4143,253
aroon__period25,aroon,EWZ,trend,-0.1684,0.6613,-0.394,150
aroon__period50,aroon,EWZ,trend,-0.039,0.29,-0.4494,70
vortex__period10,vortex,EWZ,trend,-0.0236,0.2165,-0.4935,478
vortex__period14,vortex,EWZ,trend,0.0468,0.1659,-0.4744,426
vortex__period21,vortex,EWZ,trend,0.1103,0.388,-0.3471,316
trix__period9,trix,EWZ,trend,-0.1971,0.3532,-0.3893,155
trix__period12,trix,EWZ,trend,0.0046,0.8019,-0.2759,115
trix__period18,trix,EWZ,trend,-0.0658,0.5137,-0.3976,73
hull_ma__period14,hull_ma,EWZ,trend,0.1544,-0.3678,-0.5864,543
hull_ma__period20,hull_ma,EWZ,trend,0.1792,-0.2022,-0.5512,392
hull_ma__period30,hull_ma,EWZ,trend,0.0533,0.0483,-0.5854,295
hull_ma__period50,hull_ma,EWZ,trend,-0.0322,0.5131,-0.4331,195
kama__period5,kama,EWZ,trend,0.2723,-0.4278,-0.6807,2018
kama__period10,kama,EWZ,trend,0.0376,0.0,0.0,151
kama__period20,kama,EWZ,trend,0.6971,0.0,0.0,42
turtle__entry20__exit_p10,turtle,EWZ,trend,-0.0917,-0.009,-0.2447,700
turtle__entry55__exit_p20,turtle,EWZ,trend,-0.3295,0.7532,-0.109,424
turtle__entry10__exit_p5,turtle,EWZ,trend,-0.0953,-0.1976,-0.3706,978
dual_momentum__period63,dual_momentum,EWZ,trend,0.07,-0.4874,-0.405,200
dual_momentum__period126,dual_momentum,EWZ,trend,-0.1255,-0.4663,-0.3859,150
dual_momentum__period252,dual_momentum,EWZ,trend,-0.0607,-1.1962,-0.6258,116
elder_ray__period13,elder_ray,EWZ,trend,0.0171,-0.0427,-0.5504,624
elder_ray__period21,elder_ray,EWZ,trend,0.0224,0.2725,-0.4566,502
elder_ray__period34,elder_ray,EWZ,trend,0.0048,0.1466,-0.4881,398
rsi_reversion__period7__lo30__hi70,rsi_reversion,EWZ,meanrev,-0.1513,0.4718,-0.2541,630
rsi_reversion__period7__lo25__hi75,rsi_reversion,EWZ,meanrev,-0.287,0.3045,-0.1906,390
rsi_reversion__period14__lo30__hi70,rsi_reversion,EWZ,meanrev,0.1136,0.3697,-0.1314,224
rsi_reversion__period14__lo25__hi75,rsi_reversion,EWZ,meanrev,0.5522,0.3059,-0.0959,84
rsi_reversion__period14__lo35__hi65,rsi_reversion,EWZ,meanrev,-0.1338,0.5985,-0.2151,431
rsi_reversion__period21__lo30__hi70,rsi_reversion,EWZ,meanrev,0.4519,0.0873,-0.0959,80
rsi_reversion__period21__lo25__hi75,rsi_reversion,EWZ,meanrev,0.3836,-0.1131,-0.0501,20
rsi_reversion__period28__lo30__hi70,rsi_reversion,EWZ,meanrev,0.4982,0.214,-0.0578,32
rsi_reversion__period30__lo30__hi70,rsi_reversion,EWZ,meanrev,0.5473,0.0972,-0.0313,30
rsi_reversion__period30__lo25__hi75,rsi_reversion,EWZ,meanrev,0.1957,0.0,0.0,6
bb_reversion__period20__std1.5,bb_reversion,EWZ,meanrev,-0.1184,0.6183,-0.2442,794
bb_reversion__period20__std2.0,bb_reversion,EWZ,meanrev,0.0673,0.3602,-0.2432,438
bb_reversion__period20__std2.5,bb_reversion,EWZ,meanrev,-0.308,-0.2372,-0.0964,124
bb_reversion__period30__std2.0,bb_reversion,EWZ,meanrev,0.0257,0.4189,-0.1408,408
bb_reversion__period30__std2.5,bb_reversion,EWZ,meanrev,-0.0271,-0.3437,-0.0906,142
bb_reversion__period50__std2.0,bb_reversion,EWZ,meanrev,-0.2725,0.1035,-0.2068,288
zscore_reversion__period10__threshold1.0,zscore_reversion,EWZ,meanrev,0.0684,0.7593,-0.2727,1347
zscore_reversion__period20__threshold1.5,zscore_reversion,EWZ,meanrev,-0.1184,0.6183,-0.2442,794
zscore_reversion__period20__threshold2.0,zscore_reversion,EWZ,meanrev,0.0673,0.3602,-0.2432,438
zscore_reversion__period30__threshold1.5,zscore_reversion,EWZ,meanrev,-0.2997,0.4889,-0.31,644
zscore_reversion__period30__threshold2.0,zscore_reversion,EWZ,meanrev,0.0257,0.4189,-0.1408,408
zscore_reversion__period60__threshold2.0,zscore_reversion,EWZ,meanrev,-0.0783,0.3505,-0.1859,282
stochastic__k5__d3__lo20__hi80,stochastic,EWZ,meanrev,0.1431,1.2127,-0.1449,872
stochastic__k14__d3__lo20__hi80,stochastic,EWZ,meanrev,0.0576,0.4115,-0.332,625
stochastic__k14__d3__lo30__hi70,stochastic,EWZ,meanrev,0.1945,0.1379,-0.3877,665
stochastic__k14__d5__lo20__hi80,stochastic,EWZ,meanrev,0.0104,0.4634,-0.2715,443
stochastic__k21__d3__lo20__hi80,stochastic,EWZ,meanrev,0.055,0.2035,-0.2942,527
cci_reversion__period14__threshold100,cci_reversion,EWZ,meanrev,0.1375,0.2792,-0.2569,1014
cci_reversion__period14__threshold150,cci_reversion,EWZ,meanrev,0.0614,0.3046,-0.2262,565
cci_reversion__period20__threshold100,cci_reversion,EWZ,meanrev,-0.127,0.4158,-0.3345,804
cci_reversion__period20__threshold150,cci_reversion,EWZ,meanrev,-0.1305,0.0273,-0.2776,498
cci_reversion__period30__threshold100,cci_reversion,EWZ,meanrev,-0.0622,-0.1159,-0.3746,619
williams_r__period14__lo-80__hi-20,williams_r,EWZ,meanrev,0.0851,0.9891,-0.2462,1141
williams_r__period14__lo-90__hi-10,williams_r,EWZ,meanrev,0.0741,0.42,-0.2508,1076
williams_r__period21__lo-80__hi-20,williams_r,EWZ,meanrev,0.1351,0.73,-0.2933,928
williams_r__period28__lo-80__hi-20,williams_r,EWZ,meanrev,0.2139,0.5432,-0.2916,813
keltner_reversion__period20__mult1.5,keltner_reversion,EWZ,meanrev,-0.2295,0.2949,-0.2945,661
keltner_reversion__period20__mult2.0,keltner_reversion,EWZ,meanrev,-0.2573,0.3459,-0.2732,440
keltner_reversion__period20__mult2.5,keltner_reversion,EWZ,meanrev,0.0974,0.5331,-0.1619,308
keltner_reversion__period30__mult2.0,keltner_reversion,EWZ,meanrev,-0.3259,0.2779,-0.2947,523
vwap_reversion__period20__z_thresh1.0,vwap_reversion,EWZ,meanrev,0.1805,-0.0197,-0.4537,814
vwap_reversion__period20__z_thresh1.5,vwap_reversion,EWZ,meanrev,-0.0283,0.3366,-0.3839,681
vwap_reversion__period20__z_thresh2.0,vwap_reversion,EWZ,meanrev,-0.149,0.4722,-0.2935,481
percent_b__period20__std2.0__lo0.05__hi0.95,percent_b,EWZ,meanrev,-0.0279,0.2413,-0.3006,568
percent_b__period20__std2.0__lo0.1__hi0.9,percent_b,EWZ,meanrev,-0.0326,0.5261,-0.2919,710
percent_b__period20__std2.0__lo0.2__hi0.8,percent_b,EWZ,meanrev,-0.1094,0.6304,-0.3879,889
percent_b__period30__std2.0__lo0.2__hi0.8,percent_b,EWZ,meanrev,0.1346,0.137,-0.3699,721
connors_rsi__rsi_period3__streak_period2__rank_period100,connors_rsi,EWZ,meanrev,-0.0903,0.6387,-0.1991,1141
connors_rsi__rsi_period2__streak_period3__rank_period100,connors_rsi,EWZ,meanrev,-0.1013,0.4844,-0.278,1171
ultimate_osc__p17__p214__p328,ultimate_osc,EWZ,meanrev,0.1127,0.2658,-0.0572,120
ultimate_osc__p14__p28__p316,ultimate_osc,EWZ,meanrev,0.4661,0.2891,-0.2393,432
gap_fade__threshold0.01,gap_fade,EWZ,meanrev,-0.1028,-0.4819,-0.4716,1921
gap_fade__threshold0.015,gap_fade,EWZ,meanrev,0.0234,-0.5869,-0.4249,1202
gap_fade__threshold0.02,gap_fade,EWZ,meanrev,0.1653,-0.7414,-0.3855,741
obv_trend__period10,obv_trend,EWZ,volume,0.1241,-0.9118,-0.8054,783
obv_trend__period20,obv_trend,EWZ,volume,0.0975,0.1446,-0.5319,503
obv_trend__period50,obv_trend,EWZ,volume,-0.2834,0.2361,-0.5304,370
chaikin_mf__period10,chaikin_mf,EWZ,volume,-0.1041,-0.6455,-0.7954,580
chaikin_mf__period20,chaikin_mf,EWZ,volume,0.0914,-0.0912,-0.4909,368
chaikin_mf__period21,chaikin_mf,EWZ,volume,0.1854,0.0145,-0.4274,370
mfi__period10,mfi,EWZ,volume,-0.1138,0.6879,-0.112,270
mfi__period14,mfi,EWZ,volume,0.083,0.1525,-0.0579,124
mfi__period21,mfi,EWZ,volume,0.0832,-0.0093,-0.0959,52
volume_surge__period10__mult1.5,volume_surge,EWZ,volume,-0.2295,-0.6045,-0.2712,406
volume_surge__period20__mult2.0,volume_surge,EWZ,volume,-0.4013,-0.8877,-0.2004,81
volume_surge__period20__mult3.0,volume_surge,EWZ,volume,-0.1385,-0.4721,-0.0439,4
force_index__period2,force_index,EWZ,volume,-0.1436,-0.9759,-0.7777,1409
force_index__period13,force_index,EWZ,volume,0.124,0.0269,-0.5704,525
force_index__period20,force_index,EWZ,volume,-0.0254,0.6349,-0.4369,423
chaikin_osc__fast3__slow10,chaikin_osc,EWZ,volume,0.0967,-0.7363,-0.829,440
chaikin_osc__fast3__slow12,chaikin_osc,EWZ,volume,0.2267,-0.929,-0.8611,404
chaikin_osc__fast5__slow12,chaikin_osc,EWZ,volume,0.1673,-0.4717,-0.7259,314
atr_breakout__period10__mult1.5,atr_breakout,EWZ,volatility,0.0355,-0.3586,-0.3274,636
atr_breakout__period14__mult1.5,atr_breakout,EWZ,volatility,0.2046,-0.765,-0.5152,684
atr_breakout__period14__mult2.0,atr_breakout,EWZ,volatility,0.2259,-0.227,-0.2687,456
atr_breakout__period20__mult2.0,atr_breakout,EWZ,volatility,0.1645,-0.3956,-0.4151,498
atr_breakout__period20__mult2.5,atr_breakout,EWZ,volatility,0.197,-0.3534,-0.2992,370
vol_breakout__period10__mult0.5,vol_breakout,EWZ,volatility,-0.1352,-0.5417,-0.6355,2530
vol_breakout__period20__mult1.0,vol_breakout,EWZ,volatility,-0.1526,-0.997,-0.6886,2200
vol_breakout__period20__mult1.5,vol_breakout,EWZ,volatility,-0.2064,-0.4211,-0.4399,1424
vol_breakout__period30__mult1.0,vol_breakout,EWZ,volatility,-0.1713,-1.0019,-0.7015,2177
squeeze_breakout__bb_period20__kc_period20__bb_std2.0__kc_mult1.5,squeeze_breakout,EWZ,volatility,-0.1672,0.4075,-0.3573,204
squeeze_breakout__bb_period20__kc_period20__bb_std2.0__kc_mult1.0,squeeze_breakout,EWZ,volatility,-0.2041,0.4977,-0.3419,128
squeeze_breakout__bb_period30__kc_period30__bb_std2.0__kc_mult1.5,squeeze_breakout,EWZ,volatility,-0.1233,0.4248,-0.3812,90
engulfing,engulfing,EWZ,pattern,-0.2116,-0.5668,-0.2031,424
three_bar_reversal,three_bar_reversal,EWZ,pattern,0.0394,0.6476,-0.1262,902
higher_highs_lows__period5,higher_highs_lows,EWZ,pattern,-0.0406,-0.2979,-0.4754,789
higher_highs_lows__period10,higher_highs_lows,EWZ,pattern,-0.1007,0.8206,-0.3457,443
higher_highs_lows__period20,higher_highs_lows,EWZ,pattern,-0.0904,0.7204,-0.3163,239
pivot_bounce__period5,pivot_bounce,EWZ,pattern,0.0715,0.5071,-0.2011,1258
pivot_bounce__period10,pivot_bounce,EWZ,pattern,-0.133,0.5491,-0.2104,1128
pivot_bounce__period20,pivot_bounce,EWZ,pattern,-0.454,0.2574,-0.309,958
macd_rsi_combo__fast12__slow26__signal9__rsi_period14__rsi_lo40__rsi_hi60,macd_rsi_combo,EWZ,composite,0.3464,-0.2273,-0.4213,543
macd_rsi_combo__fast12__slow26__signal9__rsi_period14__rsi_lo45__rsi_hi55,macd_rsi_combo,EWZ,composite,0.0448,-0.0304,-0.4202,662
macd_rsi_combo__fast8__slow21__signal5__rsi_period14__rsi_lo40__rsi_hi60,macd_rsi_combo,EWZ,composite,0.2903,-0.255,-0.4068,576
macd_rsi_combo__fast5__slow35__signal5__rsi_period14__rsi_lo40__rsi_hi60,macd_rsi_combo,EWZ,composite,0.2882,-0.3355,-0.4296,610
triple_screen__trend_period20__osc_period14__osc_lo40__osc_hi60,triple_screen,EWZ,composite,-0.1404,0.0,0.0,2
triple_screen__trend_period30__osc_period14__osc_lo40__osc_hi60,triple_screen,EWZ,composite,-0.1404,0.0,0.0,2
triple_screen__trend_period50__osc_period14__osc_lo35__osc_hi65,triple_screen,EWZ,composite,0.0,0.0,0.0,0
triple_screen__trend_period20__osc_period7__osc_lo30__osc_hi70,triple_screen,EWZ,composite,0.0,0.0,0.0,0
chandelier_exit__period14__mult2.0,chandelier_exit,EWZ,composite,0.0657,-0.2384,-0.6015,572
chandelier_exit__period22__mult3.0,chandelier_exit,EWZ,composite,-0.006,-1.0203,-0.837,424
chandelier_exit__period22__mult2.0,chandelier_exit,EWZ,composite,-0.0622,-0.1662,-0.5622,627
chandelier_exit__period10__mult2.0,chandelier_exit,EWZ,composite,0.0423,-1.0313,-0.8069,572
high52_momentum__period252__threshold0.7,high52_momentum,EWZ,trend,-0.396,-0.0163,-0.4204,237
high52_momentum__period252__threshold0.75,high52_momentum,EWZ,trend,-0.4621,0.0213,-0.445,231
high52_momentum__period252__threshold0.8,high52_momentum,EWZ,trend,-0.312,-0.2215,-0.5456,247
high52_momentum__period126__threshold0.7,high52_momentum,EWZ,trend,-0.2996,-0.2071,-0.4842,360
high52_momentum__period126__threshold0.75,high52_momentum,EWZ,trend,-0.2428,-0.1613,-0.5411,308
short_reversal__period5,short_reversal,EWZ,meanrev,-0.0993,0.293,-0.4213,769
short_reversal__period10,short_reversal,EWZ,meanrev,0.0497,-0.4571,-0.6185,517
short_reversal__period15,short_reversal,EWZ,meanrev,0.0554,-0.4237,-0.6643,436
short_reversal__period20,short_reversal,EWZ,meanrev,-0.1905,-0.6918,-0.6908,374
low_vol_regime__period20__ma_period60,low_vol_regime,EWZ,volatility,0.5445,-0.2627,-0.3117,126
low_vol_regime__period20__ma_period120,low_vol_regime,EWZ,volatility,0.3437,-0.1608,-0.2555,158
low_vol_regime__period60__ma_period120,low_vol_regime,EWZ,volatility,-0.0531,-0.8688,-0.2814,30
low_vol_regime__period20__ma_period252,low_vol_regime,EWZ,volatility,0.4014,-0.2929,-0.2638,109
low_vol_regime__period60__ma_period252,low_vol_regime,EWZ,volatility,-0.2504,-0.9465,-0.4396,42
low_vol_regime__period120__ma_period252,low_vol_regime,EWZ,volatility,-0.2879,-0.0812,-0.2279,20
nr_breakout__nr_period4__exit_bars3,nr_breakout,EWZ,pattern,-0.5126,0.9543,-0.3353,993
nr_breakout__nr_period4__exit_bars5,nr_breakout,EWZ,pattern,-0.2347,0.8023,-0.3462,744
nr_breakout__nr_period7__exit_bars3,nr_breakout,EWZ,pattern,-0.7393,0.9578,-0.1769,716
nr_breakout__nr_period7__exit_bars5,nr_breakout,EWZ,pattern,-0.2156,0.6076,-0.2183,616
nr_breakout__nr_period10__exit_bars5,nr_breakout,EWZ,pattern,-0.194,0.4919,-0.2198,494
nr_breakout__nr_period10__exit_bars10,nr_breakout,EWZ,pattern,-0.2632,0.8708,-0.2286,417
overnight_gap__period1__threshold0.001,overnight_gap,EWZ,volume,0.0708,0.3137,-0.5273,2189
overnight_gap__period1__threshold0.003,overnight_gap,EWZ,volume,0.0455,0.3024,-0.3985,2468
overnight_gap__period3__threshold0.001,overnight_gap,EWZ,volume,0.2396,-0.2256,-0.5349,1427
overnight_gap__period3__threshold0.003,overnight_gap,EWZ,volume,0.2266,-0.0752,-0.4681,1620
overnight_gap__period5__threshold0.001,overnight_gap,EWZ,volume,0.1811,-0.0348,-0.4689,1221
overnight_gap__period5__threshold0.003,overnight_gap,EWZ,volume,0.0274,-0.2711,-0.4159,1208
coppock_curve__roc1252__roc2189__wma_period63,coppock_curve,EWZ,trend,-0.5745,-0.0202,-0.6459,15
coppock_curve__roc1189__roc2126__wma_period42,coppock_curve,EWZ,trend,-0.3732,-0.0946,-0.5655,21
coppock_curve__roc1126__roc2100__wma_period21,coppock_curve,EWZ,trend,-0.1917,0.1064,-0.4851,30
bll_filter__pct0.005__hold0,bll_filter,EWZ,trend,-0.0262,-0.6215,-0.7332,1508
bll_filter__pct0.01__hold0,bll_filter,EWZ,trend,-0.0944,-0.668,-0.7511,1169
bll_filter__pct0.02__hold0,bll_filter,EWZ,trend,-0.1114,-1.0662,-0.8083,743
bll_filter__pct0.005__hold10,bll_filter,EWZ,trend,-0.0447,-0.6068,-0.7215,1522
bll_filter__pct0.01__hold10,bll_filter,EWZ,trend,-0.1737,-0.6297,-0.7536,1221
bll_filter__pct0.01__hold20,bll_filter,EWZ,trend,-0.0922,-0.7002,-0.7511,1175
bll_filter__pct0.02__hold10,bll_filter,EWZ,trend,-0.1937,-0.991,-0.7836,870
frog_in_pan__lookback252__skip21__id_cutoff0.5,frog_in_pan,EWZ,trend,-0.5107,-0.2297,-0.5099,198
frog_in_pan__lookback252__skip21__id_cutoff0.45,frog_in_pan,EWZ,trend,-0.2722,-0.9278,-0.3539,62
frog_in_pan__lookback252__skip0__id_cutoff0.5,frog_in_pan,EWZ,trend,-0.4413,-0.4911,-0.657,198
frog_in_pan__lookback126__skip21__id_cutoff0.5,frog_in_pan,EWZ,trend,-0.2667,-0.583,-0.6445,255
frog_in_pan__lookback126__skip21__id_cutoff0.45,frog_in_pan,EWZ,trend,-0.2831,-0.381,-0.3893,156
vol_mom__mom_period126__vol_period126__skip21__vol_weight0.5,vol_mom,EWZ,composite,-0.1001,-0.5717,-0.5894,176
vol_mom__mom_period126__vol_period126__skip0__vol_weight0.5,vol_mom,EWZ,composite,-0.0735,-0.108,-0.4821,175
vol_mom__mom_period252__vol_period126__skip21__vol_weight0.5,vol_mom,EWZ,composite,-0.0907,-0.418,-0.5779,152
vol_mom__mom_period63__vol_period63__skip0__vol_weight0.3,vol_mom,EWZ,composite,-0.2198,0.2341,-0.338,199
vol_mom__mom_period126__vol_period126__skip21__vol_weight0.3,vol_mom,EWZ,composite,-0.3859,-0.3928,-0.6351,140
seasonality__n_years2,seasonality,EWZ,pattern,-0.4766,0.3402,-0.389,92
seasonality__n_years3,seasonality,EWZ,pattern,-0.2148,-0.0401,-0.4849,86
seasonality__n_years5,seasonality,EWZ,pattern,-0.325,-0.0527,-0.5476,90
residual_mom__lookback252__skip21,residual_mom,EWZ,trend,-0.6093,0.0807,-0.5521,121
residual_mom__lookback252__skip0,residual_mom,EWZ,trend,-0.3487,-0.6612,-0.8336,121
residual_mom__lookback126__skip21,residual_mom,EWZ,trend,-0.1921,-0.5731,-0.7041,122
vol_scaled_mom__rv_window21__vol_target0.12__damp0.5,vol_scaled_mom,EWZ,trend,-0.3987,-0.232,-0.3466,3485
vol_scaled_mom__rv_window21__vol_target0.08__damp0.5,vol_scaled_mom,EWZ,trend,-0.3957,-0.2323,-0.2433,3499
vol_scaled_mom__rv_window63__vol_target0.12__damp0.5,vol_scaled_mom,EWZ,trend,-0.4385,-0.1988,-0.3537,3499
vol_scaled_mom__rv_window21__vol_target0.12__damp0.0,vol_scaled_mom,EWZ,trend,-0.3519,-0.2492,-0.3523,3286
vol_scaled_mom__rv_window21__vol_target0.15__damp0.5,vol_scaled_mom,EWZ,trend,-0.4036,-0.219,-0.4184,3397
dema_crossover__fast5__slow20,dema_crossover,EWZ,trend,0.3182,-0.389,-0.6997,410
dema_crossover__fast10__slow40,dema_crossover,EWZ,trend,0.3196,0.8172,-0.3794,186
dema_crossover__fast12__slow26,dema_crossover,EWZ,trend,0.1145,0.7294,-0.3473,230
dema_crossover__fast20__slow50,dema_crossover,EWZ,trend,0.4004,0.8729,-0.3144,108
dema_crossover__fast10__slow30,dema_crossover,EWZ,trend,0.1337,0.8127,-0.3473,238
tema_crossover__fast5__slow20,tema_crossover,EWZ,trend,0.3928,-1.0242,-0.7973,555
tema_crossover__fast10__slow40,tema_crossover,EWZ,trend,0.2441,-0.256,-0.6614,278
tema_crossover__fast12__slow26,tema_crossover,EWZ,trend,0.2347,-0.5356,-0.664,293
tema_crossover__fast20__slow50,tema_crossover,EWZ,trend,0.4551,0.9354,-0.3831,152
tema_crossover__fast10__slow30,tema_crossover,EWZ,trend,0.3632,-0.7129,-0.7255,311
price_acceleration__period10__smooth3,price_acceleration,EWZ,trend,0.2069,-0.7144,-0.7361,1023
price_acceleration__period20__smooth5,price_acceleration,EWZ,trend,0.4861,-0.7426,-0.719,771
price_acceleration__period20__smooth3,price_acceleration,EWZ,trend,0.3752,-1.1062,-0.8403,1013
price_acceleration__period30__smooth5,price_acceleration,EWZ,trend,0.2247,-0.354,-0.6583,725
price_acceleration__period40__smooth10,price_acceleration,EWZ,trend,0.1076,0.0194,-0.5156,533
price_acceleration__period10__smooth5,price_acceleration,EWZ,trend,0.0826,-0.7701,-0.7354,776
turn_of_month__days_before3__days_after3,turn_of_month,EWZ,pattern,0.3696,-0.0179,-0.2328,360
turn_of_month__days_before4__days_after4,turn_of_month,EWZ,pattern,0.5387,-0.2927,-0.3901,360
turn_of_month__days_before5__days_after5,turn_of_month,EWZ,pattern,0.549,-0.304,-0.3974,360
turn_of_month__days_before3__days_after5,turn_of_month,EWZ,pattern,0.4419,-0.3572,-0.356,360
trend_intensity__period20,trend_intensity,EWZ,trend,0.1321,-0.0591,-0.1911,352
trend_intensity__period30,trend_intensity,EWZ,trend,-0.031,-0.2673,-0.2628,252
trend_intensity__period50,trend_intensity,EWZ,trend,-0.193,-0.6288,-0.3331,192
trend_intensity__period63,trend_intensity,EWZ,trend,-0.3688,0.1469,-0.2159,195
ma_regime_momentum__regime_ma200__mom_period126__skip21,ma_regime_momentum,EWZ,trend,-0.4812,-0.2134,-0.5809,290
ma_regime_momentum__regime_ma200__mom_period252__skip21,ma_regime_momentum,EWZ,trend,-0.5156,-0.086,-0.5576,257
ma_regime_momentum__regime_ma200__mom_period63__skip0,ma_regime_momentum,EWZ,trend,-0.3526,0.1339,-0.3886,331
ma_regime_momentum__regime_ma100__mom_period126__skip21,ma_regime_momentum,EWZ,trend,-0.4565,-0.0914,-0.4078,311
ma_regime_momentum__regime_ma50__mom_period63__skip0,ma_regime_momentum,EWZ,trend,-0.1992,0.2037,-0.3418,457
fisher_transform__period5,fisher_transform,EWZ,trend,0.1485,-1.0604,-0.8218,957
fisher_transform__period10,fisher_transform,EWZ,trend,0.1204,-0.3779,-0.6682,632
fisher_transform__period20,fisher_transform,EWZ,trend,-0.0653,0.2593,-0.4955,436
fisher_transform__period30,fisher_transform,EWZ,trend,0.0124,0.4134,-0.38,336
relative_vigor__period10,relative_vigor,EWZ,trend,-0.1137,-0.8139,-0.76,1115
relative_vigor__period14,relative_vigor,EWZ,trend,-0.1137,-0.8139,-0.76,1115
relative_vigor__period20,relative_vigor,EWZ,trend,-0.1137,-0.8139,-0.76,1115
chande_momentum__period14__threshold0.0,chande_momentum,EWZ,trend,-0.2793,0.1791,-0.4912,481
chande_momentum__period20__threshold0.0,chande_momentum,EWZ,trend,0.1622,0.6576,-0.4303,375
chande_momentum__period20__threshold10.0,chande_momentum,EWZ,trend,0.0029,0.2202,-0.3856,690
chande_momentum__period30__threshold0.0,chande_momentum,EWZ,trend,-0.1001,0.8559,-0.238,302
chande_momentum__period9__threshold0.0,chande_momentum,EWZ,trend,-0.0327,0.0452,-0.4986,578
demarker__period14__hi_thresh0.7__lo_thresh0.3,demarker,EWZ,meanrev,-0.3303,-0.2751,-0.3599,459
demarker__period14__hi_thresh0.8__lo_thresh0.2,demarker,EWZ,meanrev,-0.2136,0.1377,-0.2156,230
demarker__period21__hi_thresh0.7__lo_thresh0.3,demarker,EWZ,meanrev,-0.0716,-0.0581,-0.3344,310
demarker__period9__hi_thresh0.7__lo_thresh0.3,demarker,EWZ,meanrev,0.0899,0.6037,-0.2429,780
stoch_rsi__rsi_period14__stoch_period14__lo20.0__hi80.0,stoch_rsi,EWZ,meanrev,0.054,0.7611,-0.3186,726
stoch_rsi__rsi_period14__stoch_period14__lo10.0__hi90.0,stoch_rsi,EWZ,meanrev,0.3591,0.6808,-0.2325,668
stoch_rsi__rsi_period7__stoch_period14__lo20.0__hi80.0,stoch_rsi,EWZ,meanrev,-0.0615,1.1853,-0.2049,802
stoch_rsi__rsi_period21__stoch_period21__lo20.0__hi80.0,stoch_rsi,EWZ,meanrev,-0.0582,0.2773,-0.297,576
hurst_regime__period100__trend_thresh0.55__mr_thresh0.45,hurst_regime,EWZ,trend,0.5108,0.4678,-0.2403,360
hurst_regime__period60__trend_thresh0.55__mr_thresh0.45,hurst_regime,EWZ,trend,0.0399,-0.9477,-0.5777,499
hurst_regime__period100__trend_thresh0.58__mr_thresh0.42,hurst_regime,EWZ,trend,0.0395,0.3266,-0.1314,130
psych_line__period12__hi_thresh75.0__lo_thresh25.0,psych_line,EWZ,meanrev,-0.1062,0.342,-0.0749,94
psych_line__period12__hi_thresh65.0__lo_thresh35.0,psych_line,EWZ,meanrev,0.1709,0.2504,-0.3273,664
psych_line__period20__hi_thresh70.0__lo_thresh30.0,psych_line,EWZ,meanrev,-0.0464,0.7113,-0.0306,106
er_regime__er_period10__mom_period20__er_thresh0.4,er_regime,EWZ,trend,0.0779,-0.8737,-0.7413,1593
er_regime__er_period10__mom_period20__er_thresh0.3,er_regime,EWZ,trend,0.2473,-0.5396,-0.6689,1588
er_regime__er_period14__mom_period20__er_thresh0.4,er_regime,EWZ,trend,-0.0845,-0.4358,-0.6166,1371
er_regime__er_period20__mom_period40__er_thresh0.4,er_regime,EWZ,trend,-0.0384,-1.0915,-0.751,1025
er_regime__er_period10__mom_period10__er_thresh0.4,er_regime,EWZ,trend,-0.0367,-0.899,-0.6962,1794
mcginley_dynamic__fast5__slow20,mcginley_dynamic,EWZ,trend,-0.1087,-0.1034,-0.5111,212
mcginley_dynamic__fast10__slow40,mcginley_dynamic,EWZ,trend,-0.1123,0.5527,-0.2903,98
mcginley_dynamic__fast12__slow26,mcginley_dynamic,EWZ,trend,-0.0177,0.2897,-0.3429,120
mcginley_dynamic__fast5__slow14,mcginley_dynamic,EWZ,trend,-0.2055,0.1756,-0.4573,256
cci_trend__period14__threshold50.0,cci_trend,EWZ,trend,0.0272,-0.0234,-0.4706,932
cci_trend__period20__threshold50.0,cci_trend,EWZ,trend,-0.1134,0.0885,-0.444,796
cci_trend__period20__threshold100.0,cci_trend,EWZ,trend,0.0808,-0.4749,-0.5494,804
cci_trend__period30__threshold50.0,cci_trend,EWZ,trend,0.1579,0.3349,-0.3377,614
cci_trend__period14__threshold100.0,cci_trend,EWZ,trend,-0.201,-0.3515,-0.4981,1014
volume_roc__period10__signal_period5,volume_roc,EWZ,volume,0.0509,0.3873,-0.1982,933
volume_roc__period14__signal_period10,volume_roc,EWZ,volume,-0.3191,0.0917,-0.2326,723
volume_roc__period20__signal_period10,volume_roc,EWZ,volume,0.0729,0.1768,-0.3799,633
volume_roc__period5__signal_period3,volume_roc,EWZ,volume,0.453,-0.4006,-0.4189,1257
hv_ratio__fast_period10__slow_period100__thresh_hi1.5__thresh_lo0.7,hv_ratio,EWZ,volatility,-0.0388,-0.0059,-0.2374,381
hv_ratio__fast_period10__slow_period60__thresh_hi1.5__thresh_lo0.7,hv_ratio,EWZ,volatility,-0.0799,-0.372,-0.3014,349
hv_ratio__fast_period21__slow_period100__thresh_hi1.5__thresh_lo0.7,hv_ratio,EWZ,volatility,0.0304,-0.3803,-0.1754,132
hv_ratio__fast_period10__slow_period100__thresh_hi2.0__thresh_lo0.5,hv_ratio,EWZ,volatility,0.3,0.4885,-0.0361,113
zscore_trend__z_period20__trend_period50__z_thresh1.5,zscore_trend,EWZ,meanrev,-0.0685,0.0874,-0.0834,92
zscore_trend__z_period20__trend_period50__z_thresh1.0,zscore_trend,EWZ,meanrev,0.4028,-0.7819,-0.2604,230
zscore_trend__z_period20__trend_period100__z_thresh1.5,zscore_trend,EWZ,meanrev,-0.2202,0.9474,-0.1124,226
zscore_trend__z_period30__trend_period100__z_thresh2.0,zscore_trend,EWZ,meanrev,-0.2662,0.6126,-0.0502,80
cmo_fisher__fisher_period10__cmo_period14__score_thresh0.3,cmo_fisher,EWZ,trend,0.0981,-0.5796,-0.4652,840
cmo_fisher__fisher_period10__cmo_period14__score_thresh0.2,cmo_fisher,EWZ,trend,-0.2255,-0.7313,-0.5812,988
cmo_fisher__fisher_period14__cmo_period20__score_thresh0.3,cmo_fisher,EWZ,trend,0.0612,-1.0527,-0.5853,668
cmo_fisher__fisher_period8__cmo_period14__score_thresh0.2,cmo_fisher,EWZ,trend,-0.4886,-0.9003,-0.5873,1120
rvi_divergence__rvi_period10__lookback5,rvi_divergence,EWZ,meanrev,0.0436,-0.1721,-0.0257,16
rvi_divergence__rvi_period10__lookback8,rvi_divergence,EWZ,meanrev,0.0,0.0,0.0,0
rvi_divergence__rvi_period14__lookback5,rvi_divergence,EWZ,meanrev,0.0436,-0.1721,-0.0257,16
adaptive_rsi__base_period14__fast_n2__slow_n30,adaptive_rsi,EWZ,meanrev,0.1163,-0.4915,-0.6116,275
adaptive_rsi__base_period14__fast_n2__slow_n60,adaptive_rsi,EWZ,meanrev,0.1386,-0.496,-0.6286,259
adaptive_rsi__base_period9__fast_n2__slow_n30,adaptive_rsi,EWZ,meanrev,0.0042,-0.5227,-0.5919,371
adaptive_rsi__base_period21__fast_n2__slow_n30,adaptive_rsi,EWZ,meanrev,0.0322,-0.6345,-0.6433,171
elder_impulse__ema_period8,elder_impulse,EWZ,composite,0.0015,-0.7702,-0.647,1518
elder_impulse__ema_period13,elder_impulse,EWZ,composite,-0.0567,-0.6082,-0.5934,1470
elder_impulse__ema_period20,elder_impulse,EWZ,composite,-0.0351,-0.4175,-0.5309,1404
klinger_osc__fast34__slow55__signal13,klinger_osc,EWZ,volume,0.0478,-0.984,-0.8392,758
klinger_osc__fast21__slow34__signal9,klinger_osc,EWZ,volume,-0.0766,-1.5694,-0.9206,956
klinger_osc__fast55__slow89__signal13,klinger_osc,EWZ,volume,0.0952,-0.9373,-0.8325,670
price_oscillator__fast10__slow30__signal9,price_oscillator,EWZ,trend,0.3132,-0.1891,-0.601,302
price_oscillator__fast12__slow26__signal9,price_oscillator,EWZ,trend,0.3261,-0.1869,-0.5627,290
price_oscillator__fast5__slow20__signal5,price_oscillator,EWZ,trend,0.29,-0.6166,-0.747,557
price_oscillator__fast20__slow50__signal9,price_oscillator,EWZ,trend,0.1827,0.8853,-0.338,210
baz_trend__ewmstd_span42,baz_trend,EWZ,trend,-0.2276,0.3516,-0.3926,89
baz_trend__ewmstd_span63,baz_trend,EWZ,trend,-0.2276,0.3516,-0.3926,89
baz_trend__ewmstd_span126,baz_trend,EWZ,trend,-0.2276,0.3516,-0.3926,89
intermediate_mom__start252__end126,intermediate_mom,EWZ,trend,-0.2165,0.0467,-0.4967,150
intermediate_mom__start189__end105,intermediate_mom,EWZ,trend,-0.0582,0.1909,-0.53,172
intermediate_mom__start168__end84,intermediate_mom,EWZ,trend,0.0668,0.0011,-0.561,176
intermediate_mom__start252__end63,intermediate_mom,EWZ,trend,-0.8648,0.4315,-0.4863,101
mom_crash_protect__bear_lookback504__bear_thresh-0.2__damp0.0,mom_crash_protect,EWZ,trend,-0.202,-0.2493,-0.721,215
mom_crash_protect__bear_lookback504__bear_thresh-0.2__damp0.25,mom_crash_protect,EWZ,trend,-0.2717,-0.2255,-0.7054,219
mom_crash_protect__bear_lookback252__bear_thresh-0.2__damp0.0,mom_crash_protect,EWZ,trend,-0.2931,-0.2326,-0.6819,217
mom_crash_protect__bear_lookback504__bear_thresh-0.25__damp0.0,mom_crash_protect,EWZ,trend,-0.2166,-0.3078,-0.721,188
consistent_mom__consistency_thresh0.5,consistent_mom,EWZ,trend,-0.1874,-0.1342,-0.439,767
consistent_mom__consistency_thresh0.58,consistent_mom,EWZ,trend,-0.2105,0.0445,-0.2444,756
consistent_mom__consistency_thresh0.67,consistent_mom,EWZ,trend,-0.2737,-0.0286,-0.024,106
signed_range_mom__period10__threshold0.1,signed_range_mom,EWZ,trend,0.0232,-0.4234,-0.586,1048
signed_range_mom__period21__threshold0.1,signed_range_mom,EWZ,trend,0.2077,-0.3593,-0.5194,705
signed_range_mom__period21__threshold0.15,signed_range_mom,EWZ,trend,-0.1508,-0.3332,-0.4213,656
signed_range_mom__period42__threshold0.1,signed_range_mom,EWZ,trend,-0.4116,-0.2287,-0.4065,533
signed_range_mom__period63__threshold0.1,signed_range_mom,EWZ,trend,-0.3219,0.0418,-0.2787,354
multi_tsmom,multi_tsmom,EWZ,trend,-0.2309,-0.0208,-0.4312,399
"multi_tsmom__lookbacks(63, 126, 252)",multi_tsmom,EWZ,trend,-0.0306,-0.1988,-0.6141,163
"multi_tsmom__lookbacks(21, 63, 252)",multi_tsmom,EWZ,trend,-0.281,-0.0251,-0.4938,283
"multi_tsmom__lookbacks(21, 63, 126, 252)__weights(0.4, 0.3, 0.2, 0.1)",multi_tsmom,EWZ,trend,-0.3935,0.1623,-0.4343,271
"multi_tsmom__lookbacks(21, 63, 126, 252)__weights(0.1, 0.2, 0.3, 0.4)",multi_tsmom,EWZ,trend,-0.0508,-0.1966,-0.6323,233
ma_crossover__fast5__slow20__kindsma,ma_crossover,BTC-USD,trend,0.565,0.2255,-0.651,208
ma_crossover__fast10__slow30__kindsma,ma_crossover,BTC-USD,trend,0.675,0.3588,-0.6544,134
ma_crossover__fast20__slow50__kindsma,ma_crossover,BTC-USD,trend,0.5975,0.2303,-0.7243,77
ma_crossover__fast50__slow100__kindsma,ma_crossover,BTC-USD,trend,0.7032,0.0287,-0.7613,37
ma_crossover__fast50__slow200__kindsma,ma_crossover,BTC-USD,trend,0.5473,0.6786,-0.62,17
ma_crossover__fast100__slow200__kindsma,ma_crossover,BTC-USD,trend,0.5966,0.6562,-0.49,15
ma_crossover__fast10__slow50__kindsma,ma_crossover,BTC-USD,trend,0.8149,0.3608,-0.6289,86
ma_crossover__fast20__slow100__kindsma,ma_crossover,BTC-USD,trend,0.7449,0.1889,-0.7882,39
ma_crossover__fast5__slow20__kindema,ma_crossover,BTC-USD,trend,0.7785,0.2151,-0.6062,195
ma_crossover__fast12__slow26__kindema,ma_crossover,BTC-USD,trend,0.8875,0.4015,-0.6595,99
ma_crossover__fast10__slow50__kindema,ma_crossover,BTC-USD,trend,0.8313,0.0884,-0.7377,78
ma_crossover__fast20__slow100__kindema,ma_crossover,BTC-USD,trend,0.8448,0.5289,-0.6298,30
ts_momentum__period21,ts_momentum,BTC-USD,trend,0.7278,0.3515,-0.6296,318
ts_momentum__period42,ts_momentum,BTC-USD,trend,0.8986,0.284,-0.6914,189
ts_momentum__period63,ts_momentum,BTC-USD,trend,0.9425,-0.3688,-0.8966,155
ts_momentum__period126,ts_momentum,BTC-USD,trend,0.8021,0.7322,-0.4814,101
ts_momentum__period252,ts_momentum,BTC-USD,trend,1.065,0.717,-0.678,39
roc_momentum__period5,roc_momentum,BTC-USD,trend,0.4311,0.0393,-0.6499,784
roc_momentum__period10,roc_momentum,BTC-USD,trend,0.6036,0.6106,-0.5308,510
roc_momentum__period20,roc_momentum,BTC-USD,trend,0.7483,0.6075,-0.4854,340
roc_momentum__period30,roc_momentum,BTC-USD,trend,0.9604,0.6441,-0.616,272
roc_momentum__period60,roc_momentum,BTC-USD,trend,1.0098,-0.1001,-0.83,165
macd_signal__fast12__slow26__signal9,macd_signal,BTC-USD,trend,0.6875,0.8722,-0.3899,241
macd_signal__fast8__slow17__signal9,macd_signal,BTC-USD,trend,0.7344,0.2775,-0.5733,345
macd_signal__fast5__slow35__signal5,macd_signal,BTC-USD,trend,0.7238,0.2456,-0.3951,465
macd_signal__fast3__slow10__signal16,macd_signal,BTC-USD,trend,0.9015,0.2009,-0.6099,499
donchian_breakout__period10,donchian_breakout,BTC-USD,trend,0.3317,0.4397,-0.3407,848
donchian_breakout__period20,donchian_breakout,BTC-USD,trend,0.3909,0.4862,-0.2801,598
donchian_breakout__period30,donchian_breakout,BTC-USD,trend,0.1872,0.4619,-0.2737,478
donchian_breakout__period40,donchian_breakout,BTC-USD,trend,0.2285,0.2895,-0.3067,410
donchian_breakout__period55,donchian_breakout,BTC-USD,trend,0.3142,0.0788,-0.3371,348
bb_breakout__period20__std1.5,bb_breakout,BTC-USD,trend,0.7045,0.5959,-0.2647,652
bb_breakout__period20__std2.0,bb_breakout,BTC-USD,trend,0.2353,0.5077,-0.2086,414
bb_breakout__period20__std2.5,bb_breakout,BTC-USD,trend,0.3239,0.4916,-0.1465,190
bb_breakout__period30__std2.0,bb_breakout,BTC-USD,trend,0.3782,0.5621,-0.2823,380
bb_breakout__period50__std2.0,bb_breakout,BTC-USD,trend,0.956,0.7832,-0.3424,246
supertrend__period7__mult2.0,supertrend,BTC-USD,trend,0.6905,0.6228,-0.576,169
supertrend__period7__mult3.0,supertrend,BTC-USD,trend,0.6023,0.3694,-0.6155,101
supertrend__period10__mult3.0,supertrend,BTC-USD,trend,0.3458,0.1484,-0.7317,107
supertrend__period14__mult2.0,supertrend,BTC-USD,trend,0.6688,0.2377,-0.6699,181
supertrend__period14__mult3.0,supertrend,BTC-USD,trend,0.3512,0.2686,-0.7304,107
parabolic_sar__step0.01__max_af0.1,parabolic_sar,BTC-USD,trend,0.6271,0.7781,-0.4638,167
parabolic_sar__step0.02__max_af0.2,parabolic_sar,BTC-USD,trend,0.2413,0.0124,-0.6942,277
parabolic_sar__step0.03__max_af0.2,parabolic_sar,BTC-USD,trend,0.6195,0.239,-0.5657,353
parabolic_sar__step0.05__max_af0.2,parabolic_sar,BTC-USD,trend,0.5503,0.0032,-0.6564,451
adx_trend__period14__threshold20,adx_trend,BTC-USD,trend,0.5422,0.312,-0.5658,256
adx_trend__period14__threshold25,adx_trend,BTC-USD,trend,0.4258,0.0121,-0.5871,223
adx_trend__period14__threshold30,adx_trend,BTC-USD,trend,0.276,-0.1604,-0.5887,187
adx_trend__period21__threshold20,adx_trend,BTC-USD,trend,0.5181,0.0882,-0.5432,165
adx_trend__period21__threshold25,adx_trend,BTC-USD,trend,0.2001,-0.3871,-0.6638,140
ichimoku__tenkan9__kijun26__senkou_b52,ichimoku,BTC-USD,trend,0.5165,0.2721,-0.6683,434
ichimoku__tenkan7__kijun22__senkou_b44,ichimoku,BTC-USD,trend,0.4517,0.5001,-0.5755,489
linreg_slope__period10,linreg_slope,BTC-USD,trend,0.5431,0.114,-0.6402,382
linreg_slope__period20,linreg_slope,BTC-USD,trend,0.6772,0.2519,-0.7461,182
linreg_slope__period30,linreg_slope,BTC-USD,trend,0.7834,0.3524,-0.6042,114
linreg_slope__period50,linreg_slope,BTC-USD,trend,0.5617,-0.1128,-0.8353,77
aroon__period14,aroon,BTC-USD,trend,0.3941,0.6003,-0.4987,274
aroon__period25,aroon,BTC-USD,trend,0.4637,0.6547,-0.5207,155
aroon__period50,aroon,BTC-USD,trend,0.6444,-0.2377,-0.8585,81
vortex__period10,vortex,BTC-USD,trend,0.491,0.4518,-0.5909,406
vortex__period14,vortex,BTC-USD,trend,0.9376,0.57,-0.5102,304
vortex__period21,vortex,BTC-USD,trend,0.6909,0.4134,-0.6221,270
trix__period9,trix,BTC-USD,trend,0.8024,0.2858,-0.6532,136
trix__period12,trix,BTC-USD,trend,0.929,0.2767,-0.6461,94
trix__period18,trix,BTC-USD,trend,0.7657,0.1726,-0.6988,65
hull_ma__period14,hull_ma,BTC-USD,trend,0.8341,-0.1792,-0.7503,528
hull_ma__period20,hull_ma,BTC-USD,trend,0.6756,-0.0647,-0.7156,383
hull_ma__period30,hull_ma,BTC-USD,trend,0.7154,0.4614,-0.6368,285
hull_ma__period50,hull_ma,BTC-USD,trend,0.8134,0.3914,-0.7315,165
kama__period5,kama,BTC-USD,trend,0.2316,0.028,-0.5928,2076
kama__period10,kama,BTC-USD,trend,-0.1352,0.0,0.0,163
kama__period20,kama,BTC-USD,trend,-0.2461,0.0,0.0,46
turtle__entry20__exit_p10,turtle,BTC-USD,trend,0.3909,0.4862,-0.2801,598
turtle__entry55__exit_p20,turtle,BTC-USD,trend,0.3142,0.0788,-0.3371,348
turtle__entry10__exit_p5,turtle,BTC-USD,trend,0.3317,0.4397,-0.3407,848
dual_momentum__period63,dual_momentum,BTC-USD,trend,1.2326,0.0709,-0.6736,155
dual_momentum__period126,dual_momentum,BTC-USD,trend,1.136,0.9317,-0.3581,101
dual_momentum__period252,dual_momentum,BTC-USD,trend,1.2081,0.7768,-0.4427,39
elder_ray__period13,elder_ray,BTC-USD,trend,0.6235,0.6906,-0.3999,531
elder_ray__period21,elder_ray,BTC-USD,trend,0.8027,0.4731,-0.5192,381
elder_ray__period34,elder_ray,BTC-USD,trend,0.6553,0.3997,-0.5929,291
rsi_reversion__period7__lo30__hi70,rsi_reversion,BTC-USD,meanrev,-1.0007,-0.7769,-0.7564,584
rsi_reversion__period7__lo25__hi75,rsi_reversion,BTC-USD,meanrev,-1.1795,-0.8986,-0.7769,422
rsi_reversion__period14__lo30__hi70,rsi_reversion,BTC-USD,meanrev,-0.7508,-0.3029,-0.4402,294
rsi_reversion__period14__lo25__hi75,rsi_reversion,BTC-USD,meanrev,-0.8903,-0.4194,-0.3879,154
rsi_reversion__period14__lo35__hi65,rsi_reversion,BTC-USD,meanrev,-0.8688,-0.4968,-0.673,358
rsi_reversion__period21__lo30__hi70,rsi_reversion,BTC-USD,meanrev,-0.8985,-0.7028,-0.47,150
rsi_reversion__period21__lo25__hi75,rsi_reversion,BTC-USD,meanrev,-0.627,-0.2614,-0.3355,104
rsi_reversion__period28__lo30__hi70,rsi_reversion,BTC-USD,meanrev,-0.6916,-0.3567,-0.3355,132
rsi_reversion__period30__lo30__hi70,rsi_reversion,BTC-USD,meanrev,-0.5799,-0.1658,-0.3355,120
rsi_reversion__period30__lo25__hi75,rsi_reversion,BTC-USD,meanrev,-0.451,-0.1668,-0.2375,62
bb_reversion__period20__std1.5,bb_reversion,BTC-USD,meanrev,-0.8273,-0.7366,-0.7355,652
bb_reversion__period20__std2.0,bb_reversion,BTC-USD,meanrev,-0.356,-0.6155,-0.5487,414
bb_reversion__period20__std2.5,bb_reversion,BTC-USD,meanrev,-0.4138,-0.5644,-0.4071,190
bb_reversion__period30__std2.0,bb_reversion,BTC-USD,meanrev,-0.4786,-0.6689,-0.5805,380
bb_reversion__period30__std2.5,bb_reversion,BTC-USD,meanrev,-0.1937,-0.8158,-0.543,190
bb_reversion__period50__std2.0,bb_reversion,BTC-USD,meanrev,-1.0152,-0.8468,-0.6244,246
zscore_reversion__period10__threshold1.0,zscore_reversion,BTC-USD,meanrev,-1.1096,-0.5423,-0.748,1148
zscore_reversion__period20__threshold1.5,zscore_reversion,BTC-USD,meanrev,-0.8273,-0.7366,-0.7355,652
zscore_reversion__period20__threshold2.0,zscore_reversion,BTC-USD,meanrev,-0.356,-0.6155,-0.5487,414
zscore_reversion__period30__threshold1.5,zscore_reversion,BTC-USD,meanrev,-1.0624,-0.9129,-0.7793,446
zscore_reversion__period30__threshold2.0,zscore_reversion,BTC-USD,meanrev,-0.4786,-0.6689,-0.5805,380
zscore_reversion__period60__threshold2.0,zscore_reversion,BTC-USD,meanrev,-0.9332,-0.5875,-0.5434,238
stochastic__k5__d3__lo20__hi80,stochastic,BTC-USD,meanrev,-1.0837,-0.4242,-0.6152,775
stochastic__k14__d3__lo20__hi80,stochastic,BTC-USD,meanrev,-0.9491,-0.5752,-0.7065,551
stochastic__k14__d3__lo30__hi70,stochastic,BTC-USD,meanrev,-0.8941,-0.1126,-0.6552,553
stochastic__k14__d5__lo20__hi80,stochastic,BTC-USD,meanrev,-0.9101,-0.8867,-0.7952,395
stochastic__k21__d3__lo20__hi80,stochastic,BTC-USD,meanrev,-0.9471,-0.4069,-0.723,483
cci_reversion__period14__threshold100,cci_reversion,BTC-USD,meanrev,-0.9443,-0.2632,-0.6275,792
cci_reversion__period14__threshold150,cci_reversion,BTC-USD,meanrev,-0.3924,-0.858,-0.6746,544
cci_reversion__period20__threshold100,cci_reversion,BTC-USD,meanrev,-0.9117,-0.7118,-0.8204,603
cci_reversion__period20__threshold150,cci_reversion,BTC-USD,meanrev,-0.3858,-0.7297,-0.6902,434
cci_reversion__period30__threshold100,cci_reversion,BTC-USD,meanrev,-0.9383,-0.803,-0.7715,455
williams_r__period14__lo-80__hi-20,williams_r,BTC-USD,meanrev,-1.0445,-0.3226,-0.6068,924
williams_r__period14__lo-90__hi-10,williams_r,BTC-USD,meanrev,-0.9695,-0.5268,-0.5619,869
williams_r__period21__lo-80__hi-20,williams_r,BTC-USD,meanrev,-0.8432,-0.4096,-0.7295,781
williams_r__period28__lo-80__hi-20,williams_r,BTC-USD,meanrev,-0.9312,-0.2728,-0.6316,670
keltner_reversion__period20__mult1.5,keltner_reversion,BTC-USD,meanrev,-0.9517,-0.8111,-0.7991,516
keltner_reversion__period20__mult2.0,keltner_reversion,BTC-USD,meanrev,-1.0597,-0.7781,-0.7078,352
keltner_reversion__period20__mult2.5,keltner_reversion,BTC-USD,meanrev,-0.8456,-0.6536,-0.5587,284
keltner_reversion__period30__mult2.0,keltner_reversion,BTC-USD,meanrev,-0.6833,-0.8041,-0.7561,416
vwap_reversion__period20__z_thresh1.0,vwap_reversion,BTC-USD,meanrev,-0.911,-0.8619,-0.857,680
vwap_reversion__period20__z_thresh1.5,vwap_reversion,BTC-USD,meanrev,-0.6648,-0.6102,-0.7041,599
vwap_reversion__period20__z_thresh2.0,vwap_reversion,BTC-USD,meanrev,-0.7974,-0.7747,-0.7154,457
percent_b__period20__std2.0__lo0.05__hi0.95,percent_b,BTC-USD,meanrev,-0.5755,-0.3985,-0.4966,544
percent_b__period20__std2.0__lo0.1__hi0.9,percent_b,BTC-USD,meanrev,-0.6991,-0.4815,-0.608,632
percent_b__period20__std2.0__lo0.2__hi0.8,percent_b,BTC-USD,meanrev,-0.8597,-0.7608,-0.7981,718
percent_b__period30__std2.0__lo0.2__hi0.8,percent_b,BTC-USD,meanrev,-0.8427,-0.7962,-0.7966,583
connors_rsi__rsi_period3__streak_period2__rank_period100,connors_rsi,BTC-USD,meanrev,-0.3576,-0.67,-0.6426,1080
connors_rsi__rsi_period2__streak_period3__rank_period100,connors_rsi,BTC-USD,meanrev,-0.2999,-0.6292,-0.6302,1135
ultimate_osc__p17__p214__p328,ultimate_osc,BTC-USD,meanrev,-0.645,-0.0785,-0.1966,200
ultimate_osc__p14__p28__p316,ultimate_osc,BTC-USD,meanrev,-0.7869,-0.2966,-0.5048,540
gap_fade__threshold0.01,gap_fade,BTC-USD,meanrev,-0.1976,-0.4791,-0.0338,26
gap_fade__threshold0.015,gap_fade,BTC-USD,meanrev,0.0041,0.0,0.0,10
gap_fade__threshold0.02,gap_fade,BTC-USD,meanrev,-0.1393,0.0,0.0,8
obv_trend__period10,obv_trend,BTC-USD,volume,0.1987,0.3596,-0.556,838
obv_trend__period20,obv_trend,BTC-USD,volume,0.4686,0.4273,-0.5063,568
obv_trend__period50,obv_trend,BTC-USD,volume,0.5366,0.3583,-0.4713,335
chaikin_mf__period10,chaikin_mf,BTC-USD,volume,0.5469,0.2896,-0.62,516
chaikin_mf__period20,chaikin_mf,BTC-USD,volume,0.5854,0.1434,-0.6812,330
chaikin_mf__period21,chaikin_mf,BTC-USD,volume,0.665,0.2741,-0.7011,306
mfi__period10,mfi,BTC-USD,volume,-0.5483,-0.246,-0.5055,320
mfi__period14,mfi,BTC-USD,volume,-0.5155,-0.1079,-0.2985,160
mfi__period21,mfi,BTC-USD,volume,-0.4355,0.2495,-0.0835,76
volume_surge__period10__mult1.5,volume_surge,BTC-USD,volume,0.1102,-0.4705,-0.3322,387
volume_surge__period20__mult2.0,volume_surge,BTC-USD,volume,0.1961,-0.1738,-0.257,154
volume_surge__period20__mult3.0,volume_surge,BTC-USD,volume,0.1223,-0.4431,-0.0355,14
force_index__period2,force_index,BTC-USD,volume,0.6268,0.1618,-0.7035,1328
force_index__period13,force_index,BTC-USD,volume,0.8779,0.7276,-0.4056,426
force_index__period20,force_index,BTC-USD,volume,0.7677,0.4636,-0.5376,358
chaikin_osc__fast3__slow10,chaikin_osc,BTC-USD,volume,0.615,0.3862,-0.652,397
chaikin_osc__fast3__slow12,chaikin_osc,BTC-USD,volume,0.7809,0.6269,-0.5136,317
chaikin_osc__fast5__slow12,chaikin_osc,BTC-USD,volume,0.6899,0.5079,-0.5161,245
atr_breakout__period10__mult1.5,atr_breakout,BTC-USD,volatility,0.8258,0.8145,-0.2896,509
atr_breakout__period14__mult1.5,atr_breakout,BTC-USD,volatility,0.8752,0.8811,-0.298,513
atr_breakout__period14__mult2.0,atr_breakout,BTC-USD,volatility,0.5302,0.6336,-0.3895,412
atr_breakout__period20__mult2.0,atr_breakout,BTC-USD,volatility,0.8441,0.6356,-0.3772,418
atr_breakout__period20__mult2.5,atr_breakout,BTC-USD,volatility,0.9994,0.5921,-0.3455,290
vol_breakout__period10__mult0.5,vol_breakout,BTC-USD,volatility,0.1054,-0.215,-0.6641,2516
vol_breakout__period20__mult1.0,vol_breakout,BTC-USD,volatility,0.0619,-0.0789,-0.6025,1925
vol_breakout__period20__mult1.5,vol_breakout,BTC-USD,volatility,0.0387,0.2636,-0.4539,1298
vol_breakout__period30__mult1.0,vol_breakout,BTC-USD,volatility,-0.0766,-0.0601,-0.5883,1910
squeeze_breakout__bb_period20__kc_period20__bb_std2.0__kc_mult1.5,squeeze_breakout,BTC-USD,volatility,0.6053,0.5613,-0.5491,205
squeeze_breakout__bb_period20__kc_period20__bb_std2.0__kc_mult1.0,squeeze_breakout,BTC-USD,volatility,0.5356,0.323,-0.6314,126
squeeze_breakout__bb_period30__kc_period30__bb_std2.0__kc_mult1.5,squeeze_breakout,BTC-USD,volatility,0.5051,0.2784,-0.6981,101
engulfing,engulfing,BTC-USD,pattern,0.2026,-0.3509,-0.5448,877
three_bar_reversal,three_bar_reversal,BTC-USD,pattern,-0.2881,-0.5516,-0.6169,890
higher_highs_lows__period5,higher_highs_lows,BTC-USD,pattern,0.4461,-0.2986,-0.7615,812
higher_highs_lows__period10,higher_highs_lows,BTC-USD,pattern,0.6182,0.8547,-0.5163,443
higher_highs_lows__period20,higher_highs_lows,BTC-USD,pattern,0.7139,0.3062,-0.6025,219
pivot_bounce__period5,pivot_bounce,BTC-USD,pattern,-0.5056,0.1334,-0.2759,1009
pivot_bounce__period10,pivot_bounce,BTC-USD,pattern,-1.0625,-0.3717,-0.4409,927
pivot_bounce__period20,pivot_bounce,BTC-USD,pattern,-1.1951,-1.137,-0.7351,764
macd_rsi_combo__fast12__slow26__signal9__rsi_period14__rsi_lo40__rsi_hi60,macd_rsi_combo,BTC-USD,composite,0.889,0.6618,-0.4094,458
macd_rsi_combo__fast12__slow26__signal9__rsi_period14__rsi_lo45__rsi_hi55,macd_rsi_combo,BTC-USD,composite,0.9016,0.716,-0.4214,530
macd_rsi_combo__fast8__slow21__signal5__rsi_period14__rsi_lo40__rsi_hi60,macd_rsi_combo,BTC-USD,composite,1.0536,0.5054,-0.3908,486
macd_rsi_combo__fast5__slow35__signal5__rsi_period14__rsi_lo40__rsi_hi60,macd_rsi_combo,BTC-USD,composite,1.1045,0.36,-0.4739,512
triple_screen__trend_period20__osc_period14__osc_lo40__osc_hi60,triple_screen,BTC-USD,composite,-0.0803,0.0,0.0,2
triple_screen__trend_period30__osc_period14__osc_lo40__osc_hi60,triple_screen,BTC-USD,composite,-0.1282,0.0,0.0,4
triple_screen__trend_period50__osc_period14__osc_lo35__osc_hi65,triple_screen,BTC-USD,composite,0.0,0.0,0.0,0
triple_screen__trend_period20__osc_period7__osc_lo30__osc_hi70,triple_screen,BTC-USD,composite,0.0,0.0,0.0,0
chandelier_exit__period14__mult2.0,chandelier_exit,BTC-USD,composite,0.8083,0.5934,-0.5457,550
chandelier_exit__period22__mult3.0,chandelier_exit,BTC-USD,composite,0.5402,0.5681,-0.51,347
chandelier_exit__period22__mult2.0,chandelier_exit,BTC-USD,composite,0.5826,0.7448,-0.3694,583
chandelier_exit__period10__mult2.0,chandelier_exit,BTC-USD,composite,0.835,0.4881,-0.4049,496
high52_momentum__period252__threshold0.7,high52_momentum,BTC-USD,trend,0.66,0.9485,-0.4479,141
high52_momentum__period252__threshold0.75,high52_momentum,BTC-USD,trend,0.6469,0.7055,-0.5706,170
high52_momentum__period252__threshold0.8,high52_momentum,BTC-USD,trend,0.6265,0.7995,-0.5056,174
high52_momentum__period126__threshold0.7,high52_momentum,BTC-USD,trend,0.5222,0.595,-0.501,231
high52_momentum__period126__threshold0.75,high52_momentum,BTC-USD,trend,0.6009,0.4786,-0.5478,252
short_reversal__period5,short_reversal,BTC-USD,meanrev,-0.6122,-0.2782,-0.7402,784
short_reversal__period10,short_reversal,BTC-USD,meanrev,-0.7253,-0.7654,-0.8864,510
short_reversal__period15,short_reversal,BTC-USD,meanrev,-0.7611,-0.6608,-0.8904,402
short_reversal__period20,short_reversal,BTC-USD,meanrev,-0.8244,-0.7242,-0.8867,340
low_vol_regime__period20__ma_period60,low_vol_regime,BTC-USD,volatility,-0.1087,-0.304,-0.5843,218
low_vol_regime__period20__ma_period120,low_vol_regime,BTC-USD,volatility,-0.2096,-0.1093,-0.5817,198
low_vol_regime__period60__ma_period120,low_vol_regime,BTC-USD,volatility,0.0196,0.2158,-0.6448,64
low_vol_regime__period20__ma_period252,low_vol_regime,BTC-USD,volatility,0.0803,-0.0024,-0.5308,152
low_vol_regime__period60__ma_period252,low_vol_regime,BTC-USD,volatility,-0.216,0.55,-0.5668,74
low_vol_regime__period120__ma_period252,low_vol_regime,BTC-USD,volatility,0.1316,0.7138,-0.3717,44
nr_breakout__nr_period4__exit_bars3,nr_breakout,BTC-USD,pattern,0.5394,-0.057,-0.5107,997
nr_breakout__nr_period4__exit_bars5,nr_breakout,BTC-USD,pattern,0.5434,0.7172,-0.3883,785
nr_breakout__nr_period7__exit_bars3,nr_breakout,BTC-USD,pattern,0.2021,-0.0874,-0.3582,672
nr_breakout__nr_period7__exit_bars5,nr_breakout,BTC-USD,pattern,0.3328,0.5537,-0.3874,575
nr_breakout__nr_period10__exit_bars5,nr_breakout,BTC-USD,pattern,0.2769,0.8142,-0.2802,470
nr_breakout__nr_period10__exit_bars10,nr_breakout,BTC-USD,pattern,0.6813,0.9612,-0.369,377
overnight_gap__period1__threshold0.001,overnight_gap,BTC-USD,volume,0.322,0.536,-0.2699,903
overnight_gap__period1__threshold0.003,overnight_gap,BTC-USD,volume,0.1585,0.2947,-0.1114,267
overnight_gap__period3__threshold0.001,overnight_gap,BTC-USD,volume,0.0899,0.6441,-0.18,325
overnight_gap__period3__threshold0.003,overnight_gap,BTC-USD,volume,-0.0221,0.4419,-0.023,64
overnight_gap__period5__threshold0.001,overnight_gap,BTC-USD,volume,-0.2087,0.3708,-0.2563,199
overnight_gap__period5__threshold0.003,overnight_gap,BTC-USD,volume,-0.3058,-0.4816,-0.0248,38
coppock_curve__roc1252__roc2189__wma_period63,coppock_curve,BTC-USD,trend,0.9853,0.803,-0.6161,7
coppock_curve__roc1189__roc2126__wma_period42,coppock_curve,BTC-USD,trend,0.7011,0.7606,-0.5222,15
coppock_curve__roc1126__roc2100__wma_period21,coppock_curve,BTC-USD,trend,0.5834,0.8749,-0.4105,25
bll_filter__pct0.005__hold0,bll_filter,BTC-USD,trend,0.4434,-0.1035,-0.7441,1559
bll_filter__pct0.01__hold0,bll_filter,BTC-USD,trend,0.591,-0.1784,-0.8049,1251
bll_filter__pct0.02__hold0,bll_filter,BTC-USD,trend,0.56,0.1954,-0.6125,863
bll_filter__pct0.005__hold10,bll_filter,BTC-USD,trend,0.4481,-0.1134,-0.7492,1572
bll_filter__pct0.01__hold10,bll_filter,BTC-USD,trend,0.6496,-0.218,-0.8144,1290
bll_filter__pct0.01__hold20,bll_filter,BTC-USD,trend,0.5923,-0.1784,-0.8049,1252
bll_filter__pct0.02__hold10,bll_filter,BTC-USD,trend,0.5589,0.2961,-0.5633,963
frog_in_pan__lookback252__skip21__id_cutoff0.5,frog_in_pan,BTC-USD,trend,0.5484,0.4743,-0.6308,71
frog_in_pan__lookback252__skip21__id_cutoff0.45,frog_in_pan,BTC-USD,trend,0.3109,0.3151,-0.3439,52
frog_in_pan__lookback252__skip0__id_cutoff0.5,frog_in_pan,BTC-USD,trend,0.8314,0.5107,-0.6476,71
frog_in_pan__lookback126__skip21__id_cutoff0.5,frog_in_pan,BTC-USD,trend,0.584,0.6195,-0.4093,223
frog_in_pan__lookback126__skip21__id_cutoff0.45,frog_in_pan,BTC-USD,trend,0.4728,0.5075,-0.352,91
vol_mom__mom_period126__vol_period126__skip21__vol_weight0.5,vol_mom,BTC-USD,composite,-0.1023,0.7751,-0.4292,102
vol_mom__mom_period126__vol_period126__skip0__vol_weight0.5,vol_mom,BTC-USD,composite,0.4061,0.9412,-0.2598,100
vol_mom__mom_period252__vol_period126__skip21__vol_weight0.5,vol_mom,BTC-USD,composite,0.2118,0.688,-0.5459,62
vol_mom__mom_period63__vol_period63__skip0__vol_weight0.3,vol_mom,BTC-USD,composite,0.9109,-0.3688,-0.8966,149
vol_mom__mom_period126__vol_period126__skip21__vol_weight0.3,vol_mom,BTC-USD,composite,0.4739,0.5683,-0.5514,81
seasonality__n_years2,seasonality,BTC-USD,pattern,0.4133,0.7204,-0.4012,54
seasonality__n_years3,seasonality,BTC-USD,pattern,0.6472,0.1075,-0.726,51
seasonality__n_years5,seasonality,BTC-USD,pattern,0.4536,0.7048,-0.5901,56
residual_mom__lookback252__skip21,residual_mom,BTC-USD,trend,0.8985,0.676,-0.5431,31
residual_mom__lookback252__skip0,residual_mom,BTC-USD,trend,1.0496,0.8695,-0.5404,31
residual_mom__lookback126__skip21,residual_mom,BTC-USD,trend,0.5065,1.4055,-0.3604,107
vol_scaled_mom__rv_window21__vol_target0.12__damp0.5,vol_scaled_mom,BTC-USD,trend,0.9349,0.7355,-0.2227,3465
vol_scaled_mom__rv_window21__vol_target0.08__damp0.5,vol_scaled_mom,BTC-USD,trend,0.9329,0.7538,-0.1511,3484
vol_scaled_mom__rv_window63__vol_target0.12__damp0.5,vol_scaled_mom,BTC-USD,trend,0.9478,1.088,-0.135,3484
vol_scaled_mom__rv_window21__vol_target0.12__damp0.0,vol_scaled_mom,BTC-USD,trend,0.9405,0.7489,-0.2222,3327
vol_scaled_mom__rv_window21__vol_target0.15__damp0.5,vol_scaled_mom,BTC-USD,trend,0.937,0.7156,-0.2753,3428
dema_crossover__fast5__slow20,dema_crossover,BTC-USD,trend,0.5768,0.4521,-0.4579,375
dema_crossover__fast10__slow40,dema_crossover,BTC-USD,trend,0.824,0.4133,-0.6153,167
dema_crossover__fast12__slow26,dema_crossover,BTC-USD,trend,0.8404,0.5136,-0.4512,187
dema_crossover__fast20__slow50,dema_crossover,BTC-USD,trend,0.8972,0.0324,-0.7887,99
dema_crossover__fast10__slow30,dema_crossover,BTC-USD,trend,0.7275,0.7366,-0.4384,195
tema_crossover__fast5__slow20,tema_crossover,BTC-USD,trend,0.7911,0.2204,-0.5931,509
tema_crossover__fast10__slow40,tema_crossover,BTC-USD,trend,0.7559,0.9206,-0.3674,213
tema_crossover__fast12__slow26,tema_crossover,BTC-USD,trend,0.4999,0.7292,-0.4473,273
tema_crossover__fast20__slow50,tema_crossover,BTC-USD,trend,0.62,0.4992,-0.6778,143
tema_crossover__fast10__slow30,tema_crossover,BTC-USD,trend,0.6785,0.4542,-0.4493,279
price_acceleration__period10__smooth3,price_acceleration,BTC-USD,trend,0.4262,-0.1475,-0.7036,968
price_acceleration__period20__smooth5,price_acceleration,BTC-USD,trend,0.4429,0.1441,-0.5644,763
price_acceleration__period20__smooth3,price_acceleration,BTC-USD,trend,0.6017,0.4653,-0.5572,1008
price_acceleration__period30__smooth5,price_acceleration,BTC-USD,trend,0.4251,0.0525,-0.7112,753
price_acceleration__period40__smooth10,price_acceleration,BTC-USD,trend,0.0724,0.7166,-0.5564,515
price_acceleration__period10__smooth5,price_acceleration,BTC-USD,trend,0.2979,-0.3911,-0.8345,713
turn_of_month__days_before3__days_after3,turn_of_month,BTC-USD,pattern,0.8434,-0.0187,-0.327,248
turn_of_month__days_before4__days_after4,turn_of_month,BTC-USD,pattern,1.0245,-0.175,-0.3814,248
turn_of_month__days_before5__days_after5,turn_of_month,BTC-USD,pattern,1.2047,0.354,-0.3555,248
turn_of_month__days_before3__days_after5,turn_of_month,BTC-USD,pattern,1.0077,0.1089,-0.3743,248
trend_intensity__period20,trend_intensity,BTC-USD,trend,-0.0677,-0.3914,-0.4921,506
trend_intensity__period30,trend_intensity,BTC-USD,trend,-0.5362,-0.4382,-0.552,388
trend_intensity__period50,trend_intensity,BTC-USD,trend,-0.2903,-0.3109,-0.4824,260
trend_intensity__period63,trend_intensity,BTC-USD,trend,-0.6343,-0.2703,-0.5212,229
ma_regime_momentum__regime_ma200__mom_period126__skip21,ma_regime_momentum,BTC-USD,trend,0.5116,0.7418,-0.4535,158
ma_regime_momentum__regime_ma200__mom_period252__skip21,ma_regime_momentum,BTC-USD,trend,0.7841,0.919,-0.4072,92
ma_regime_momentum__regime_ma200__mom_period63__skip0,ma_regime_momentum,BTC-USD,trend,0.8629,0.2465,-0.6523,211
ma_regime_momentum__regime_ma100__mom_period126__skip21,ma_regime_momentum,BTC-USD,trend,0.6385,0.4655,-0.6264,224
ma_regime_momentum__regime_ma50__mom_period63__skip0,ma_regime_momentum,BTC-USD,trend,1.0779,0.0293,-0.7248,320
fisher_transform__period5,fisher_transform,BTC-USD,trend,0.7365,0.4026,-0.4118,838
fisher_transform__period10,fisher_transform,BTC-USD,trend,0.7021,0.4564,-0.5087,524
fisher_transform__period20,fisher_transform,BTC-USD,trend,0.401,0.4564,-0.4902,368
fisher_transform__period30,fisher_transform,BTC-USD,trend,0.4539,0.5569,-0.5878,279
relative_vigor__period10,relative_vigor,BTC-USD,trend,-0.1107,0.126,-0.63,1088
relative_vigor__period14,relative_vigor,BTC-USD,trend,-0.1107,0.126,-0.63,1088
relative_vigor__period20,relative_vigor,BTC-USD,trend,-0.1107,0.126,-0.63,1088
chande_momentum__period14__threshold0.0,chande_momentum,BTC-USD,trend,0.9726,0.319,-0.6075,413
chande_momentum__period20__threshold0.0,chande_momentum,BTC-USD,trend,0.7494,0.6075,-0.4854,341
chande_momentum__period20__threshold10.0,chande_momentum,BTC-USD,trend,0.6618,0.712,-0.5725,631
chande_momentum__period30__threshold0.0,chande_momentum,BTC-USD,trend,0.9561,0.6441,-0.616,273
chande_momentum__period9__threshold0.0,chande_momentum,BTC-USD,trend,0.4867,0.2216,-0.6997,559
demarker__period14__hi_thresh0.7__lo_thresh0.3,demarker,BTC-USD,meanrev,-0.8434,-0.2441,-0.6348,492
demarker__period14__hi_thresh0.8__lo_thresh0.2,demarker,BTC-USD,meanrev,-0.7224,0.0065,-0.4137,313
demarker__period21__hi_thresh0.7__lo_thresh0.3,demarker,BTC-USD,meanrev,-0.7088,-0.3153,-0.6555,360
demarker__period9__hi_thresh0.7__lo_thresh0.3,demarker,BTC-USD,meanrev,-0.9188,-0.3916,-0.7037,658
stoch_rsi__rsi_period14__stoch_period14__lo20.0__hi80.0,stoch_rsi,BTC-USD,meanrev,-0.5519,-0.3499,-0.6589,721
stoch_rsi__rsi_period14__stoch_period14__lo10.0__hi90.0,stoch_rsi,BTC-USD,meanrev,-0.787,-0.3563,-0.6204,637
stoch_rsi__rsi_period7__stoch_period14__lo20.0__hi80.0,stoch_rsi,BTC-USD,meanrev,-0.569,-0.1097,-0.5405,769
stoch_rsi__rsi_period21__stoch_period21__lo20.0__hi80.0,stoch_rsi,BTC-USD,meanrev,-0.5907,-0.4983,-0.783,549
hurst_regime__period100__trend_thresh0.55__mr_thresh0.45,hurst_regime,BTC-USD,trend,0.6247,-0.5422,-0.591,336
hurst_regime__period60__trend_thresh0.55__mr_thresh0.45,hurst_regime,BTC-USD,trend,0.6032,-0.0087,-0.6259,485
hurst_regime__period100__trend_thresh0.58__mr_thresh0.42,hurst_regime,BTC-USD,trend,0.3114,-0.3444,-0.3187,131
psych_line__period12__hi_thresh75.0__lo_thresh25.0,psych_line,BTC-USD,meanrev,-0.5227,0.1007,-0.1524,100
psych_line__period12__hi_thresh65.0__lo_thresh35.0,psych_line,BTC-USD,meanrev,-0.5076,-0.4849,-0.7674,575
psych_line__period20__hi_thresh70.0__lo_thresh30.0,psych_line,BTC-USD,meanrev,-0.2305,-0.3885,-0.3527,86
er_regime__er_period10__mom_period20__er_thresh0.4,er_regime,BTC-USD,trend,0.622,-0.1631,-0.7179,1483
er_regime__er_period10__mom_period20__er_thresh0.3,er_regime,BTC-USD,trend,0.5366,0.0197,-0.5801,1477
er_regime__er_period14__mom_period20__er_thresh0.4,er_regime,BTC-USD,trend,0.4751,0.4142,-0.4546,1230
er_regime__er_period20__mom_period40__er_thresh0.4,er_regime,BTC-USD,trend,0.478,-0.4263,-0.7186,972
er_regime__er_period10__mom_period10__er_thresh0.4,er_regime,BTC-USD,trend,0.5116,-0.0695,-0.5893,1641
mcginley_dynamic__fast5__slow20,mcginley_dynamic,BTC-USD,trend,-0.1425,-0.23,-0.8174,77
mcginley_dynamic__fast10__slow40,mcginley_dynamic,BTC-USD,trend,0.9776,0.5513,-0.7345,40
mcginley_dynamic__fast12__slow26,mcginley_dynamic,BTC-USD,trend,0.7895,0.0469,-0.7878,82
mcginley_dynamic__fast5__slow14,mcginley_dynamic,BTC-USD,trend,0.1132,-0.1452,-0.7784,87
cci_trend__period14__threshold50.0,cci_trend,BTC-USD,trend,0.8402,0.2969,-0.5811,807
cci_trend__period20__threshold50.0,cci_trend,BTC-USD,trend,0.7574,0.3929,-0.5674,644
cci_trend__period20__threshold100.0,cci_trend,BTC-USD,trend,0.8175,0.5889,-0.4724,603
cci_trend__period30__threshold50.0,cci_trend,BTC-USD,trend,0.8459,0.575,-0.4701,481
cci_trend__period14__threshold100.0,cci_trend,BTC-USD,trend,0.8136,0.099,-0.4542,792
volume_roc__period10__signal_period5,volume_roc,BTC-USD,volume,0.7316,0.7038,-0.3757,894
volume_roc__period14__signal_period10,volume_roc,BTC-USD,volume,0.9735,0.5576,-0.4331,606
volume_roc__period20__signal_period10,volume_roc,BTC-USD,volume,0.6996,0.6471,-0.4547,526
volume_roc__period5__signal_period3,volume_roc,BTC-USD,volume,0.7264,-0.104,-0.6542,1288
hv_ratio__fast_period10__slow_period100__thresh_hi1.5__thresh_lo0.7,hv_ratio,BTC-USD,volatility,0.5024,-0.285,-0.4811,494
hv_ratio__fast_period10__slow_period60__thresh_hi1.5__thresh_lo0.7,hv_ratio,BTC-USD,volatility,0.6475,0.4626,-0.3022,527
hv_ratio__fast_period21__slow_period100__thresh_hi1.5__thresh_lo0.7,hv_ratio,BTC-USD,volatility,0.4609,-0.1049,-0.5001,253
hv_ratio__fast_period10__slow_period100__thresh_hi2.0__thresh_lo0.5,hv_ratio,BTC-USD,volatility,0.8225,0.2401,-0.3328,304
zscore_trend__z_period20__trend_period50__z_thresh1.5,zscore_trend,BTC-USD,meanrev,0.7245,0.0563,-0.1467,112
zscore_trend__z_period20__trend_period50__z_thresh1.0,zscore_trend,BTC-USD,meanrev,0.4198,-0.2318,-0.2475,174
zscore_trend__z_period20__trend_period100__z_thresh1.5,zscore_trend,BTC-USD,meanrev,0.1367,-0.5241,-0.3177,198
zscore_trend__z_period30__trend_period100__z_thresh2.0,zscore_trend,BTC-USD,meanrev,-0.4993,-0.5736,-0.1824,74
cmo_fisher__fisher_period10__cmo_period14__score_thresh0.3,cmo_fisher,BTC-USD,trend,1.0312,0.332,-0.4269,720
cmo_fisher__fisher_period10__cmo_period14__score_thresh0.2,cmo_fisher,BTC-USD,trend,0.9827,0.2433,-0.4441,812
cmo_fisher__fisher_period14__cmo_period20__score_thresh0.3,cmo_fisher,BTC-USD,trend,0.9843,0.3432,-0.3039,566
cmo_fisher__fisher_period8__cmo_period14__score_thresh0.2,cmo_fisher,BTC-USD,trend,0.9413,0.2785,-0.4256,911
rvi_divergence__rvi_period10__lookback5,rvi_divergence,BTC-USD,meanrev,-0.7266,0.0,0.0,10
rvi_divergence__rvi_period10__lookback8,rvi_divergence,BTC-USD,meanrev,-0.3943,0.0,0.0,4
rvi_divergence__rvi_period14__lookback5,rvi_divergence,BTC-USD,meanrev,-0.7266,0.0,0.0,10
adaptive_rsi__base_period14__fast_n2__slow_n30,adaptive_rsi,BTC-USD,meanrev,-0.6484,-0.289,-0.8672,259
adaptive_rsi__base_period14__fast_n2__slow_n60,adaptive_rsi,BTC-USD,meanrev,-0.6268,-0.2162,-0.8458,254
adaptive_rsi__base_period9__fast_n2__slow_n30,adaptive_rsi,BTC-USD,meanrev,-0.6062,-0.4793,-0.8264,383
adaptive_rsi__base_period21__fast_n2__slow_n30,adaptive_rsi,BTC-USD,meanrev,-0.6961,-0.31,-0.7936,174
elder_impulse__ema_period8,elder_impulse,BTC-USD,composite,0.6873,0.5709,-0.3406,1387
elder_impulse__ema_period13,elder_impulse,BTC-USD,composite,0.6389,0.6292,-0.336,1291
elder_impulse__ema_period20,elder_impulse,BTC-USD,composite,0.7542,0.4514,-0.3881,1209
klinger_osc__fast34__slow55__signal13,klinger_osc,BTC-USD,volume,-0.0618,0.0494,-0.6075,841
klinger_osc__fast21__slow34__signal9,klinger_osc,BTC-USD,volume,0.1752,-0.1841,-0.6664,1039
klinger_osc__fast55__slow89__signal13,klinger_osc,BTC-USD,volume,0.2031,0.2286,-0.4885,749
price_oscillator__fast10__slow30__signal9,price_oscillator,BTC-USD,trend,0.7775,0.8365,-0.372,251
price_oscillator__fast12__slow26__signal9,price_oscillator,BTC-USD,trend,0.7125,0.8575,-0.3581,243
price_oscillator__fast5__slow20__signal5,price_oscillator,BTC-USD,trend,0.8589,0.2848,-0.5009,493
price_oscillator__fast20__slow50__signal9,price_oscillator,BTC-USD,trend,0.8753,0.1058,-0.6964,183
baz_trend__ewmstd_span42,baz_trend,BTC-USD,trend,0.9947,0.5594,-0.6804,49
baz_trend__ewmstd_span63,baz_trend,BTC-USD,trend,0.9947,0.5594,-0.6804,49
baz_trend__ewmstd_span126,baz_trend,BTC-USD,trend,0.9947,0.5594,-0.6804,49
intermediate_mom__start252__end126,intermediate_mom,BTC-USD,trend,0.9937,0.2684,-0.6606,100
intermediate_mom__start189__end105,intermediate_mom,BTC-USD,trend,0.4665,0.9871,-0.4316,128
intermediate_mom__start168__end84,intermediate_mom,BTC-USD,trend,0.6064,0.1078,-0.5537,130
intermediate_mom__start252__end63,intermediate_mom,BTC-USD,trend,0.4987,0.7219,-0.4404,55
mom_crash_protect__bear_lookback504__bear_thresh-0.2__damp0.0,mom_crash_protect,BTC-USD,trend,1.0041,0.5247,-0.617,114
mom_crash_protect__bear_lookback504__bear_thresh-0.2__damp0.25,mom_crash_protect,BTC-USD,trend,0.9699,0.5613,-0.617,117
mom_crash_protect__bear_lookback252__bear_thresh-0.2__damp0.0,mom_crash_protect,BTC-USD,trend,1.0282,0.4864,-0.6109,121
mom_crash_protect__bear_lookback504__bear_thresh-0.25__damp0.0,mom_crash_protect,BTC-USD,trend,1.0155,0.5262,-0.617,108
consistent_mom__consistency_thresh0.5,consistent_mom,BTC-USD,trend,0.8337,0.5452,-0.5816,340
consistent_mom__consistency_thresh0.58,consistent_mom,BTC-USD,trend,0.8194,0.2735,-0.6036,481
consistent_mom__consistency_thresh0.67,consistent_mom,BTC-USD,trend,0.3026,-0.1322,-0.3442,352
signed_range_mom__period10__threshold0.1,signed_range_mom,BTC-USD,trend,0.4569,0.2081,-0.6044,1038
signed_range_mom__period21__threshold0.1,signed_range_mom,BTC-USD,trend,0.5122,0.1709,-0.6048,744
signed_range_mom__period21__threshold0.15,signed_range_mom,BTC-USD,trend,0.4927,0.3104,-0.5637,648
signed_range_mom__period42__threshold0.1,signed_range_mom,BTC-USD,trend,0.7123,0.3252,-0.5443,400
signed_range_mom__period63__threshold0.1,signed_range_mom,BTC-USD,trend,0.6877,0.1824,-0.5157,324
multi_tsmom,multi_tsmom,BTC-USD,trend,1.0248,0.3918,-0.6151,304
"multi_tsmom__lookbacks(63, 126, 252)",multi_tsmom,BTC-USD,trend,0.9693,0.422,-0.6817,102
"multi_tsmom__lookbacks(21, 63, 252)",multi_tsmom,BTC-USD,trend,1.0,0.0816,-0.7789,225
"multi_tsmom__lookbacks(21, 63, 126, 252)__weights(0.4, 0.3, 0.2, 0.1)",multi_tsmom,BTC-USD,trend,0.9861,0.2882,-0.6222,222
"multi_tsmom__lookbacks(21, 63, 126, 252)__weights(0.1, 0.2, 0.3, 0.4)",multi_tsmom,BTC-USD,trend,0.9351,0.4275,-0.6445,176
ma_crossover__fast5__slow20__kindsma,ma_crossover,ETH-USD,trend,0.5718,0.1227,-0.7428,141
ma_crossover__fast10__slow30__kindsma,ma_crossover,ETH-USD,trend,0.9172,0.0125,-0.8185,87
ma_crossover__fast20__slow50__kindsma,ma_crossover,ETH-USD,trend,0.6649,0.2028,-0.794,48
ma_crossover__fast50__slow100__kindsma,ma_crossover,ETH-USD,trend,-0.0367,0.6239,-0.642,26
ma_crossover__fast50__slow200__kindsma,ma_crossover,ETH-USD,trend,0.7516,-0.1144,-0.8132,13
ma_crossover__fast100__slow200__kindsma,ma_crossover,ETH-USD,trend,0.7469,0.2649,-0.71,9
ma_crossover__fast10__slow50__kindsma,ma_crossover,ETH-USD,trend,0.5652,0.2023,-0.6971,65
ma_crossover__fast20__slow100__kindsma,ma_crossover,ETH-USD,trend,0.1142,0.8227,-0.6642,26
ma_crossover__fast5__slow20__kindema,ma_crossover,ETH-USD,trend,0.7764,0.2627,-0.7211,127
ma_crossover__fast12__slow26__kindema,ma_crossover,ETH-USD,trend,0.6423,0.1176,-0.8223,77
ma_crossover__fast10__slow50__kindema,ma_crossover,ETH-USD,trend,0.6897,0.2111,-0.721,57
ma_crossover__fast20__slow100__kindema,ma_crossover,ETH-USD,trend,0.3239,0.6056,-0.719,30
ts_momentum__period21,ts_momentum,ETH-USD,trend,0.4544,-0.3694,-0.9099,243
ts_momentum__period42,ts_momentum,ETH-USD,trend,0.455,0.0558,-0.8146,124
ts_momentum__period63,ts_momentum,ETH-USD,trend,0.1327,1.1104,-0.5346,106
ts_momentum__period126,ts_momentum,ETH-USD,trend,0.357,0.8439,-0.5814,58
ts_momentum__period252,ts_momentum,ETH-USD,trend,0.7779,-0.1044,-0.809,38
roc_momentum__period5,roc_momentum,ETH-USD,trend,0.5576,0.2244,-0.7452,555
roc_momentum__period10,roc_momentum,ETH-USD,trend,0.6862,0.9163,-0.4681,347
roc_momentum__period20,roc_momentum,ETH-USD,trend,0.5796,-0.2267,-0.902,253
roc_momentum__period30,roc_momentum,ETH-USD,trend,0.8796,0.2495,-0.6986,169
roc_momentum__period60,roc_momentum,ETH-USD,trend,0.293,1.085,-0.5346,102
macd_signal__fast12__slow26__signal9,macd_signal,ETH-USD,trend,0.3847,0.4829,-0.5999,189
macd_signal__fast8__slow17__signal9,macd_signal,ETH-USD,trend,0.4653,0.2712,-0.7818,247
macd_signal__fast5__slow35__signal5,macd_signal,ETH-USD,trend,0.4295,0.5811,-0.6566,313
macd_signal__fast3__slow10__signal16,macd_signal,ETH-USD,trend,0.365,0.4698,-0.6189,350
donchian_breakout__period10,donchian_breakout,ETH-USD,trend,0.2718,0.1761,-0.3817,570
donchian_breakout__period20,donchian_breakout,ETH-USD,trend,0.1394,0.379,-0.3253,376
donchian_breakout__period30,donchian_breakout,ETH-USD,trend,0.4078,0.3169,-0.28,310
donchian_breakout__period40,donchian_breakout,ETH-USD,trend,0.5422,0.2329,-0.2749,258
donchian_breakout__period55,donchian_breakout,ETH-USD,trend,0.6197,0.6807,-0.1704,220
bb_breakout__period20__std1.5,bb_breakout,ETH-USD,trend,1.0494,0.0549,-0.529,456
bb_breakout__period20__std2.0,bb_breakout,ETH-USD,trend,0.3312,-0.0757,-0.3682,298
bb_breakout__period20__std2.5,bb_breakout,ETH-USD,trend,-0.2013,0.3815,-0.1567,144
bb_breakout__period30__std2.0,bb_breakout,ETH-USD,trend,0.8847,0.522,-0.3631,212
bb_breakout__period50__std2.0,bb_breakout,ETH-USD,trend,0.2528,0.4201,-0.3491,206
supertrend__period7__mult2.0,supertrend,ETH-USD,trend,0.4232,0.8215,-0.5175,117
supertrend__period7__mult3.0,supertrend,ETH-USD,trend,0.7948,0.3138,-0.7532,67
supertrend__period10__mult3.0,supertrend,ETH-USD,trend,0.8098,0.3451,-0.7103,63
supertrend__period14__mult2.0,supertrend,ETH-USD,trend,0.3536,0.7296,-0.5175,117
supertrend__period14__mult3.0,supertrend,ETH-USD,trend,0.7343,0.5053,-0.6049,63
parabolic_sar__step0.01__max_af0.1,parabolic_sar,ETH-USD,trend,0.2085,0.4838,-0.7316,127
parabolic_sar__step0.02__max_af0.2,parabolic_sar,ETH-USD,trend,0.3615,0.0518,-0.735,193
parabolic_sar__step0.03__max_af0.2,parabolic_sar,ETH-USD,trend,0.5362,-0.028,-0.7731,245
parabolic_sar__step0.05__max_af0.2,parabolic_sar,ETH-USD,trend,0.6981,-0.307,-0.8751,332
adx_trend__period14__threshold20,adx_trend,ETH-USD,trend,0.6218,0.1947,-0.6507,184
adx_trend__period14__threshold25,adx_trend,ETH-USD,trend,0.4802,0.0449,-0.667,161
adx_trend__period14__threshold30,adx_trend,ETH-USD,trend,0.2827,0.1816,-0.4283,135
adx_trend__period21__threshold20,adx_trend,ETH-USD,trend,0.4463,-0.1475,-0.7163,125
adx_trend__period21__threshold25,adx_trend,ETH-USD,trend,0.5347,-0.3408,-0.6739,93
ichimoku__tenkan9__kijun26__senkou_b52,ichimoku,ETH-USD,trend,0.6973,0.2822,-0.6926,289
ichimoku__tenkan7__kijun22__senkou_b44,ichimoku,ETH-USD,trend,0.8103,0.0882,-0.7099,318
linreg_slope__period10,linreg_slope,ETH-USD,trend,0.6604,0.0516,-0.8152,267
linreg_slope__period20,linreg_slope,ETH-USD,trend,1.0225,0.1605,-0.8365,129
linreg_slope__period30,linreg_slope,ETH-USD,trend,0.9457,0.2095,-0.8276,77
linreg_slope__period50,linreg_slope,ETH-USD,trend,0.5695,0.1114,-0.7939,46
aroon__period14,aroon,ETH-USD,trend,0.4853,0.256,-0.7407,182
aroon__period25,aroon,ETH-USD,trend,0.7858,0.3297,-0.7462,99
aroon__period50,aroon,ETH-USD,trend,0.1783,0.1257,-0.7882,48
vortex__period10,vortex,ETH-USD,trend,0.7815,0.6586,-0.5586,282
vortex__period14,vortex,ETH-USD,trend,0.4963,0.1737,-0.7614,227
vortex__period21,vortex,ETH-USD,trend,0.6232,-0.2245,-0.87,199
trix__period9,trix,ETH-USD,trend,0.8566,0.2606,-0.6454,94
trix__period12,trix,ETH-USD,trend,0.7641,0.3102,-0.7632,68
trix__period18,trix,ETH-USD,trend,0.7022,0.4348,-0.774,45
hull_ma__period14,hull_ma,ETH-USD,trend,0.762,0.4043,-0.5583,382
hull_ma__period20,hull_ma,ETH-USD,trend,0.6017,0.6601,-0.5601,285
hull_ma__period30,hull_ma,ETH-USD,trend,0.8421,0.4469,-0.6886,183
hull_ma__period50,hull_ma,ETH-USD,trend,0.3438,0.3301,-0.76,125
kama__period5,kama,ETH-USD,trend,-0.8458,-0.2274,-0.8641,1430
kama__period10,kama,ETH-USD,trend,-0.3078,0.0,0.0,153
kama__period20,kama,ETH-USD,trend,0.4591,0.0,0.0,41
turtle__entry20__exit_p10,turtle,ETH-USD,trend,0.1394,0.379,-0.3253,376
turtle__entry55__exit_p20,turtle,ETH-USD,trend,0.6197,0.6807,-0.1704,220
turtle__entry10__exit_p5,turtle,ETH-USD,trend,0.2718,0.1761,-0.3817,570
dual_momentum__period63,dual_momentum,ETH-USD,trend,0.2046,1.173,-0.3367,107
dual_momentum__period126,dual_momentum,ETH-USD,trend,0.2825,1.0763,-0.34,59
dual_momentum__period252,dual_momentum,ETH-USD,trend,0.4501,0.3337,-0.6003,39
elder_ray__period13,elder_ray,ETH-USD,trend,0.8317,0.1382,-0.8069,391
elder_ray__period21,elder_ray,ETH-USD,trend,0.9298,0.4091,-0.6268,281
elder_ray__period34,elder_ray,ETH-USD,trend,0.7404,0.2776,-0.664,199
rsi_reversion__period7__lo30__hi70,rsi_reversion,ETH-USD,meanrev,-0.635,-0.2131,-0.5247,426
rsi_reversion__period7__lo25__hi75,rsi_reversion,ETH-USD,meanrev,-0.4084,-0.1312,-0.4782,280
rsi_reversion__period14__lo30__hi70,rsi_reversion,ETH-USD,meanrev,-0.5471,-0.3573,-0.5586,176
rsi_reversion__period14__lo25__hi75,rsi_reversion,ETH-USD,meanrev,-0.2985,-0.2812,-0.3478,96
rsi_reversion__period14__lo35__hi65,rsi_reversion,ETH-USD,meanrev,-0.2811,-0.5705,-0.6625,286
rsi_reversion__period21__lo30__hi70,rsi_reversion,ETH-USD,meanrev,0.063,-0.3753,-0.5198,94
rsi_reversion__period21__lo25__hi75,rsi_reversion,ETH-USD,meanrev,0.1305,-0.4951,-0.2866,40
rsi_reversion__period28__lo30__hi70,rsi_reversion,ETH-USD,meanrev,0.3138,-0.448,-0.3572,52
rsi_reversion__period30__lo30__hi70,rsi_reversion,ETH-USD,meanrev,0.2582,-0.237,-0.2611,46
rsi_reversion__period30__lo25__hi75,rsi_reversion,ETH-USD,meanrev,0.3902,-0.4238,-0.1549,18
bb_reversion__period20__std1.5,bb_reversion,ETH-USD,meanrev,-1.1428,-0.1994,-0.5486,456
bb_reversion__period20__std2.0,bb_reversion,ETH-USD,meanrev,-0.4297,-0.0472,-0.2705,298
bb_reversion__period20__std2.5,bb_reversion,ETH-USD,meanrev,0.1052,-0.465,-0.231,144
bb_reversion__period30__std2.0,bb_reversion,ETH-USD,meanrev,-0.9617,-0.5883,-0.5788,212
bb_reversion__period30__std2.5,bb_reversion,ETH-USD,meanrev,0.0535,-0.4735,-0.3017,146
bb_reversion__period50__std2.0,bb_reversion,ETH-USD,meanrev,-0.3221,-0.4991,-0.4926,206
zscore_reversion__period10__threshold1.0,zscore_reversion,ETH-USD,meanrev,-1.1442,-0.6392,-0.7736,791
zscore_reversion__period20__threshold1.5,zscore_reversion,ETH-USD,meanrev,-1.1428,-0.1994,-0.5486,456
zscore_reversion__period20__threshold2.0,zscore_reversion,ETH-USD,meanrev,-0.4297,-0.0472,-0.2705,298
zscore_reversion__period30__threshold1.5,zscore_reversion,ETH-USD,meanrev,-0.9533,-0.3953,-0.6985,350
zscore_reversion__period30__threshold2.0,zscore_reversion,ETH-USD,meanrev,-0.9617,-0.5883,-0.5788,212
zscore_reversion__period60__threshold2.0,zscore_reversion,ETH-USD,meanrev,-0.5113,-0.2791,-0.5345,196
stochastic__k5__d3__lo20__hi80,stochastic,ETH-USD,meanrev,-0.8279,-0.6257,-0.6938,514
stochastic__k14__d3__lo20__hi80,stochastic,ETH-USD,meanrev,-0.7821,-0.2109,-0.6766,368
stochastic__k14__d3__lo30__hi70,stochastic,ETH-USD,meanrev,-0.716,-0.2005,-0.6993,419
stochastic__k14__d5__lo20__hi80,stochastic,ETH-USD,meanrev,-0.568,-0.5515,-0.7037,268
stochastic__k21__d3__lo20__hi80,stochastic,ETH-USD,meanrev,-0.7233,-0.5167,-0.7725,320
cci_reversion__period14__threshold100,cci_reversion,ETH-USD,meanrev,-1.3137,-0.8679,-0.8224,524
cci_reversion__period14__threshold150,cci_reversion,ETH-USD,meanrev,-1.2485,-0.5249,-0.4413,382
cci_reversion__period20__threshold100,cci_reversion,ETH-USD,meanrev,-1.0227,-0.1162,-0.7195,438
cci_reversion__period20__threshold150,cci_reversion,ETH-USD,meanrev,-0.9224,-0.0616,-0.4603,290
cci_reversion__period30__threshold100,cci_reversion,ETH-USD,meanrev,-1.0544,-0.2164,-0.7496,346
williams_r__period14__lo-80__hi-20,williams_r,ETH-USD,meanrev,-1.0552,-0.4512,-0.7166,664
williams_r__period14__lo-90__hi-10,williams_r,ETH-USD,meanrev,-0.3572,-0.5238,-0.5371,594
williams_r__period21__lo-80__hi-20,williams_r,ETH-USD,meanrev,-0.6885,-0.5137,-0.7155,557
williams_r__period28__lo-80__hi-20,williams_r,ETH-USD,meanrev,-0.822,-0.5182,-0.7112,474
keltner_reversion__period20__mult1.5,keltner_reversion,ETH-USD,meanrev,-0.7595,-0.3019,-0.6692,396
keltner_reversion__period20__mult2.0,keltner_reversion,ETH-USD,meanrev,-0.3375,-0.31,-0.6322,292
keltner_reversion__period20__mult2.5,keltner_reversion,ETH-USD,meanrev,-0.6341,-0.5775,-0.4925,192
keltner_reversion__period30__mult2.0,keltner_reversion,ETH-USD,meanrev,-0.5319,-0.4293,-0.6811,312
vwap_reversion__period20__z_thresh1.0,vwap_reversion,ETH-USD,meanrev,-0.9098,-0.5992,-0.7819,498
vwap_reversion__period20__z_thresh1.5,vwap_reversion,ETH-USD,meanrev,-0.7044,-0.2475,-0.5881,425
vwap_reversion__period20__z_thresh2.0,vwap_reversion,ETH-USD,meanrev,-0.5705,-0.3993,-0.5198,318
percent_b__period20__std2.0__lo0.05__hi0.95,percent_b,ETH-USD,meanrev,-0.819,-0.1094,-0.4616,370
percent_b__period20__std2.0__lo0.1__hi0.9,percent_b,ETH-USD,meanrev,-1.0777,-0.2522,-0.5112,428
percent_b__period20__std2.0__lo0.2__hi0.8,percent_b,ETH-USD,meanrev,-0.782,-0.3931,-0.6556,542
percent_b__period30__std2.0__lo0.2__hi0.8,percent_b,ETH-USD,meanrev,-1.0068,-0.1866,-0.7103,448
connors_rsi__rsi_period3__streak_period2__rank_period100,connors_rsi,ETH-USD,meanrev,-0.1331,-0.1853,-0.5207,755
connors_rsi__rsi_period2__streak_period3__rank_period100,connors_rsi,ETH-USD,meanrev,0.0298,0.1892,-0.4791,796
ultimate_osc__p17__p214__p328,ultimate_osc,ETH-USD,meanrev,-0.6898,0.04,-0.2456,136
ultimate_osc__p14__p28__p316,ultimate_osc,ETH-USD,meanrev,-0.3058,-0.4793,-0.4508,358
gap_fade__threshold0.01,gap_fade,ETH-USD,meanrev,-0.4373,-0.117,-0.0174,26
gap_fade__threshold0.015,gap_fade,ETH-USD,meanrev,0.0061,-0.117,-0.0174,11
gap_fade__threshold0.02,gap_fade,ETH-USD,meanrev,0.1687,-0.117,-0.0174,8
obv_trend__period10,obv_trend,ETH-USD,volume,0.5535,0.5306,-0.5945,584
obv_trend__period20,obv_trend,ETH-USD,volume,0.6855,0.0727,-0.8028,392
obv_trend__period50,obv_trend,ETH-USD,volume,0.5123,0.3322,-0.5911,224
chaikin_mf__period10,chaikin_mf,ETH-USD,volume,0.743,0.6895,-0.627,363
chaikin_mf__period20,chaikin_mf,ETH-USD,volume,0.6531,0.6826,-0.5581,277
chaikin_mf__period21,chaikin_mf,ETH-USD,volume,0.6613,0.6423,-0.5864,251
mfi__period10,mfi,ETH-USD,volume,-0.4963,-0.3489,-0.5538,232
mfi__period14,mfi,ETH-USD,volume,-0.5731,-0.3775,-0.2973,116
mfi__period21,mfi,ETH-USD,volume,0.1336,-0.4851,-0.2949,64
volume_surge__period10__mult1.5,volume_surge,ETH-USD,volume,-0.7309,-0.3545,-0.2479,212
volume_surge__period20__mult2.0,volume_surge,ETH-USD,volume,-0.1087,0.1329,-0.0726,66
volume_surge__period20__mult3.0,volume_surge,ETH-USD,volume,0.0,-0.5824,-0.0182,2
force_index__period2,force_index,ETH-USD,volume,0.2243,-0.1566,-0.7888,979
force_index__period13,force_index,ETH-USD,volume,0.6054,0.4802,-0.7096,326
force_index__period20,force_index,ETH-USD,volume,0.7816,0.5802,-0.6096,252
chaikin_osc__fast3__slow10,chaikin_osc,ETH-USD,volume,0.7863,-0.1535,-0.8137,297
chaikin_osc__fast3__slow12,chaikin_osc,ETH-USD,volume,0.9393,0.224,-0.7127,257
chaikin_osc__fast5__slow12,chaikin_osc,ETH-USD,volume,1.0837,0.5869,-0.6608,191
atr_breakout__period10__mult1.5,atr_breakout,ETH-USD,volatility,0.748,0.2848,-0.4399,372
atr_breakout__period14__mult1.5,atr_breakout,ETH-USD,volatility,0.6708,-0.1606,-0.5756,410
atr_breakout__period14__mult2.0,atr_breakout,ETH-USD,volatility,0.3592,-0.0063,-0.4849,276
atr_breakout__period20__mult2.0,atr_breakout,ETH-USD,volatility,0.4525,0.2292,-0.5384,326
atr_breakout__period20__mult2.5,atr_breakout,ETH-USD,volatility,0.1617,0.2055,-0.3966,242
vol_breakout__period10__mult0.5,vol_breakout,ETH-USD,volatility,-0.4268,-0.55,-0.8077,1773
vol_breakout__period20__mult1.0,vol_breakout,ETH-USD,volatility,-0.3953,-0.4169,-0.7523,1371
vol_breakout__period20__mult1.5,vol_breakout,ETH-USD,volatility,-0.298,-0.6155,-0.6293,933
vol_breakout__period30__mult1.0,vol_breakout,ETH-USD,volatility,-0.4568,-0.7808,-0.7961,1358
squeeze_breakout__bb_period20__kc_period20__bb_std2.0__kc_mult1.5,squeeze_breakout,ETH-USD,volatility,0.7185,0.1932,-0.79,130
squeeze_breakout__bb_period20__kc_period20__bb_std2.0__kc_mult1.0,squeeze_breakout,ETH-USD,volatility,0.724,0.2605,-0.7695,81
squeeze_breakout__bb_period30__kc_period30__bb_std2.0__kc_mult1.5,squeeze_breakout,ETH-USD,volatility,0.5501,0.0833,-0.7908,59
engulfing,engulfing,ETH-USD,pattern,0.3441,-0.031,-0.3587,631
three_bar_reversal,three_bar_reversal,ETH-USD,pattern,-0.0864,-0.5826,-0.6113,600
higher_highs_lows__period5,higher_highs_lows,ETH-USD,pattern,0.539,0.1267,-0.712,582
higher_highs_lows__period10,higher_highs_lows,ETH-USD,pattern,0.8207,0.3091,-0.5455,316
higher_highs_lows__period20,higher_highs_lows,ETH-USD,pattern,0.505,-0.0765,-0.7703,168
pivot_bounce__period5,pivot_bounce,ETH-USD,pattern,-0.7919,-1.1677,-0.6674,661
pivot_bounce__period10,pivot_bounce,ETH-USD,pattern,-1.1275,-1.5544,-0.8589,636
pivot_bounce__period20,pivot_bounce,ETH-USD,pattern,-0.9626,-0.3752,-0.5569,562
macd_rsi_combo__fast12__slow26__signal9__rsi_period14__rsi_lo40__rsi_hi60,macd_rsi_combo,ETH-USD,composite,0.6345,0.2422,-0.5222,340
macd_rsi_combo__fast12__slow26__signal9__rsi_period14__rsi_lo45__rsi_hi55,macd_rsi_combo,ETH-USD,composite,0.6266,0.2445,-0.6229,422
macd_rsi_combo__fast8__slow21__signal5__rsi_period14__rsi_lo40__rsi_hi60,macd_rsi_combo,ETH-USD,composite,0.518,0.3386,-0.5215,384
macd_rsi_combo__fast5__slow35__signal5__rsi_period14__rsi_lo40__rsi_hi60,macd_rsi_combo,ETH-USD,composite,0.5567,0.3324,-0.5097,392
triple_screen__trend_period20__osc_period14__osc_lo40__osc_hi60,triple_screen,ETH-USD,composite,0.2884,0.0,0.0,2
triple_screen__trend_period30__osc_period14__osc_lo40__osc_hi60,triple_screen,ETH-USD,composite,0.2884,0.0,0.0,2
triple_screen__trend_period50__osc_period14__osc_lo35__osc_hi65,triple_screen,ETH-USD,composite,0.2884,0.0,0.0,2
triple_screen__trend_period20__osc_period7__osc_lo30__osc_hi70,triple_screen,ETH-USD,composite,0.1495,0.0,0.0,2
chandelier_exit__period14__mult2.0,chandelier_exit,ETH-USD,composite,0.4498,0.3993,-0.6044,399
chandelier_exit__period22__mult3.0,chandelier_exit,ETH-USD,composite,0.3733,0.3132,-0.8696,273
chandelier_exit__period22__mult2.0,chandelier_exit,ETH-USD,composite,0.539,0.3541,-0.6926,416
chandelier_exit__period10__mult2.0,chandelier_exit,ETH-USD,composite,0.4816,0.4725,-0.6177,402
high52_momentum__period252__threshold0.7,high52_momentum,ETH-USD,trend,0.3693,-0.4604,-0.8732,148
high52_momentum__period252__threshold0.75,high52_momentum,ETH-USD,trend,0.4347,-0.6695,-0.9011,180
high52_momentum__period252__threshold0.8,high52_momentum,ETH-USD,trend,0.4516,-0.342,-0.8111,142
high52_momentum__period126__threshold0.7,high52_momentum,ETH-USD,trend,0.2219,0.2989,-0.6479,176
high52_momentum__period126__threshold0.75,high52_momentum,ETH-USD,trend,0.4188,0.1535,-0.6635,182
short_reversal__period5,short_reversal,ETH-USD,meanrev,-0.7081,-0.3963,-0.8687,555
short_reversal__period10,short_reversal,ETH-USD,meanrev,-0.7842,-1.0165,-0.9395,347
short_reversal__period15,short_reversal,ETH-USD,meanrev,-0.7924,-0.2041,-0.8329,281
short_reversal__period20,short_reversal,ETH-USD,meanrev,-0.6497,0.1439,-0.8391,253
low_vol_regime__period20__ma_period60,low_vol_regime,ETH-USD,volatility,0.0036,0.3757,-0.5543,130
low_vol_regime__period20__ma_period120,low_vol_regime,ETH-USD,volatility,-0.1883,0.6564,-0.4999,134
low_vol_regime__period60__ma_period120,low_vol_regime,ETH-USD,volatility,-0.4626,0.344,-0.332,52
low_vol_regime__period20__ma_period252,low_vol_regime,ETH-USD,volatility,-0.4644,-0.1326,-0.717,122
low_vol_regime__period60__ma_period252,low_vol_regime,ETH-USD,volatility,0.1803,0.1497,-0.5811,50
low_vol_regime__period120__ma_period252,low_vol_regime,ETH-USD,volatility,0.155,0.2224,-0.539,30
nr_breakout__nr_period4__exit_bars3,nr_breakout,ETH-USD,pattern,0.4439,-0.056,-0.6751,697
nr_breakout__nr_period4__exit_bars5,nr_breakout,ETH-USD,pattern,0.4622,0.2643,-0.5896,565
nr_breakout__nr_period7__exit_bars3,nr_breakout,ETH-USD,pattern,0.2942,-0.0423,-0.5382,506
nr_breakout__nr_period7__exit_bars5,nr_breakout,ETH-USD,pattern,0.4032,0.5111,-0.3901,428
nr_breakout__nr_period10__exit_bars5,nr_breakout,ETH-USD,pattern,0.019,0.9271,-0.3184,349
nr_breakout__nr_period10__exit_bars10,nr_breakout,ETH-USD,pattern,0.5649,0.4986,-0.5746,265
overnight_gap__period1__threshold0.001,overnight_gap,ETH-USD,volume,0.7013,0.54,-0.2538,585
overnight_gap__period1__threshold0.003,overnight_gap,ETH-USD,volume,0.3493,0.184,-0.1232,181
overnight_gap__period3__threshold0.001,overnight_gap,ETH-USD,volume,0.3534,0.1506,-0.3554,257
overnight_gap__period3__threshold0.003,overnight_gap,ETH-USD,volume,0.5501,0.7661,-0.0355,52
overnight_gap__period5__threshold0.001,overnight_gap,ETH-USD,volume,-0.1727,0.0052,-0.3136,154
overnight_gap__period5__threshold0.003,overnight_gap,ETH-USD,volume,0.4243,0.7489,-0.0448,24
coppock_curve__roc1252__roc2189__wma_period63,coppock_curve,ETH-USD,trend,0.2196,-0.2287,-0.8509,9
coppock_curve__roc1189__roc2126__wma_period42,coppock_curve,ETH-USD,trend,0.6743,0.003,-0.7641,11
coppock_curve__roc1126__roc2100__wma_period21,coppock_curve,ETH-USD,trend,0.4432,1.006,-0.5814,13
bll_filter__pct0.005__hold0,bll_filter,ETH-USD,trend,-0.0232,-0.523,-0.8609,1201
bll_filter__pct0.01__hold0,bll_filter,ETH-USD,trend,-0.1463,-0.2965,-0.7715,1041
bll_filter__pct0.02__hold0,bll_filter,ETH-USD,trend,-0.0154,-0.3936,-0.8502,782
bll_filter__pct0.005__hold10,bll_filter,ETH-USD,trend,-0.0403,-0.523,-0.8609,1207
bll_filter__pct0.01__hold10,bll_filter,ETH-USD,trend,-0.1776,-0.2678,-0.7575,1050
bll_filter__pct0.01__hold20,bll_filter,ETH-USD,trend,-0.1463,-0.2965,-0.7715,1041
bll_filter__pct0.02__hold10,bll_filter,ETH-USD,trend,-0.08,-0.5095,-0.8573,819
frog_in_pan__lookback252__skip21__id_cutoff0.5,frog_in_pan,ETH-USD,trend,-0.202,0.1017,-0.7624,73
frog_in_pan__lookback252__skip21__id_cutoff0.45,frog_in_pan,ETH-USD,trend,0.0591,-0.1787,-0.6658,56
frog_in_pan__lookback252__skip0__id_cutoff0.5,frog_in_pan,ETH-USD,trend,0.4446,-0.2073,-0.8188,75
frog_in_pan__lookback126__skip21__id_cutoff0.5,frog_in_pan,ETH-USD,trend,0.5424,0.5953,-0.6588,171
frog_in_pan__lookback126__skip21__id_cutoff0.45,frog_in_pan,ETH-USD,trend,0.0163,0.5538,-0.5346,84
vol_mom__mom_period126__vol_period126__skip21__vol_weight0.5,vol_mom,ETH-USD,composite,-0.0099,-0.3315,-0.7829,66
vol_mom__mom_period126__vol_period126__skip0__vol_weight0.5,vol_mom,ETH-USD,composite,0.0202,0.4465,-0.5814,62
vol_mom__mom_period252__vol_period126__skip21__vol_weight0.5,vol_mom,ETH-USD,composite,0.0814,0.0284,-0.746,48
vol_mom__mom_period63__vol_period63__skip0__vol_weight0.3,vol_mom,ETH-USD,composite,0.2645,1.1104,-0.5346,101
vol_mom__mom_period126__vol_period126__skip21__vol_weight0.3,vol_mom,ETH-USD,composite,0.3649,-0.65,-0.8951,52
seasonality__n_years2,seasonality,ETH-USD,pattern,0.7611,-0.5397,-0.8205,29
seasonality__n_years3,seasonality,ETH-USD,pattern,0.6928,-0.6392,-0.9159,32
seasonality__n_years5,seasonality,ETH-USD,pattern,0.8466,-0.6416,-0.9163,34
residual_mom__lookback252__skip21,residual_mom,ETH-USD,trend,0.1204,0.2507,-0.7528,30
residual_mom__lookback252__skip0,residual_mom,ETH-USD,trend,0.417,0.2697,-0.691,30
residual_mom__lookback126__skip21,residual_mom,ETH-USD,trend,0.9063,0.5199,-0.6559,48
vol_scaled_mom__rv_window21__vol_target0.12__damp0.5,vol_scaled_mom,ETH-USD,trend,0.0,0.2756,-0.2328,2333
vol_scaled_mom__rv_window21__vol_target0.08__damp0.5,vol_scaled_mom,ETH-USD,trend,-0.0016,0.2756,-0.1607,2335
vol_scaled_mom__rv_window63__vol_target0.12__damp0.5,vol_scaled_mom,ETH-USD,trend,0.1755,0.3972,-0.1519,2335
vol_scaled_mom__rv_window21__vol_target0.12__damp0.0,vol_scaled_mom,ETH-USD,trend,0.0186,0.2465,-0.2269,2175
vol_scaled_mom__rv_window21__vol_target0.15__damp0.5,vol_scaled_mom,ETH-USD,trend,0.0169,0.2756,-0.2835,2326
dema_crossover__fast5__slow20,dema_crossover,ETH-USD,trend,0.6467,0.4137,-0.718,263
dema_crossover__fast10__slow40,dema_crossover,ETH-USD,trend,1.0504,0.7047,-0.5381,129
dema_crossover__fast12__slow26,dema_crossover,ETH-USD,trend,0.5191,0.9327,-0.5881,141
dema_crossover__fast20__slow50,dema_crossover,ETH-USD,trend,0.8404,0.3227,-0.6106,73
dema_crossover__fast10__slow30,dema_crossover,ETH-USD,trend,0.6321,0.9088,-0.5471,151
tema_crossover__fast5__slow20,tema_crossover,ETH-USD,trend,0.5284,0.1962,-0.703,342
tema_crossover__fast10__slow40,tema_crossover,ETH-USD,trend,0.4612,0.1284,-0.7846,171
tema_crossover__fast12__slow26,tema_crossover,ETH-USD,trend,0.2374,0.4355,-0.8803,197
tema_crossover__fast20__slow50,tema_crossover,ETH-USD,trend,0.8536,0.6997,-0.5991,99
tema_crossover__fast10__slow30,tema_crossover,ETH-USD,trend,0.4532,0.1813,-0.9052,211
price_acceleration__period10__smooth3,price_acceleration,ETH-USD,trend,0.5409,0.6803,-0.5744,672
price_acceleration__period20__smooth5,price_acceleration,ETH-USD,trend,0.4373,0.25,-0.7209,500
price_acceleration__period20__smooth3,price_acceleration,ETH-USD,trend,0.2217,0.0913,-0.7262,708
price_acceleration__period30__smooth5,price_acceleration,ETH-USD,trend,0.3806,0.2596,-0.7353,543
price_acceleration__period40__smooth10,price_acceleration,ETH-USD,trend,0.8818,0.5214,-0.538,337
price_acceleration__period10__smooth5,price_acceleration,ETH-USD,trend,0.2452,0.4698,-0.6196,478
turn_of_month__days_before3__days_after3,turn_of_month,ETH-USD,pattern,0.7027,0.5931,-0.3669,172
turn_of_month__days_before4__days_after4,turn_of_month,ETH-USD,pattern,0.9591,0.4788,-0.4544,172
turn_of_month__days_before5__days_after5,turn_of_month,ETH-USD,pattern,1.111,0.9894,-0.4238,172
turn_of_month__days_before3__days_after5,turn_of_month,ETH-USD,pattern,0.996,0.4202,-0.4923,172
trend_intensity__period20,trend_intensity,ETH-USD,trend,-0.173,0.2648,-0.4189,375
trend_intensity__period30,trend_intensity,ETH-USD,trend,-0.263,-0.2279,-0.6023,264
trend_intensity__period50,trend_intensity,ETH-USD,trend,-0.2674,-0.9016,-0.7813,174
trend_intensity__period63,trend_intensity,ETH-USD,trend,-0.2023,-1.0063,-0.7572,136
ma_regime_momentum__regime_ma200__mom_period126__skip21,ma_regime_momentum,ETH-USD,trend,0.5938,0.121,-0.7353,89
ma_regime_momentum__regime_ma200__mom_period252__skip21,ma_regime_momentum,ETH-USD,trend,0.3235,0.4658,-0.6905,63
ma_regime_momentum__regime_ma200__mom_period63__skip0,ma_regime_momentum,ETH-USD,trend,0.4441,0.9537,-0.5346,135
ma_regime_momentum__regime_ma100__mom_period126__skip21,ma_regime_momentum,ETH-USD,trend,0.384,0.1541,-0.6611,150
ma_regime_momentum__regime_ma50__mom_period63__skip0,ma_regime_momentum,ETH-USD,trend,0.5236,0.3992,-0.5953,241
fisher_transform__period5,fisher_transform,ETH-USD,trend,0.3417,0.2618,-0.7248,633
fisher_transform__period10,fisher_transform,ETH-USD,trend,0.4841,0.6791,-0.4583,403
fisher_transform__period20,fisher_transform,ETH-USD,trend,0.9341,0.5595,-0.4899,241
fisher_transform__period30,fisher_transform,ETH-USD,trend,0.8532,0.2951,-0.6931,177
relative_vigor__period10,relative_vigor,ETH-USD,trend,-0.1095,0.0339,-0.8858,750
relative_vigor__period14,relative_vigor,ETH-USD,trend,-0.1095,0.0339,-0.8858,750
relative_vigor__period20,relative_vigor,ETH-USD,trend,-0.1095,0.0339,-0.8858,750
chande_momentum__period14__threshold0.0,chande_momentum,ETH-USD,trend,0.616,0.2653,-0.7561,286
chande_momentum__period20__threshold0.0,chande_momentum,ETH-USD,trend,0.5713,-0.2267,-0.902,254
chande_momentum__period20__threshold10.0,chande_momentum,ETH-USD,trend,0.8352,0.0637,-0.8112,421
chande_momentum__period30__threshold0.0,chande_momentum,ETH-USD,trend,0.8693,0.2495,-0.6986,170
chande_momentum__period9__threshold0.0,chande_momentum,ETH-USD,trend,0.7615,0.5739,-0.7059,379
demarker__period14__hi_thresh0.7__lo_thresh0.3,demarker,ETH-USD,meanrev,-0.7273,-0.371,-0.7681,349
demarker__period14__hi_thresh0.8__lo_thresh0.2,demarker,ETH-USD,meanrev,-0.2952,-0.67,-0.6588,229
demarker__period21__hi_thresh0.7__lo_thresh0.3,demarker,ETH-USD,meanrev,-0.6741,-0.6621,-0.7981,248
demarker__period9__hi_thresh0.7__lo_thresh0.3,demarker,ETH-USD,meanrev,-0.7727,-0.5103,-0.7384,501
stoch_rsi__rsi_period14__stoch_period14__lo20.0__hi80.0,stoch_rsi,ETH-USD,meanrev,-0.429,-0.1553,-0.6724,516
stoch_rsi__rsi_period14__stoch_period14__lo10.0__hi90.0,stoch_rsi,ETH-USD,meanrev,-0.7109,-0.1628,-0.5646,420
stoch_rsi__rsi_period7__stoch_period14__lo20.0__hi80.0,stoch_rsi,ETH-USD,meanrev,-0.5551,0.0257,-0.6546,538
stoch_rsi__rsi_period21__stoch_period21__lo20.0__hi80.0,stoch_rsi,ETH-USD,meanrev,-0.8287,-0.654,-0.8145,383
hurst_regime__period100__trend_thresh0.55__mr_thresh0.45,hurst_regime,ETH-USD,trend,-0.3605,-0.7356,-0.7799,264
hurst_regime__period60__trend_thresh0.55__mr_thresh0.45,hurst_regime,ETH-USD,trend,0.0537,-0.1386,-0.5885,311
hurst_regime__period100__trend_thresh0.58__mr_thresh0.42,hurst_regime,ETH-USD,trend,-0.1304,0.4453,-0.1602,77
psych_line__period12__hi_thresh75.0__lo_thresh25.0,psych_line,ETH-USD,meanrev,-0.2173,-0.6818,-0.3757,60
psych_line__period12__hi_thresh65.0__lo_thresh35.0,psych_line,ETH-USD,meanrev,-0.6001,0.0554,-0.5098,416
psych_line__period20__hi_thresh70.0__lo_thresh30.0,psych_line,ETH-USD,meanrev,-0.1134,0.6279,-0.0697,66
er_regime__er_period10__mom_period20__er_thresh0.4,er_regime,ETH-USD,trend,0.1433,0.4272,-0.5168,1079
er_regime__er_period10__mom_period20__er_thresh0.3,er_regime,ETH-USD,trend,0.0959,-0.3287,-0.8054,1061
er_regime__er_period14__mom_period20__er_thresh0.4,er_regime,ETH-USD,trend,0.0261,0.2835,-0.5374,928
er_regime__er_period20__mom_period40__er_thresh0.4,er_regime,ETH-USD,trend,-0.0273,-0.0181,-0.6268,667
er_regime__er_period10__mom_period10__er_thresh0.4,er_regime,ETH-USD,trend,0.1241,-0.1058,-0.6974,1156
mcginley_dynamic__fast5__slow20,mcginley_dynamic,ETH-USD,trend,-0.4354,-0.2791,-0.8424,33
mcginley_dynamic__fast10__slow40,mcginley_dynamic,ETH-USD,trend,-0.6291,-0.3822,-0.9048,17
mcginley_dynamic__fast12__slow26,mcginley_dynamic,ETH-USD,trend,-0.5631,-0.5106,-0.9024,21
mcginley_dynamic__fast5__slow14,mcginley_dynamic,ETH-USD,trend,-0.2102,-0.1689,-0.8457,37
cci_trend__period14__threshold50.0,cci_trend,ETH-USD,trend,0.8104,0.8454,-0.4153,559
cci_trend__period20__threshold50.0,cci_trend,ETH-USD,trend,0.7803,0.4891,-0.5446,464
cci_trend__period20__threshold100.0,cci_trend,ETH-USD,trend,0.937,0.0064,-0.7004,438
cci_trend__period30__threshold50.0,cci_trend,ETH-USD,trend,0.9703,0.4817,-0.7132,345
cci_trend__period14__threshold100.0,cci_trend,ETH-USD,trend,1.2097,0.7423,-0.5628,524
volume_roc__period10__signal_period5,volume_roc,ETH-USD,volume,1.0632,0.5343,-0.4785,630
volume_roc__period14__signal_period10,volume_roc,ETH-USD,volume,0.7527,0.4476,-0.4532,410
volume_roc__period20__signal_period10,volume_roc,ETH-USD,volume,0.7335,0.0863,-0.6146,372
volume_roc__period5__signal_period3,volume_roc,ETH-USD,volume,0.6268,0.2622,-0.4834,910
hv_ratio__fast_period10__slow_period100__thresh_hi1.5__thresh_lo0.7,hv_ratio,ETH-USD,volatility,0.5178,-0.8418,-0.692,339
hv_ratio__fast_period10__slow_period60__thresh_hi1.5__thresh_lo0.7,hv_ratio,ETH-USD,volatility,0.6326,-1.0701,-0.7474,300
hv_ratio__fast_period21__slow_period100__thresh_hi1.5__thresh_lo0.7,hv_ratio,ETH-USD,volatility,0.9166,-0.3098,-0.518,146
hv_ratio__fast_period10__slow_period100__thresh_hi2.0__thresh_lo0.5,hv_ratio,ETH-USD,volatility,0.6843,-0.6091,-0.4045,148
zscore_trend__z_period20__trend_period50__z_thresh1.5,zscore_trend,ETH-USD,meanrev,-0.0845,-0.525,-0.2011,82
zscore_trend__z_period20__trend_period50__z_thresh1.0,zscore_trend,ETH-USD,meanrev,-0.1803,-0.857,-0.4053,134
zscore_trend__z_period20__trend_period100__z_thresh1.5,zscore_trend,ETH-USD,meanrev,-0.5773,0.8291,-0.1846,148
zscore_trend__z_period30__trend_period100__z_thresh2.0,zscore_trend,ETH-USD,meanrev,-0.3125,0.6902,-0.0729,24
cmo_fisher__fisher_period10__cmo_period14__score_thresh0.3,cmo_fisher,ETH-USD,trend,0.163,0.3476,-0.3608,542
cmo_fisher__fisher_period10__cmo_period14__score_thresh0.2,cmo_fisher,ETH-USD,trend,0.5355,0.0115,-0.5653,625
cmo_fisher__fisher_period14__cmo_period20__score_thresh0.3,cmo_fisher,ETH-USD,trend,0.4931,0.202,-0.3745,412
cmo_fisher__fisher_period8__cmo_period14__score_thresh0.2,cmo_fisher,ETH-USD,trend,0.4562,-0.1173,-0.6567,700
rvi_divergence__rvi_period10__lookback5,rvi_divergence,ETH-USD,meanrev,0.1794,-0.8235,-0.0765,16
rvi_divergence__rvi_period10__lookback8,rvi_divergence,ETH-USD,meanrev,0.0,-0.3747,-0.2179,2
rvi_divergence__rvi_period14__lookback5,rvi_divergence,ETH-USD,meanrev,0.1794,-0.8235,-0.0765,16
adaptive_rsi__base_period14__fast_n2__slow_n30,adaptive_rsi,ETH-USD,meanrev,-0.9392,-0.1702,-0.8752,163
adaptive_rsi__base_period14__fast_n2__slow_n60,adaptive_rsi,ETH-USD,meanrev,-0.8678,-0.072,-0.7932,158
adaptive_rsi__base_period9__fast_n2__slow_n30,adaptive_rsi,ETH-USD,meanrev,-0.8516,-0.1094,-0.7323,226
adaptive_rsi__base_period21__fast_n2__slow_n30,adaptive_rsi,ETH-USD,meanrev,-0.8119,-0.3769,-0.7888,107
elder_impulse__ema_period8,elder_impulse,ETH-USD,composite,0.7711,0.6007,-0.4926,959
elder_impulse__ema_period13,elder_impulse,ETH-USD,composite,1.0026,0.3306,-0.5601,899
elder_impulse__ema_period20,elder_impulse,ETH-USD,composite,1.1418,0.5193,-0.39,836
klinger_osc__fast34__slow55__signal13,klinger_osc,ETH-USD,volume,0.475,0.5469,-0.6017,587
klinger_osc__fast21__slow34__signal9,klinger_osc,ETH-USD,volume,0.0234,0.3082,-0.8054,725
klinger_osc__fast55__slow89__signal13,klinger_osc,ETH-USD,volume,0.3937,0.9653,-0.4004,523
price_oscillator__fast10__slow30__signal9,price_oscillator,ETH-USD,trend,0.4739,0.7188,-0.6541,195
price_oscillator__fast12__slow26__signal9,price_oscillator,ETH-USD,trend,0.4497,0.5798,-0.7311,191
price_oscillator__fast5__slow20__signal5,price_oscillator,ETH-USD,trend,0.4679,-0.0032,-0.7566,376
price_oscillator__fast20__slow50__signal9,price_oscillator,ETH-USD,trend,0.6897,1.0335,-0.4609,127
baz_trend__ewmstd_span42,baz_trend,ETH-USD,trend,0.531,0.5121,-0.6881,47
baz_trend__ewmstd_span63,baz_trend,ETH-USD,trend,0.531,0.5121,-0.6881,47
baz_trend__ewmstd_span126,baz_trend,ETH-USD,trend,0.531,0.5121,-0.6881,47
intermediate_mom__start252__end126,intermediate_mom,ETH-USD,trend,0.2337,-0.2307,-0.904,55
intermediate_mom__start189__end105,intermediate_mom,ETH-USD,trend,0.7034,-0.4454,-0.9209,119
intermediate_mom__start168__end84,intermediate_mom,ETH-USD,trend,0.9583,-0.7413,-0.9534,119
intermediate_mom__start252__end63,intermediate_mom,ETH-USD,trend,0.2423,0.125,-0.7405,53
mom_crash_protect__bear_lookback504__bear_thresh-0.2__damp0.0,mom_crash_protect,ETH-USD,trend,0.3715,0.2938,-0.6827,133
mom_crash_protect__bear_lookback504__bear_thresh-0.2__damp0.25,mom_crash_protect,ETH-USD,trend,0.3318,0.2682,-0.6987,134
mom_crash_protect__bear_lookback252__bear_thresh-0.2__damp0.0,mom_crash_protect,ETH-USD,trend,0.0854,0.3342,-0.6335,114
mom_crash_protect__bear_lookback504__bear_thresh-0.25__damp0.0,mom_crash_protect,ETH-USD,trend,0.3398,0.2761,-0.6827,123
consistent_mom__consistency_thresh0.5,consistent_mom,ETH-USD,trend,0.3545,0.6494,-0.5149,297
consistent_mom__consistency_thresh0.58,consistent_mom,ETH-USD,trend,0.4453,0.4534,-0.4606,364
consistent_mom__consistency_thresh0.67,consistent_mom,ETH-USD,trend,-0.1444,0.2825,-0.1355,170
signed_range_mom__period10__threshold0.1,signed_range_mom,ETH-USD,trend,0.8401,0.8454,-0.3693,698
signed_range_mom__period21__threshold0.1,signed_range_mom,ETH-USD,trend,0.3016,0.0352,-0.6742,512
signed_range_mom__period21__threshold0.15,signed_range_mom,ETH-USD,trend,0.525,-0.1246,-0.6957,460
signed_range_mom__period42__threshold0.1,signed_range_mom,ETH-USD,trend,0.4697,-0.856,-0.9155,291
signed_range_mom__period63__threshold0.1,signed_range_mom,ETH-USD,trend,0.0106,0.0902,-0.6954,200
multi_tsmom,multi_tsmom,ETH-USD,trend,0.5612,0.4806,-0.5554,215
"multi_tsmom__lookbacks(63, 126, 252)",multi_tsmom,ETH-USD,trend,0.4369,0.7929,-0.5814,69
"multi_tsmom__lookbacks(21, 63, 252)",multi_tsmom,ETH-USD,trend,0.5588,0.1984,-0.7315,158
"multi_tsmom__lookbacks(21, 63, 126, 252)__weights(0.4, 0.3, 0.2, 0.1)",multi_tsmom,ETH-USD,trend,0.4496,0.0784,-0.8074,173
"multi_tsmom__lookbacks(21, 63, 126, 252)__weights(0.1, 0.2, 0.3, 0.4)",multi_tsmom,ETH-USD,trend,0.6154,0.5007,-0.5814,120
ma_crossover__fast5__slow20__kindsma,ma_crossover,AAPL,trend,0.2987,0.5,-0.5463,197
ma_crossover__fast10__slow30__kindsma,ma_crossover,AAPL,trend,0.334,0.5512,-0.4814,129
ma_crossover__fast20__slow50__kindsma,ma_crossover,AAPL,trend,0.0331,0.586,-0.3927,84
ma_crossover__fast50__slow100__kindsma,ma_crossover,AAPL,trend,0.3117,0.3287,-0.3921,36
ma_crossover__fast50__slow200__kindsma,ma_crossover,AAPL,trend,0.8274,0.2167,-0.4566,12
ma_crossover__fast100__slow200__kindsma,ma_crossover,AAPL,trend,0.6861,0.1843,-0.4275,10
ma_crossover__fast10__slow50__kindsma,ma_crossover,AAPL,trend,0.266,0.6716,-0.4428,92
ma_crossover__fast20__slow100__kindsma,ma_crossover,AAPL,trend,0.1787,0.6255,-0.3329,48
ma_crossover__fast5__slow20__kindema,ma_crossover,AAPL,trend,0.3205,0.5911,-0.5289,201
ma_crossover__fast12__slow26__kindema,ma_crossover,AAPL,trend,0.0694,0.6147,-0.4164,127
ma_crossover__fast10__slow50__kindema,ma_crossover,AAPL,trend,0.2644,0.5525,-0.3683,103
ma_crossover__fast20__slow100__kindema,ma_crossover,AAPL,trend,0.4891,0.3555,-0.5068,41
ts_momentum__period21,ts_momentum,AAPL,trend,0.4582,0.8595,-0.2907,310
ts_momentum__period42,ts_momentum,AAPL,trend,0.0808,0.5601,-0.3514,214
ts_momentum__period63,ts_momentum,AAPL,trend,0.2551,0.4734,-0.3794,156
ts_momentum__period126,ts_momentum,AAPL,trend,0.8475,0.6216,-0.3377,72
ts_momentum__period252,ts_momentum,AAPL,trend,0.3324,0.624,-0.4187,68
roc_momentum__period5,roc_momentum,AAPL,trend,0.5939,0.2709,-0.4701,682
roc_momentum__period10,roc_momentum,AAPL,trend,0.3175,0.7077,-0.3488,459
roc_momentum__period20,roc_momentum,AAPL,trend,0.3981,0.6204,-0.4144,339
roc_momentum__period30,roc_momentum,AAPL,trend,0.1631,0.5963,-0.4227,297
roc_momentum__period60,roc_momentum,AAPL,trend,0.4606,0.8143,-0.3523,174
macd_signal__fast12__slow26__signal9,macd_signal,AAPL,trend,0.3345,0.5845,-0.2497,282
macd_signal__fast8__slow17__signal9,macd_signal,AAPL,trend,0.2619,0.4814,-0.3367,366
macd_signal__fast5__slow35__signal5,macd_signal,AAPL,trend,0.0938,0.1667,-0.2983,520
macd_signal__fast3__slow10__signal16,macd_signal,AAPL,trend,0.2644,-0.0629,-0.391,540
donchian_breakout__period10,donchian_breakout,AAPL,trend,0.4602,0.5654,-0.1107,985
donchian_breakout__period20,donchian_breakout,AAPL,trend,0.3751,0.6329,-0.1223,732
donchian_breakout__period30,donchian_breakout,AAPL,trend,0.2666,0.6128,-0.1426,626
donchian_breakout__period40,donchian_breakout,AAPL,trend,0.0684,0.8591,-0.1077,548
donchian_breakout__period55,donchian_breakout,AAPL,trend,-0.0287,0.9099,-0.1169,482
bb_breakout__period20__std1.5,bb_breakout,AAPL,trend,0.2747,0.2128,-0.181,726
bb_breakout__period20__std2.0,bb_breakout,AAPL,trend,0.3033,-0.3523,-0.237,408
bb_breakout__period20__std2.5,bb_breakout,AAPL,trend,0.2533,-0.1739,-0.0952,138
bb_breakout__period30__std2.0,bb_breakout,AAPL,trend,-0.0483,-0.2993,-0.2812,404
bb_breakout__period50__std2.0,bb_breakout,AAPL,trend,-0.1208,0.3576,-0.2162,310
supertrend__period7__mult2.0,supertrend,AAPL,trend,0.2163,0.6007,-0.3824,206
supertrend__period7__mult3.0,supertrend,AAPL,trend,0.241,0.2482,-0.4402,120
supertrend__period10__mult3.0,supertrend,AAPL,trend,0.4243,0.3389,-0.3994,116
supertrend__period14__mult2.0,supertrend,AAPL,trend,0.0335,0.6978,-0.2235,218
supertrend__period14__mult3.0,supertrend,AAPL,trend,0.4081,0.6625,-0.3303,114
parabolic_sar__step0.01__max_af0.1,parabolic_sar,AAPL,trend,0.4641,0.8215,-0.2719,190
parabolic_sar__step0.02__max_af0.2,parabolic_sar,AAPL,trend,0.0986,0.4142,-0.3711,334
parabolic_sar__step0.03__max_af0.2,parabolic_sar,AAPL,trend,0.0775,0.1547,-0.3849,418
parabolic_sar__step0.05__max_af0.2,parabolic_sar,AAPL,trend,0.4303,-0.1197,-0.4228,515
adx_trend__period14__threshold20,adx_trend,AAPL,trend,0.193,0.7362,-0.2496,256
adx_trend__period14__threshold25,adx_trend,AAPL,trend,0.3148,0.5567,-0.2569,195
adx_trend__period14__threshold30,adx_trend,AAPL,trend,0.2857,0.4843,-0.2408,141
adx_trend__period21__threshold20,adx_trend,AAPL,trend,0.1799,0.0737,-0.4623,150
adx_trend__period21__threshold25,adx_trend,AAPL,trend,0.2315,0.2767,-0.298,88
ichimoku__tenkan9__kijun26__senkou_b52,ichimoku,AAPL,trend,0.3814,0.6819,-0.3668,433
ichimoku__tenkan7__kijun22__senkou_b44,ichimoku,AAPL,trend,0.5398,0.783,-0.4143,472
linreg_slope__period10,linreg_slope,AAPL,trend,0.1163,0.6174,-0.3183,347
linreg_slope__period20,linreg_slope,AAPL,trend,0.4009,0.5889,-0.5683,163
linreg_slope__period30,linreg_slope,AAPL,trend,0.1025,0.7217,-0.3012,123
linreg_slope__period50,linreg_slope,AAPL,trend,0.1296,0.4046,-0.5075,74
aroon__period14,aroon,AAPL,trend,0.6066,0.4222,-0.5131,231
aroon__period25,aroon,AAPL,trend,0.1778,0.4535,-0.4504,131
aroon__period50,aroon,AAPL,trend,0.2544,0.205,-0.5387,78
vortex__period10,vortex,AAPL,trend,0.3089,1.1183,-0.3189,399
vortex__period14,vortex,AAPL,trend,0.5048,0.5413,-0.5238,325
vortex__period21,vortex,AAPL,trend,0.2022,0.9314,-0.344,271
trix__period9,trix,AAPL,trend,0.4104,0.5618,-0.5297,134
trix__period12,trix,AAPL,trend,0.1015,0.4802,-0.5217,112
trix__period18,trix,AAPL,trend,0.2243,0.7757,-0.454,74
hull_ma__period14,hull_ma,AAPL,trend,0.3804,0.0853,-0.4046,546
hull_ma__period20,hull_ma,AAPL,trend,0.1399,0.2756,-0.4081,375
hull_ma__period30,hull_ma,AAPL,trend,0.2513,0.9125,-0.3426,276
hull_ma__period50,hull_ma,AAPL,trend,0.4064,0.6885,-0.4194,174
kama__period5,kama,AAPL,trend,0.0111,-0.6854,-0.6962,2002
kama__period10,kama,AAPL,trend,0.1329,0.0,0.0,143
kama__period20,kama,AAPL,trend,-0.9345,0.0,0.0,40
turtle__entry20__exit_p10,turtle,AAPL,trend,0.3751,0.6329,-0.1223,732
turtle__entry55__exit_p20,turtle,AAPL,trend,-0.0287,0.9099,-0.1169,482
turtle__entry10__exit_p5,turtle,AAPL,trend,0.4602,0.5654,-0.1107,985
dual_momentum__period63,dual_momentum,AAPL,trend,0.8505,0.7339,-0.2719,157
dual_momentum__period126,dual_momentum,AAPL,trend,1.1354,0.7271,-0.323,73
dual_momentum__period252,dual_momentum,AAPL,trend,0.7893,0.6363,-0.4174,69
elder_ray__period13,elder_ray,AAPL,trend,0.4559,0.5135,-0.4914,521
elder_ray__period21,elder_ray,AAPL,trend,0.4895,0.7315,-0.3278,401
elder_ray__period34,elder_ray,AAPL,trend,0.3787,0.2883,-0.5203,325
rsi_reversion__period7__lo30__hi70,rsi_reversion,AAPL,meanrev,-0.1623,-0.3514,-0.2902,690
rsi_reversion__period7__lo25__hi75,rsi_reversion,AAPL,meanrev,-0.3372,-0.1541,-0.2011,472
rsi_reversion__period14__lo30__hi70,rsi_reversion,AAPL,meanrev,-0.2398,-0.5652,-0.2993,264
rsi_reversion__period14__lo25__hi75,rsi_reversion,AAPL,meanrev,-0.25,-0.6539,-0.2424,140
rsi_reversion__period14__lo35__hi65,rsi_reversion,AAPL,meanrev,-0.1524,-0.2958,-0.286,442
rsi_reversion__period21__lo30__hi70,rsi_reversion,AAPL,meanrev,-0.2671,-0.1353,-0.2788,148
rsi_reversion__period21__lo25__hi75,rsi_reversion,AAPL,meanrev,-0.0966,-0.6501,-0.2104,72
rsi_reversion__period28__lo30__hi70,rsi_reversion,AAPL,meanrev,-0.0972,-1.031,-0.2978,66
rsi_reversion__period30__lo30__hi70,rsi_reversion,AAPL,meanrev,0.0539,-0.782,-0.2588,62
rsi_reversion__period30__lo25__hi75,rsi_reversion,AAPL,meanrev,0.0246,-0.2468,-0.0968,36
bb_reversion__period20__std1.5,bb_reversion,AAPL,meanrev,-0.3412,-0.2739,-0.2919,726
bb_reversion__period20__std2.0,bb_reversion,AAPL,meanrev,-0.3659,0.2963,-0.1082,408
bb_reversion__period20__std2.5,bb_reversion,AAPL,meanrev,-0.2959,0.1367,-0.068,138
bb_reversion__period30__std2.0,bb_reversion,AAPL,meanrev,-0.0112,0.2497,-0.1148,404
bb_reversion__period30__std2.5,bb_reversion,AAPL,meanrev,-0.5131,0.469,-0.0444,138
bb_reversion__period50__std2.0,bb_reversion,AAPL,meanrev,0.077,-0.3935,-0.2501,310
zscore_reversion__period10__threshold1.0,zscore_reversion,AAPL,meanrev,-0.3827,-0.1401,-0.2949,1226
zscore_reversion__period20__threshold1.5,zscore_reversion,AAPL,meanrev,-0.3412,-0.2739,-0.2919,726
zscore_reversion__period20__threshold2.0,zscore_reversion,AAPL,meanrev,-0.3659,0.2963,-0.1082,408
zscore_reversion__period30__threshold1.5,zscore_reversion,AAPL,meanrev,-0.3218,-0.4727,-0.3694,574
zscore_reversion__period30__threshold2.0,zscore_reversion,AAPL,meanrev,-0.0112,0.2497,-0.1148,404
zscore_reversion__period60__threshold2.0,zscore_reversion,AAPL,meanrev,0.0067,-0.784,-0.3981,260
stochastic__k5__d3__lo20__hi80,stochastic,AAPL,meanrev,0.1137,-0.0991,-0.2767,860
stochastic__k14__d3__lo20__hi80,stochastic,AAPL,meanrev,-0.3188,-0.4182,-0.3489,610
stochastic__k14__d3__lo30__hi70,stochastic,AAPL,meanrev,-0.4079,-0.4312,-0.464,601
stochastic__k14__d5__lo20__hi80,stochastic,AAPL,meanrev,-0.3971,-0.2139,-0.268,437
stochastic__k21__d3__lo20__hi80,stochastic,AAPL,meanrev,-0.3247,-0.1923,-0.2999,501
cci_reversion__period14__threshold100,cci_reversion,AAPL,meanrev,-0.408,-0.1834,-0.3051,878
cci_reversion__period14__threshold150,cci_reversion,AAPL,meanrev,-0.4746,-0.4164,-0.2588,560
cci_reversion__period20__threshold100,cci_reversion,AAPL,meanrev,-0.4121,-0.3522,-0.3922,700
cci_reversion__period20__threshold150,cci_reversion,AAPL,meanrev,-0.295,0.1054,-0.1672,474
cci_reversion__period30__threshold100,cci_reversion,AAPL,meanrev,-0.3517,-0.3619,-0.3965,557
williams_r__period14__lo-80__hi-20,williams_r,AAPL,meanrev,-0.3745,-0.1038,-0.2268,1034
williams_r__period14__lo-90__hi-10,williams_r,AAPL,meanrev,-0.4856,-0.5751,-0.3383,969
williams_r__period21__lo-80__hi-20,williams_r,AAPL,meanrev,-0.5356,-0.1373,-0.2901,808
williams_r__period28__lo-80__hi-20,williams_r,AAPL,meanrev,-0.4892,-0.5055,-0.4383,668
keltner_reversion__period20__mult1.5,keltner_reversion,AAPL,meanrev,-0.079,-0.5243,-0.4003,672
keltner_reversion__period20__mult2.0,keltner_reversion,AAPL,meanrev,0.267,0.0898,-0.2388,506
keltner_reversion__period20__mult2.5,keltner_reversion,AAPL,meanrev,0.0911,-0.6251,-0.33,314
keltner_reversion__period30__mult2.0,keltner_reversion,AAPL,meanrev,-0.1129,-0.4019,-0.3357,502
vwap_reversion__period20__z_thresh1.0,vwap_reversion,AAPL,meanrev,-0.4645,-0.202,-0.3854,733
vwap_reversion__period20__z_thresh1.5,vwap_reversion,AAPL,meanrev,-0.4347,-0.4219,-0.3565,617
vwap_reversion__period20__z_thresh2.0,vwap_reversion,AAPL,meanrev,-0.401,-0.5926,-0.4248,446
percent_b__period20__std2.0__lo0.05__hi0.95,percent_b,AAPL,meanrev,-0.3424,0.1321,-0.1531,552
percent_b__period20__std2.0__lo0.1__hi0.9,percent_b,AAPL,meanrev,-0.3752,-0.0542,-0.2013,708
percent_b__period20__std2.0__lo0.2__hi0.8,percent_b,AAPL,meanrev,-0.2778,-0.4535,-0.3997,799
percent_b__period30__std2.0__lo0.2__hi0.8,percent_b,AAPL,meanrev,-0.4032,-0.4228,-0.4227,676
connors_rsi__rsi_period3__streak_period2__rank_period100,connors_rsi,AAPL,meanrev,-0.2588,0.108,-0.2278,1185
connors_rsi__rsi_period2__streak_period3__rank_period100,connors_rsi,AAPL,meanrev,-0.303,0.2595,-0.2055,1220
ultimate_osc__p17__p214__p328,ultimate_osc,AAPL,meanrev,-0.5606,0.1695,-0.12,184
ultimate_osc__p14__p28__p316,ultimate_osc,AAPL,meanrev,-0.382,-0.1412,-0.131,520
gap_fade__threshold0.01,gap_fade,AAPL,meanrev,-0.3947,-0.5977,-0.3356,1131
gap_fade__threshold0.015,gap_fade,AAPL,meanrev,-0.3681,-0.3264,-0.2385,615
gap_fade__threshold0.02,gap_fade,AAPL,meanrev,0.0403,-0.5198,-0.1726,378
obv_trend__period10,obv_trend,AAPL,volume,-0.1498,0.2291,-0.4852,787
obv_trend__period20,obv_trend,AAPL,volume,0.2089,0.722,-0.4422,514
obv_trend__period50,obv_trend,AAPL,volume,-0.1485,0.6057,-0.4094,312
chaikin_mf__period10,chaikin_mf,AAPL,volume,-0.3761,-0.1259,-0.6848,547
chaikin_mf__period20,chaikin_mf,AAPL,volume,0.185,-0.5796,-0.7998,371
chaikin_mf__period21,chaikin_mf,AAPL,volume,0.1294,-0.3058,-0.707,367
mfi__period10,mfi,AAPL,volume,0.1008,0.1385,-0.1519,354
mfi__period14,mfi,AAPL,volume,0.4314,-0.4737,-0.1681,162
mfi__period21,mfi,AAPL,volume,0.2539,0.1992,-0.0736,60
volume_surge__period10__mult1.5,volume_surge,AAPL,volume,-0.2932,0.3943,-0.0922,406
volume_surge__period20__mult2.0,volume_surge,AAPL,volume,0.3289,0.7758,-0.0511,139
volume_surge__period20__mult3.0,volume_surge,AAPL,volume,-0.0815,0.4778,-0.0093,22
force_index__period2,force_index,AAPL,volume,-0.049,-0.6254,-0.7101,1359
force_index__period13,force_index,AAPL,volume,0.1866,0.5741,-0.3482,458
force_index__period20,force_index,AAPL,volume,0.176,0.3895,-0.4156,382
chaikin_osc__fast3__slow10,chaikin_osc,AAPL,volume,-0.2081,-0.0317,-0.655,426
chaikin_osc__fast3__slow12,chaikin_osc,AAPL,volume,0.078,-0.2992,-0.7393,372
chaikin_osc__fast5__slow12,chaikin_osc,AAPL,volume,0.0568,-0.4202,-0.743,286
atr_breakout__period10__mult1.5,atr_breakout,AAPL,volatility,0.1872,-0.234,-0.3296,636
atr_breakout__period14__mult1.5,atr_breakout,AAPL,volatility,0.1939,0.1891,-0.2499,676
atr_breakout__period14__mult2.0,atr_breakout,AAPL,volatility,-0.2671,-0.094,-0.3255,510
atr_breakout__period20__mult2.0,atr_breakout,AAPL,volatility,0.032,0.2447,-0.3106,516
atr_breakout__period20__mult2.5,atr_breakout,AAPL,volatility,-0.124,-0.2793,-0.4479,394
vol_breakout__period10__mult0.5,vol_breakout,AAPL,volatility,0.1571,0.2115,-0.4037,2496
vol_breakout__period20__mult1.0,vol_breakout,AAPL,volatility,-0.0832,0.1549,-0.2438,2076
vol_breakout__period20__mult1.5,vol_breakout,AAPL,volatility,-0.0367,-0.1305,-0.3211,1324
vol_breakout__period30__mult1.0,vol_breakout,AAPL,volatility,-0.1182,0.2378,-0.2114,2046
squeeze_breakout__bb_period20__kc_period20__bb_std2.0__kc_mult1.5,squeeze_breakout,AAPL,volatility,0.2159,0.4663,-0.4732,164
squeeze_breakout__bb_period20__kc_period20__bb_std2.0__kc_mult1.0,squeeze_breakout,AAPL,volatility,0.2099,0.6623,-0.4218,109
squeeze_breakout__bb_period30__kc_period30__bb_std2.0__kc_mult1.5,squeeze_breakout,AAPL,volatility,0.2826,0.6998,-0.3798,78
engulfing,engulfing,AAPL,pattern,0.1287,0.4863,-0.0912,555
three_bar_reversal,three_bar_reversal,AAPL,pattern,0.3102,0.1381,-0.2107,984
higher_highs_lows__period5,higher_highs_lows,AAPL,pattern,0.3326,0.4939,-0.3486,778
higher_highs_lows__period10,higher_highs_lows,AAPL,pattern,0.3085,0.3106,-0.5693,395
higher_highs_lows__period20,higher_highs_lows,AAPL,pattern,0.2031,0.7415,-0.3109,205
pivot_bounce__period5,pivot_bounce,AAPL,pattern,-0.6888,-0.6246,-0.5055,1166
pivot_bounce__period10,pivot_bounce,AAPL,pattern,-0.4801,-1.0158,-0.52,1135
pivot_bounce__period20,pivot_bounce,AAPL,pattern,-0.5265,-0.3739,-0.299,868
macd_rsi_combo__fast12__slow26__signal9__rsi_period14__rsi_lo40__rsi_hi60,macd_rsi_combo,AAPL,composite,0.0085,0.293,-0.1755,564
macd_rsi_combo__fast12__slow26__signal9__rsi_period14__rsi_lo45__rsi_hi55,macd_rsi_combo,AAPL,composite,0.2668,0.6076,-0.23,606
macd_rsi_combo__fast8__slow21__signal5__rsi_period14__rsi_lo40__rsi_hi60,macd_rsi_combo,AAPL,composite,0.0042,0.2357,-0.1826,613
macd_rsi_combo__fast5__slow35__signal5__rsi_period14__rsi_lo40__rsi_hi60,macd_rsi_combo,AAPL,composite,-0.0503,0.2656,-0.1692,657
triple_screen__trend_period20__osc_period14__osc_lo40__osc_hi60,triple_screen,AAPL,composite,0.1368,0.0,0.0,2
triple_screen__trend_period30__osc_period14__osc_lo40__osc_hi60,triple_screen,AAPL,composite,0.1368,0.0,0.0,2
triple_screen__trend_period50__osc_period14__osc_lo35__osc_hi65,triple_screen,AAPL,composite,0.0,0.0,0.0,0
triple_screen__trend_period20__osc_period7__osc_lo30__osc_hi70,triple_screen,AAPL,composite,0.0,0.0,0.0,0
chandelier_exit__period14__mult2.0,chandelier_exit,AAPL,composite,0.4745,0.5149,-0.4652,524
chandelier_exit__period22__mult3.0,chandelier_exit,AAPL,composite,0.398,0.552,-0.5527,339
chandelier_exit__period22__mult2.0,chandelier_exit,AAPL,composite,0.5748,0.3465,-0.4972,620
chandelier_exit__period10__mult2.0,chandelier_exit,AAPL,composite,0.3685,0.201,-0.4193,525
high52_momentum__period252__threshold0.7,high52_momentum,AAPL,trend,0.3108,0.5342,-0.3104,183
high52_momentum__period252__threshold0.75,high52_momentum,AAPL,trend,0.1844,0.4381,-0.3187,221
high52_momentum__period252__threshold0.8,high52_momentum,AAPL,trend,0.2157,0.7273,-0.2448,227
high52_momentum__period126__threshold0.7,high52_momentum,AAPL,trend,0.3465,0.6258,-0.3414,285
high52_momentum__period126__threshold0.75,high52_momentum,AAPL,trend,0.445,0.2728,-0.4513,289
short_reversal__period5,short_reversal,AAPL,meanrev,-0.6573,-0.3475,-0.6286,682
short_reversal__period10,short_reversal,AAPL,meanrev,-0.3627,-0.7558,-0.6697,459
short_reversal__period15,short_reversal,AAPL,meanrev,-0.4351,-0.3665,-0.6064,379
short_reversal__period20,short_reversal,AAPL,meanrev,-0.4324,-0.6546,-0.6763,339
low_vol_regime__period20__ma_period60,low_vol_regime,AAPL,volatility,0.7521,-0.1806,-0.3148,154
low_vol_regime__period20__ma_period120,low_vol_regime,AAPL,volatility,0.7608,0.1737,-0.3421,160
low_vol_regime__period60__ma_period120,low_vol_regime,AAPL,volatility,0.4272,0.839,-0.356,57
low_vol_regime__period20__ma_period252,low_vol_regime,AAPL,volatility,0.696,0.4109,-0.3119,162
low_vol_regime__period60__ma_period252,low_vol_regime,AAPL,volatility,0.4255,0.3834,-0.3193,52
low_vol_regime__period120__ma_period252,low_vol_regime,AAPL,volatility,0.2308,1.097,-0.112,24
nr_breakout__nr_period4__exit_bars3,nr_breakout,AAPL,pattern,0.1089,0.4077,-0.221,981
nr_breakout__nr_period4__exit_bars5,nr_breakout,AAPL,pattern,-0.0725,0.5019,-0.1942,784
nr_breakout__nr_period7__exit_bars3,nr_breakout,AAPL,pattern,0.7449,0.1062,-0.2425,720
nr_breakout__nr_period7__exit_bars5,nr_breakout,AAPL,pattern,0.3476,0.3437,-0.2438,629
nr_breakout__nr_period10__exit_bars5,nr_breakout,AAPL,pattern,0.4057,0.4756,-0.2139,473
nr_breakout__nr_period10__exit_bars10,nr_breakout,AAPL,pattern,0.1542,0.5942,-0.1661,387
overnight_gap__period1__threshold0.001,overnight_gap,AAPL,volume,-0.3292,0.1809,-0.3243,2303
overnight_gap__period1__threshold0.003,overnight_gap,AAPL,volume,-0.1915,0.4466,-0.272,2390
overnight_gap__period3__threshold0.001,overnight_gap,AAPL,volume,-0.1438,-0.4711,-0.6294,1436
overnight_gap__period3__threshold0.003,overnight_gap,AAPL,volume,0.1619,-0.7226,-0.5687,1300
overnight_gap__period5__threshold0.001,overnight_gap,AAPL,volume,-0.0842,0.2967,-0.4007,1177
overnight_gap__period5__threshold0.003,overnight_gap,AAPL,volume,-0.0472,-0.2496,-0.379,886
coppock_curve__roc1252__roc2189__wma_period63,coppock_curve,AAPL,trend,0.58,0.4961,-0.4238,12
coppock_curve__roc1189__roc2126__wma_period42,coppock_curve,AAPL,trend,0.8011,0.4302,-0.4297,12
coppock_curve__roc1126__roc2100__wma_period21,coppock_curve,AAPL,trend,0.8687,0.6454,-0.3668,16
bll_filter__pct0.005__hold0,bll_filter,AAPL,trend,-0.0765,-0.2416,-0.5428,1335
bll_filter__pct0.01__hold0,bll_filter,AAPL,trend,0.2908,-0.0762,-0.5042,903
bll_filter__pct0.02__hold0,bll_filter,AAPL,trend,0.0997,0.0741,-0.3988,567
bll_filter__pct0.005__hold10,bll_filter,AAPL,trend,-0.1344,-0.3026,-0.5546,1385
bll_filter__pct0.01__hold10,bll_filter,AAPL,trend,0.1985,0.0319,-0.4679,1019
bll_filter__pct0.01__hold20,bll_filter,AAPL,trend,0.2777,-0.0584,-0.5042,914
bll_filter__pct0.02__hold10,bll_filter,AAPL,trend,0.0277,0.0259,-0.3893,750
frog_in_pan__lookback252__skip21__id_cutoff0.5,frog_in_pan,AAPL,trend,0.4731,0.7435,-0.4134,112
frog_in_pan__lookback252__skip21__id_cutoff0.45,frog_in_pan,AAPL,trend,0.4337,-0.1867,-0.1467,109
frog_in_pan__lookback252__skip0__id_cutoff0.5,frog_in_pan,AAPL,trend,0.6303,0.5923,-0.4433,112
frog_in_pan__lookback126__skip21__id_cutoff0.5,frog_in_pan,AAPL,trend,0.8762,-0.2713,-0.6251,163
frog_in_pan__lookback126__skip21__id_cutoff0.45,frog_in_pan,AAPL,trend,0.5013,-0.1342,-0.305,177
vol_mom__mom_period126__vol_period126__skip21__vol_weight0.5,vol_mom,AAPL,composite,0.3185,0.1437,-0.4362,98
vol_mom__mom_period126__vol_period126__skip0__vol_weight0.5,vol_mom,AAPL,composite,0.595,0.1894,-0.3925,95
vol_mom__mom_period252__vol_period126__skip21__vol_weight0.5,vol_mom,AAPL,composite,0.1932,0.1949,-0.4684,93
vol_mom__mom_period63__vol_period63__skip0__vol_weight0.3,vol_mom,AAPL,composite,0.2933,0.4734,-0.3794,147
vol_mom__mom_period126__vol_period126__skip21__vol_weight0.3,vol_mom,AAPL,composite,0.7091,0.566,-0.4839,73
seasonality__n_years2,seasonality,AAPL,pattern,-0.0007,0.7575,-0.4195,87
seasonality__n_years3,seasonality,AAPL,pattern,0.4534,0.8052,-0.4195,89
seasonality__n_years5,seasonality,AAPL,pattern,0.4001,0.595,-0.3968,80
residual_mom__lookback252__skip21,residual_mom,AAPL,trend,0.3568,0.6281,-0.422,46
residual_mom__lookback252__skip0,residual_mom,AAPL,trend,0.5848,0.6204,-0.4273,46
residual_mom__lookback126__skip21,residual_mom,AAPL,trend,0.791,0.5334,-0.477,84
vol_scaled_mom__rv_window21__vol_target0.12__damp0.5,vol_scaled_mom,AAPL,trend,0.4291,0.7312,-0.2059,3409
vol_scaled_mom__rv_window21__vol_target0.08__damp0.5,vol_scaled_mom,AAPL,trend,0.4502,0.7072,-0.1433,3497
vol_scaled_mom__rv_window63__vol_target0.12__damp0.5,vol_scaled_mom,AAPL,trend,0.2813,0.7298,-0.218,3497
vol_scaled_mom__rv_window21__vol_target0.12__damp0.0,vol_scaled_mom,AAPL,trend,0.4389,0.7312,-0.2059,3385
vol_scaled_mom__rv_window21__vol_target0.15__damp0.5,vol_scaled_mom,AAPL,trend,0.4116,0.7835,-0.2412,3178
dema_crossover__fast5__slow20,dema_crossover,AAPL,trend,0.3538,0.5582,-0.2228,400
dema_crossover__fast10__slow40,dema_crossover,AAPL,trend,-0.1598,0.6478,-0.4344,209
dema_crossover__fast12__slow26,dema_crossover,AAPL,trend,0.2243,0.7667,-0.2815,213
dema_crossover__fast20__slow50,dema_crossover,AAPL,trend,-0.1091,0.6694,-0.4852,135
dema_crossover__fast10__slow30,dema_crossover,AAPL,trend,0.1648,0.8372,-0.3038,215
tema_crossover__fast5__slow20,tema_crossover,AAPL,trend,-0.0255,-0.5818,-0.6115,552
tema_crossover__fast10__slow40,tema_crossover,AAPL,trend,0.2303,0.603,-0.2566,268
tema_crossover__fast12__slow26,tema_crossover,AAPL,trend,0.1813,0.0189,-0.4126,286
tema_crossover__fast20__slow50,tema_crossover,AAPL,trend,0.0806,1.1144,-0.3343,157
tema_crossover__fast10__slow30,tema_crossover,AAPL,trend,0.0634,0.3173,-0.3424,316
price_acceleration__period10__smooth3,price_acceleration,AAPL,trend,0.3484,-0.4563,-0.5469,1014
price_acceleration__period20__smooth5,price_acceleration,AAPL,trend,0.1951,-0.4964,-0.5887,737
price_acceleration__period20__smooth3,price_acceleration,AAPL,trend,0.4813,-0.7787,-0.7003,987
price_acceleration__period30__smooth5,price_acceleration,AAPL,trend,0.2453,-0.2081,-0.452,753
price_acceleration__period40__smooth10,price_acceleration,AAPL,trend,0.0538,0.4863,-0.4519,508
price_acceleration__period10__smooth5,price_acceleration,AAPL,trend,0.3635,-0.1236,-0.5979,752
turn_of_month__days_before3__days_after3,turn_of_month,AAPL,pattern,0.7568,0.364,-0.2658,360
turn_of_month__days_before4__days_after4,turn_of_month,AAPL,pattern,0.7815,0.2722,-0.3538,360
turn_of_month__days_before5__days_after5,turn_of_month,AAPL,pattern,0.8452,0.525,-0.4069,360
turn_of_month__days_before3__days_after5,turn_of_month,AAPL,pattern,0.9136,0.2557,-0.3948,360
trend_intensity__period20,trend_intensity,AAPL,trend,-0.0601,-0.0602,-0.3152,400
trend_intensity__period30,trend_intensity,AAPL,trend,0.1068,-0.2517,-0.1645,316
trend_intensity__period50,trend_intensity,AAPL,trend,-0.4837,-0.3449,-0.2557,200
trend_intensity__period63,trend_intensity,AAPL,trend,0.061,-0.7472,-0.4705,199
ma_regime_momentum__regime_ma200__mom_period126__skip21,ma_regime_momentum,AAPL,trend,0.6395,0.7353,-0.3534,138
ma_regime_momentum__regime_ma200__mom_period252__skip21,ma_regime_momentum,AAPL,trend,0.3536,0.8326,-0.322,137
ma_regime_momentum__regime_ma200__mom_period63__skip0,ma_regime_momentum,AAPL,trend,0.3514,0.6685,-0.2822,214
ma_regime_momentum__regime_ma100__mom_period126__skip21,ma_regime_momentum,AAPL,trend,0.5815,0.6014,-0.3382,223
ma_regime_momentum__regime_ma50__mom_period63__skip0,ma_regime_momentum,AAPL,trend,0.09,0.4594,-0.3648,384
fisher_transform__period5,fisher_transform,AAPL,trend,0.212,-0.5673,-0.6605,886
fisher_transform__period10,fisher_transform,AAPL,trend,0.3505,0.4561,-0.3294,540
fisher_transform__period20,fisher_transform,AAPL,trend,0.6159,0.7319,-0.2995,335
fisher_transform__period30,fisher_transform,AAPL,trend,0.4115,0.529,-0.4956,294
relative_vigor__period10,relative_vigor,AAPL,trend,-0.199,-0.9186,-0.7646,1131
relative_vigor__period14,relative_vigor,AAPL,trend,-0.199,-0.9186,-0.7646,1131
relative_vigor__period20,relative_vigor,AAPL,trend,-0.199,-0.9186,-0.7646,1131
chande_momentum__period14__threshold0.0,chande_momentum,AAPL,trend,0.6569,0.5098,-0.4313,386
chande_momentum__period20__threshold0.0,chande_momentum,AAPL,trend,0.3991,0.6204,-0.4144,340
chande_momentum__period20__threshold10.0,chande_momentum,AAPL,trend,0.6593,0.5536,-0.4255,568
chande_momentum__period30__threshold0.0,chande_momentum,AAPL,trend,0.1621,0.5963,-0.4227,298
chande_momentum__period9__threshold0.0,chande_momentum,AAPL,trend,0.2114,0.5148,-0.3602,490
demarker__period14__hi_thresh0.7__lo_thresh0.3,demarker,AAPL,meanrev,0.084,-0.427,-0.3718,516
demarker__period14__hi_thresh0.8__lo_thresh0.2,demarker,AAPL,meanrev,-0.046,-0.1587,-0.2383,296
demarker__period21__hi_thresh0.7__lo_thresh0.3,demarker,AAPL,meanrev,-0.0659,-0.3239,-0.3256,351
demarker__period9__hi_thresh0.7__lo_thresh0.3,demarker,AAPL,meanrev,-0.2016,-0.5605,-0.4465,701
stoch_rsi__rsi_period14__stoch_period14__lo20.0__hi80.0,stoch_rsi,AAPL,meanrev,-0.0431,-0.018,-0.3341,734
stoch_rsi__rsi_period14__stoch_period14__lo10.0__hi90.0,stoch_rsi,AAPL,meanrev,0.028,0.0851,-0.2637,642
stoch_rsi__rsi_period7__stoch_period14__lo20.0__hi80.0,stoch_rsi,AAPL,meanrev,0.0226,0.0097,-0.3108,782
stoch_rsi__rsi_period21__stoch_period21__lo20.0__hi80.0,stoch_rsi,AAPL,meanrev,-0.2926,-0.2633,-0.3888,558
hurst_regime__period100__trend_thresh0.55__mr_thresh0.45,hurst_regime,AAPL,trend,0.172,0.5593,-0.2566,391
hurst_regime__period60__trend_thresh0.55__mr_thresh0.45,hurst_regime,AAPL,trend,-0.4105,0.2712,-0.4189,519
hurst_regime__period100__trend_thresh0.58__mr_thresh0.42,hurst_regime,AAPL,trend,0.2212,-0.0047,-0.1717,178
psych_line__period12__hi_thresh75.0__lo_thresh25.0,psych_line,AAPL,meanrev,0.643,-0.225,-0.1653,132
psych_line__period12__hi_thresh65.0__lo_thresh35.0,psych_line,AAPL,meanrev,-0.113,-0.8251,-0.5289,589
psych_line__period20__hi_thresh70.0__lo_thresh30.0,psych_line,AAPL,meanrev,0.0307,-0.7488,-0.2726,105
er_regime__er_period10__mom_period20__er_thresh0.4,er_regime,AAPL,trend,-0.2759,0.0645,-0.4849,1471
er_regime__er_period10__mom_period20__er_thresh0.3,er_regime,AAPL,trend,-0.4753,0.5105,-0.3349,1447
er_regime__er_period14__mom_period20__er_thresh0.4,er_regime,AAPL,trend,-0.0911,-0.1559,-0.5625,1336
er_regime__er_period20__mom_period40__er_thresh0.4,er_regime,AAPL,trend,0.5052,-0.1182,-0.5127,953
er_regime__er_period10__mom_period10__er_thresh0.4,er_regime,AAPL,trend,-0.0416,0.0367,-0.4619,1635
mcginley_dynamic__fast5__slow20,mcginley_dynamic,AAPL,trend,0.4098,0.5241,-0.511,175
mcginley_dynamic__fast10__slow40,mcginley_dynamic,AAPL,trend,0.366,0.6792,-0.3848,87
mcginley_dynamic__fast12__slow26,mcginley_dynamic,AAPL,trend,0.1467,0.7063,-0.4156,103
mcginley_dynamic__fast5__slow14,mcginley_dynamic,AAPL,trend,0.4247,0.5319,-0.5116,209
cci_trend__period14__threshold50.0,cci_trend,AAPL,trend,0.5222,0.6953,-0.2714,831
cci_trend__period20__threshold50.0,cci_trend,AAPL,trend,0.6113,0.6312,-0.3858,670
cci_trend__period20__threshold100.0,cci_trend,AAPL,trend,0.3595,0.2994,-0.2473,700
cci_trend__period30__threshold50.0,cci_trend,AAPL,trend,0.5225,0.7552,-0.3172,529
cci_trend__period14__threshold100.0,cci_trend,AAPL,trend,0.3399,0.1185,-0.2272,878
volume_roc__period10__signal_period5,volume_roc,AAPL,volume,0.4546,0.6322,-0.2313,800
volume_roc__period14__signal_period10,volume_roc,AAPL,volume,0.5177,0.7396,-0.3366,602
volume_roc__period20__signal_period10,volume_roc,AAPL,volume,0.317,0.8388,-0.1943,543
volume_roc__period5__signal_period3,volume_roc,AAPL,volume,0.875,0.2692,-0.2915,1192
hv_ratio__fast_period10__slow_period100__thresh_hi1.5__thresh_lo0.7,hv_ratio,AAPL,volatility,0.569,0.0548,-0.2471,495
hv_ratio__fast_period10__slow_period60__thresh_hi1.5__thresh_lo0.7,hv_ratio,AAPL,volatility,0.1332,-0.3091,-0.3872,477
hv_ratio__fast_period21__slow_period100__thresh_hi1.5__thresh_lo0.7,hv_ratio,AAPL,volatility,0.4422,0.0687,-0.2109,202
hv_ratio__fast_period10__slow_period100__thresh_hi2.0__thresh_lo0.5,hv_ratio,AAPL,volatility,-0.1832,0.0563,-0.0926,178
zscore_trend__z_period20__trend_period50__z_thresh1.5,zscore_trend,AAPL,meanrev,-0.5807,0.1017,-0.0562,62
zscore_trend__z_period20__trend_period50__z_thresh1.0,zscore_trend,AAPL,meanrev,-0.5211,0.8113,-0.0485,156
zscore_trend__z_period20__trend_period100__z_thresh1.5,zscore_trend,AAPL,meanrev,-0.2397,0.1569,-0.1507,148
zscore_trend__z_period30__trend_period100__z_thresh2.0,zscore_trend,AAPL,meanrev,-0.3345,0.712,-0.0038,56
cmo_fisher__fisher_period10__cmo_period14__score_thresh0.3,cmo_fisher,AAPL,trend,0.1553,0.0439,-0.3135,796
cmo_fisher__fisher_period10__cmo_period14__score_thresh0.2,cmo_fisher,AAPL,trend,0.2004,-0.0108,-0.3294,921
cmo_fisher__fisher_period14__cmo_period20__score_thresh0.3,cmo_fisher,AAPL,trend,0.5319,0.3528,-0.2324,662
cmo_fisher__fisher_period8__cmo_period14__score_thresh0.2,cmo_fisher,AAPL,trend,0.3158,-0.2757,-0.4466,1022
rvi_divergence__rvi_period10__lookback5,rvi_divergence,AAPL,meanrev,-0.2126,0.3354,-0.054,26
rvi_divergence__rvi_period10__lookback8,rvi_divergence,AAPL,meanrev,0.0324,0.0,0.0,6
rvi_divergence__rvi_period14__lookback5,rvi_divergence,AAPL,meanrev,-0.2126,0.3354,-0.054,26
adaptive_rsi__base_period14__fast_n2__slow_n30,adaptive_rsi,AAPL,meanrev,-0.1509,-0.4519,-0.5799,261
adaptive_rsi__base_period14__fast_n2__slow_n60,adaptive_rsi,AAPL,meanrev,-0.012,-0.5053,-0.5707,256
adaptive_rsi__base_period9__fast_n2__slow_n30,adaptive_rsi,AAPL,meanrev,-0.2029,-0.5909,-0.625,369
adaptive_rsi__base_period21__fast_n2__slow_n30,adaptive_rsi,AAPL,meanrev,-0.0613,-0.698,-0.62,181
elder_impulse__ema_period8,elder_impulse,AAPL,composite,0.1762,-0.3462,-0.5519,1429
elder_impulse__ema_period13,elder_impulse,AAPL,composite,0.2669,-0.1395,-0.4377,1348
elder_impulse__ema_period20,elder_impulse,AAPL,composite,0.3187,-0.0141,-0.3714,1281
klinger_osc__fast34__slow55__signal13,klinger_osc,AAPL,volume,-0.206,-0.4628,-0.6045,775
klinger_osc__fast21__slow34__signal9,klinger_osc,AAPL,volume,-0.1886,-0.1677,-0.4903,949
klinger_osc__fast55__slow89__signal13,klinger_osc,AAPL,volume,-0.1525,-0.2666,-0.5792,703
price_oscillator__fast10__slow30__signal9,price_oscillator,AAPL,trend,0.2621,0.7085,-0.1961,288
price_oscillator__fast12__slow26__signal9,price_oscillator,AAPL,trend,0.2446,0.6948,-0.2039,272
price_oscillator__fast5__slow20__signal5,price_oscillator,AAPL,trend,0.2039,-0.1273,-0.4444,542
price_oscillator__fast20__slow50__signal9,price_oscillator,AAPL,trend,-0.0522,0.6848,-0.4255,201
baz_trend__ewmstd_span42,baz_trend,AAPL,trend,0.5485,0.5605,-0.4755,69
baz_trend__ewmstd_span63,baz_trend,AAPL,trend,0.5485,0.5605,-0.4755,69
baz_trend__ewmstd_span126,baz_trend,AAPL,trend,0.5485,0.5605,-0.4755,69
intermediate_mom__start252__end126,intermediate_mom,AAPL,trend,0.3368,0.6724,-0.4188,72
intermediate_mom__start189__end105,intermediate_mom,AAPL,trend,0.6479,0.0489,-0.6364,146
intermediate_mom__start168__end84,intermediate_mom,AAPL,trend,0.4098,0.5953,-0.4909,146
intermediate_mom__start252__end63,intermediate_mom,AAPL,trend,0.4305,0.4476,-0.4333,38
mom_crash_protect__bear_lookback504__bear_thresh-0.2__damp0.0,mom_crash_protect,AAPL,trend,0.2198,0.627,-0.4146,68
mom_crash_protect__bear_lookback504__bear_thresh-0.2__damp0.25,mom_crash_protect,AAPL,trend,0.2198,0.627,-0.4146,68
mom_crash_protect__bear_lookback252__bear_thresh-0.2__damp0.0,mom_crash_protect,AAPL,trend,0.2186,0.627,-0.4146,108
mom_crash_protect__bear_lookback504__bear_thresh-0.25__damp0.0,mom_crash_protect,AAPL,trend,0.2198,0.627,-0.4146,68
consistent_mom__consistency_thresh0.5,consistent_mom,AAPL,trend,0.4259,0.6725,-0.4179,296
consistent_mom__consistency_thresh0.58,consistent_mom,AAPL,trend,0.6172,0.6569,-0.3965,436
consistent_mom__consistency_thresh0.67,consistent_mom,AAPL,trend,0.438,-0.3229,-0.3602,475
signed_range_mom__period10__threshold0.1,signed_range_mom,AAPL,trend,-0.1556,0.3728,-0.5364,1024
signed_range_mom__period21__threshold0.1,signed_range_mom,AAPL,trend,-0.0122,0.6719,-0.2344,681
signed_range_mom__period21__threshold0.15,signed_range_mom,AAPL,trend,0.1675,0.4259,-0.427,631
signed_range_mom__period42__threshold0.1,signed_range_mom,AAPL,trend,-0.3004,0.6049,-0.2544,467
signed_range_mom__period63__threshold0.1,signed_range_mom,AAPL,trend,-0.4929,-0.0387,-0.2752,323
multi_tsmom,multi_tsmom,AAPL,trend,0.5826,0.8085,-0.3153,285
"multi_tsmom__lookbacks(63, 126, 252)",multi_tsmom,AAPL,trend,0.8126,0.5938,-0.4389,75
"multi_tsmom__lookbacks(21, 63, 252)",multi_tsmom,AAPL,trend,0.253,0.8037,-0.3136,227
"multi_tsmom__lookbacks(21, 63, 126, 252)__weights(0.4, 0.3, 0.2, 0.1)",multi_tsmom,AAPL,trend,0.2962,0.8428,-0.2726,228
"multi_tsmom__lookbacks(21, 63, 126, 252)__weights(0.1, 0.2, 0.3, 0.4)",multi_tsmom,AAPL,trend,0.7414,0.6614,-0.3945,125
ma_crossover__fast5__slow20__kindsma,ma_crossover,MSFT,trend,-0.3332,-0.0794,-0.3339,234
ma_crossover__fast10__slow30__kindsma,ma_crossover,MSFT,trend,0.1147,-0.4109,-0.4943,143
ma_crossover__fast20__slow50__kindsma,ma_crossover,MSFT,trend,0.089,-0.6268,-0.5933,83
ma_crossover__fast50__slow100__kindsma,ma_crossover,MSFT,trend,0.3026,0.2307,-0.4921,30
ma_crossover__fast50__slow200__kindsma,ma_crossover,MSFT,trend,0.5335,0.5144,-0.3072,17
ma_crossover__fast100__slow200__kindsma,ma_crossover,MSFT,trend,0.4912,0.7734,-0.2848,10
ma_crossover__fast10__slow50__kindsma,ma_crossover,MSFT,trend,0.2834,-0.3184,-0.4252,101
ma_crossover__fast20__slow100__kindsma,ma_crossover,MSFT,trend,0.2312,0.2912,-0.3605,35
ma_crossover__fast5__slow20__kindema,ma_crossover,MSFT,trend,-0.2823,-0.3999,-0.4925,240
ma_crossover__fast12__slow26__kindema,ma_crossover,MSFT,trend,0.0852,-0.4778,-0.5146,123
ma_crossover__fast10__slow50__kindema,ma_crossover,MSFT,trend,0.2718,-0.3864,-0.502,97
ma_crossover__fast20__slow100__kindema,ma_crossover,MSFT,trend,0.4258,-0.3986,-0.5754,49
ts_momentum__period21,ts_momentum,MSFT,trend,0.0024,-0.4313,-0.5022,344
ts_momentum__period42,ts_momentum,MSFT,trend,0.011,-0.7286,-0.6337,257
ts_momentum__period63,ts_momentum,MSFT,trend,-0.3156,-0.167,-0.3777,210
ts_momentum__period126,ts_momentum,MSFT,trend,0.412,0.3225,-0.3811,102
ts_momentum__period252,ts_momentum,MSFT,trend,0.506,0.6486,-0.2003,35
roc_momentum__period5,roc_momentum,MSFT,trend,-0.3509,-0.5011,-0.5355,798
roc_momentum__period10,roc_momentum,MSFT,trend,-0.3428,-0.1492,-0.3779,562
roc_momentum__period20,roc_momentum,MSFT,trend,-0.1854,-0.4931,-0.5296,356
roc_momentum__period30,roc_momentum,MSFT,trend,-0.147,-0.5845,-0.5777,336
roc_momentum__period60,roc_momentum,MSFT,trend,-0.2924,0.1017,-0.3674,205
macd_signal__fast12__slow26__signal9,macd_signal,MSFT,trend,-0.6167,-0.2056,-0.3653,320
macd_signal__fast8__slow17__signal9,macd_signal,MSFT,trend,-0.4189,-0.5193,-0.557,412
macd_signal__fast5__slow35__signal5,macd_signal,MSFT,trend,-0.4195,-0.3223,-0.4616,540
macd_signal__fast3__slow10__signal16,macd_signal,MSFT,trend,-0.3066,-0.4165,-0.5743,588
donchian_breakout__period10,donchian_breakout,MSFT,trend,-0.6928,-0.1766,-0.34,956
donchian_breakout__period20,donchian_breakout,MSFT,trend,-0.6358,-0.0818,-0.2775,698
donchian_breakout__period30,donchian_breakout,MSFT,trend,-0.4298,-0.0851,-0.2398,576
donchian_breakout__period40,donchian_breakout,MSFT,trend,-0.3904,-0.0868,-0.1789,496
donchian_breakout__period55,donchian_breakout,MSFT,trend,-0.2967,-0.3858,-0.1609,442
bb_breakout__period20__std1.5,bb_breakout,MSFT,trend,-0.5328,-0.7566,-0.4352,791
bb_breakout__period20__std2.0,bb_breakout,MSFT,trend,-0.6567,-0.2668,-0.2397,409
bb_breakout__period20__std2.5,bb_breakout,MSFT,trend,-0.3355,-0.4924,-0.1934,138
bb_breakout__period30__std2.0,bb_breakout,MSFT,trend,-0.5774,-0.4611,-0.2549,384
bb_breakout__period50__std2.0,bb_breakout,MSFT,trend,-0.5338,-0.4088,-0.2076,332
supertrend__period7__mult2.0,supertrend,MSFT,trend,-0.1806,-0.6137,-0.6174,199
supertrend__period7__mult3.0,supertrend,MSFT,trend,-0.1673,-0.7232,-0.6335,109
supertrend__period10__mult3.0,supertrend,MSFT,trend,-0.3933,-0.6823,-0.6172,117
supertrend__period14__mult2.0,supertrend,MSFT,trend,-0.1034,-0.4044,-0.5223,195
supertrend__period14__mult3.0,supertrend,MSFT,trend,-0.3368,-0.6149,-0.5834,113
parabolic_sar__step0.01__max_af0.1,parabolic_sar,MSFT,trend,-0.3353,0.1519,-0.3194,217
parabolic_sar__step0.02__max_af0.2,parabolic_sar,MSFT,trend,-0.4571,-0.3219,-0.5428,353
parabolic_sar__step0.03__max_af0.2,parabolic_sar,MSFT,trend,-0.4749,-0.2155,-0.4992,445
parabolic_sar__step0.05__max_af0.2,parabolic_sar,MSFT,trend,-0.321,-0.1689,-0.3696,569
adx_trend__period14__threshold20,adx_trend,MSFT,trend,0.2265,-0.5771,-0.4968,238
adx_trend__period14__threshold25,adx_trend,MSFT,trend,-0.1145,-0.6134,-0.41,182
adx_trend__period14__threshold30,adx_trend,MSFT,trend,0.1124,-0.8402,-0.3832,123
adx_trend__period21__threshold20,adx_trend,MSFT,trend,0.0195,-0.8183,-0.4628,161
adx_trend__period21__threshold25,adx_trend,MSFT,trend,-0.024,-0.127,-0.188,90
ichimoku__tenkan9__kijun26__senkou_b52,ichimoku,MSFT,trend,-0.2945,-0.5627,-0.5076,525
ichimoku__tenkan7__kijun22__senkou_b44,ichimoku,MSFT,trend,-0.2457,-0.6147,-0.5541,566
linreg_slope__period10,linreg_slope,MSFT,trend,-0.5567,-0.0968,-0.4904,388
linreg_slope__period20,linreg_slope,MSFT,trend,-0.078,-0.2515,-0.4582,188
linreg_slope__period30,linreg_slope,MSFT,trend,0.303,-0.2139,-0.3702,115
linreg_slope__period50,linreg_slope,MSFT,trend,0.0967,-0.1322,-0.4169,69
aroon__period14,aroon,MSFT,trend,-0.1496,0.208,-0.3694,247
aroon__period25,aroon,MSFT,trend,-0.087,-0.5865,-0.5763,139
aroon__period50,aroon,MSFT,trend,0.194,-0.0249,-0.4381,75
vortex__period10,vortex,MSFT,trend,-0.394,-0.2967,-0.4865,489
vortex__period14,vortex,MSFT,trend,-0.1027,-0.0912,-0.4492,384
vortex__period21,vortex,MSFT,trend,0.2099,-0.4727,-0.5697,281
trix__period9,trix,MSFT,trend,0.0031,-0.2838,-0.425,152
trix__period12,trix,MSFT,trend,0.0286,-0.609,-0.5776,112
trix__period18,trix,MSFT,trend,0.1748,-0.1666,-0.417,70
hull_ma__period14,hull_ma,MSFT,trend,-0.469,-0.2012,-0.4539,568
hull_ma__period20,hull_ma,MSFT,trend,-0.3967,-0.3562,-0.4966,416
hull_ma__period30,hull_ma,MSFT,trend,-0.3573,-0.0574,-0.3684,303
hull_ma__period50,hull_ma,MSFT,trend,-0.2624,-0.537,-0.5723,203
kama__period5,kama,MSFT,trend,-0.5238,-0.1248,-0.4652,2043
kama__period10,kama,MSFT,trend,0.0735,0.0,0.0,148
kama__period20,kama,MSFT,trend,-0.6308,0.0,0.0,41
turtle__entry20__exit_p10,turtle,MSFT,trend,-0.6358,-0.0818,-0.2775,698
turtle__entry55__exit_p20,turtle,MSFT,trend,-0.2967,-0.3858,-0.1609,442
turtle__entry10__exit_p5,turtle,MSFT,trend,-0.6928,-0.1766,-0.34,956
dual_momentum__period63,dual_momentum,MSFT,trend,0.4006,0.3851,-0.2605,210
dual_momentum__period126,dual_momentum,MSFT,trend,0.8405,0.6216,-0.2419,102
dual_momentum__period252,dual_momentum,MSFT,trend,0.7779,0.735,-0.1945,35
elder_ray__period13,elder_ray,MSFT,trend,-0.4019,-0.298,-0.513,632
elder_ray__period21,elder_ray,MSFT,trend,-0.3386,-0.6406,-0.6155,506
elder_ray__period34,elder_ray,MSFT,trend,-0.3077,-0.7822,-0.6652,382
rsi_reversion__period7__lo30__hi70,rsi_reversion,MSFT,meanrev,0.645,0.2439,-0.2011,674
rsi_reversion__period7__lo25__hi75,rsi_reversion,MSFT,meanrev,0.2948,0.8051,-0.0606,408
rsi_reversion__period14__lo30__hi70,rsi_reversion,MSFT,meanrev,0.6415,0.4082,-0.0774,258
rsi_reversion__period14__lo25__hi75,rsi_reversion,MSFT,meanrev,0.2059,0.5798,-0.0384,104
rsi_reversion__period14__lo35__hi65,rsi_reversion,MSFT,meanrev,0.0961,0.6594,-0.1452,406
rsi_reversion__period21__lo30__hi70,rsi_reversion,MSFT,meanrev,0.3811,0.2997,-0.0384,122
rsi_reversion__period21__lo25__hi75,rsi_reversion,MSFT,meanrev,0.4687,-0.2359,-0.0263,20
rsi_reversion__period28__lo30__hi70,rsi_reversion,MSFT,meanrev,0.4024,0.4286,-0.0263,54
rsi_reversion__period30__lo30__hi70,rsi_reversion,MSFT,meanrev,0.1631,0.8877,-0.0028,36
rsi_reversion__period30__lo25__hi75,rsi_reversion,MSFT,meanrev,0.2594,0.0,0.0,8
bb_reversion__period20__std1.5,bb_reversion,MSFT,meanrev,0.4511,0.6782,-0.1731,791
bb_reversion__period20__std2.0,bb_reversion,MSFT,meanrev,0.5911,0.2168,-0.1788,409
bb_reversion__period20__std2.5,bb_reversion,MSFT,meanrev,0.2927,0.4628,-0.1055,138
bb_reversion__period30__std2.0,bb_reversion,MSFT,meanrev,0.5182,0.4086,-0.0997,384
bb_reversion__period30__std2.5,bb_reversion,MSFT,meanrev,0.451,0.6777,-0.081,162
bb_reversion__period50__std2.0,bb_reversion,MSFT,meanrev,0.4755,0.3697,-0.1171,332
zscore_reversion__period10__threshold1.0,zscore_reversion,MSFT,meanrev,0.7013,0.3781,-0.2527,1307
zscore_reversion__period20__threshold1.5,zscore_reversion,MSFT,meanrev,0.4511,0.6782,-0.1731,791
zscore_reversion__period20__threshold2.0,zscore_reversion,MSFT,meanrev,0.5911,0.2168,-0.1788,409
zscore_reversion__period30__threshold1.5,zscore_reversion,MSFT,meanrev,0.2414,0.6898,-0.1536,649
zscore_reversion__period30__threshold2.0,zscore_reversion,MSFT,meanrev,0.5182,0.4086,-0.0997,384
zscore_reversion__period60__threshold2.0,zscore_reversion,MSFT,meanrev,0.241,0.4807,-0.1083,300
stochastic__k5__d3__lo20__hi80,stochastic,MSFT,meanrev,0.7316,0.8289,-0.1786,828
stochastic__k14__d3__lo20__hi80,stochastic,MSFT,meanrev,0.358,0.307,-0.2167,575
stochastic__k14__d3__lo30__hi70,stochastic,MSFT,meanrev,0.4864,0.2633,-0.2698,643
stochastic__k14__d5__lo20__hi80,stochastic,MSFT,meanrev,0.3029,0.4903,-0.2265,412
stochastic__k21__d3__lo20__hi80,stochastic,MSFT,meanrev,0.1629,0.4709,-0.2139,500
cci_reversion__period14__threshold100,cci_reversion,MSFT,meanrev,0.4768,0.3937,-0.2564,957
cci_reversion__period14__threshold150,cci_reversion,MSFT,meanrev,0.3876,0.0414,-0.2551,556
cci_reversion__period20__threshold100,cci_reversion,MSFT,meanrev,0.3432,0.7497,-0.2344,796
cci_reversion__period20__threshold150,cci_reversion,MSFT,meanrev,0.4341,0.4696,-0.1867,464
cci_reversion__period30__threshold100,cci_reversion,MSFT,meanrev,-0.0586,0.5416,-0.2087,569
williams_r__period14__lo-80__hi-20,williams_r,MSFT,meanrev,0.5739,0.3293,-0.2406,1036
williams_r__period14__lo-90__hi-10,williams_r,MSFT,meanrev,1.079,0.4548,-0.1729,977
williams_r__period21__lo-80__hi-20,williams_r,MSFT,meanrev,0.4052,0.2785,-0.2607,843
williams_r__period28__lo-80__hi-20,williams_r,MSFT,meanrev,0.2632,0.3848,-0.2476,741
keltner_reversion__period20__mult1.5,keltner_reversion,MSFT,meanrev,0.2083,0.6359,-0.1496,600
keltner_reversion__period20__mult2.0,keltner_reversion,MSFT,meanrev,0.8595,0.745,-0.0825,440
keltner_reversion__period20__mult2.5,keltner_reversion,MSFT,meanrev,0.6729,0.8963,-0.0698,264
keltner_reversion__period30__mult2.0,keltner_reversion,MSFT,meanrev,0.2649,0.8275,-0.1378,476
vwap_reversion__period20__z_thresh1.0,vwap_reversion,MSFT,meanrev,0.2237,0.3232,-0.3044,799
vwap_reversion__period20__z_thresh1.5,vwap_reversion,MSFT,meanrev,0.2088,0.2502,-0.2264,651
vwap_reversion__period20__z_thresh2.0,vwap_reversion,MSFT,meanrev,0.4387,0.6519,-0.1589,537
percent_b__period20__std2.0__lo0.05__hi0.95,percent_b,MSFT,meanrev,0.4214,0.6276,-0.1894,535
percent_b__period20__std2.0__lo0.1__hi0.9,percent_b,MSFT,meanrev,0.5807,0.4668,-0.2022,720
percent_b__period20__std2.0__lo0.2__hi0.8,percent_b,MSFT,meanrev,0.5398,0.7477,-0.1857,949
percent_b__period30__std2.0__lo0.2__hi0.8,percent_b,MSFT,meanrev,0.2596,0.5755,-0.1977,721
connors_rsi__rsi_period3__streak_period2__rank_period100,connors_rsi,MSFT,meanrev,0.6588,0.2175,-0.1243,1203
connors_rsi__rsi_period2__streak_period3__rank_period100,connors_rsi,MSFT,meanrev,0.6926,0.3399,-0.1967,1255
ultimate_osc__p17__p214__p328,ultimate_osc,MSFT,meanrev,0.1711,0.0932,-0.0735,158
ultimate_osc__p14__p28__p316,ultimate_osc,MSFT,meanrev,0.9983,0.452,-0.0919,470
gap_fade__threshold0.01,gap_fade,MSFT,meanrev,-0.3295,-0.7128,-0.3838,959
gap_fade__threshold0.015,gap_fade,MSFT,meanrev,-0.1512,0.1203,-0.1397,454
gap_fade__threshold0.02,gap_fade,MSFT,meanrev,-0.0272,-0.1056,-0.1143,270
obv_trend__period10,obv_trend,MSFT,volume,-0.5215,-0.3735,-0.5578,820
obv_trend__period20,obv_trend,MSFT,volume,-0.4256,-0.166,-0.512,532
obv_trend__period50,obv_trend,MSFT,volume,-0.4007,-0.5731,-0.6128,350
chaikin_mf__period10,chaikin_mf,MSFT,volume,-0.2197,-0.2745,-0.5364,526
chaikin_mf__period20,chaikin_mf,MSFT,volume,-0.1946,-0.6996,-0.6926,389
chaikin_mf__period21,chaikin_mf,MSFT,volume,-0.2452,-0.7698,-0.692,373
mfi__period10,mfi,MSFT,volume,0.848,0.4823,-0.0898,266
mfi__period14,mfi,MSFT,volume,0.6362,0.5408,-0.0314,106
mfi__period21,mfi,MSFT,volume,0.2828,-0.0547,-0.0396,20
volume_surge__period10__mult1.5,volume_surge,MSFT,volume,-0.5436,-0.3735,-0.2793,443
volume_surge__period20__mult2.0,volume_surge,MSFT,volume,-0.3612,0.3679,-0.0526,155
volume_surge__period20__mult3.0,volume_surge,MSFT,volume,0.286,0.5221,-0.0001,24
force_index__period2,force_index,MSFT,volume,-0.751,-0.1751,-0.4237,1395
force_index__period13,force_index,MSFT,volume,-0.5408,-0.4303,-0.5308,535
force_index__period20,force_index,MSFT,volume,-0.5431,-0.4582,-0.5388,431
chaikin_osc__fast3__slow10,chaikin_osc,MSFT,volume,-0.5583,-0.3407,-0.5484,414
chaikin_osc__fast3__slow12,chaikin_osc,MSFT,volume,-0.5508,-0.4763,-0.5692,380
chaikin_osc__fast5__slow12,chaikin_osc,MSFT,volume,-0.6203,-0.2327,-0.4843,288
atr_breakout__period10__mult1.5,atr_breakout,MSFT,volatility,-0.7398,-1.0848,-0.426,561
atr_breakout__period14__mult1.5,atr_breakout,MSFT,volatility,-0.8491,-0.9536,-0.4757,667
atr_breakout__period14__mult2.0,atr_breakout,MSFT,volatility,-0.7595,-0.9341,-0.3574,401
atr_breakout__period20__mult2.0,atr_breakout,MSFT,volatility,-0.5972,-0.6734,-0.3734,482
atr_breakout__period20__mult2.5,atr_breakout,MSFT,volatility,-0.5886,-0.9036,-0.3641,340
vol_breakout__period10__mult0.5,vol_breakout,MSFT,volatility,-0.8047,-0.0909,-0.3813,2586
vol_breakout__period20__mult1.0,vol_breakout,MSFT,volatility,-0.5879,-0.068,-0.339,2091
vol_breakout__period20__mult1.5,vol_breakout,MSFT,volatility,-0.8952,-0.5562,-0.4205,1414
vol_breakout__period30__mult1.0,vol_breakout,MSFT,volatility,-0.5423,-0.0547,-0.2976,2084
squeeze_breakout__bb_period20__kc_period20__bb_std2.0__kc_mult1.5,squeeze_breakout,MSFT,volatility,-0.1727,-0.6532,-0.5862,235
squeeze_breakout__bb_period20__kc_period20__bb_std2.0__kc_mult1.0,squeeze_breakout,MSFT,volatility,0.0654,-0.4663,-0.5085,132
squeeze_breakout__bb_period30__kc_period30__bb_std2.0__kc_mult1.5,squeeze_breakout,MSFT,volatility,0.1019,-0.259,-0.4286,101
engulfing,engulfing,MSFT,pattern,-0.2646,-0.3663,-0.1693,532
three_bar_reversal,three_bar_reversal,MSFT,pattern,0.4895,0.7442,-0.1177,895
higher_highs_lows__period5,higher_highs_lows,MSFT,pattern,-0.4303,-0.8064,-0.6942,844
higher_highs_lows__period10,higher_highs_lows,MSFT,pattern,-0.065,-0.0227,-0.3151,435
higher_highs_lows__period20,higher_highs_lows,MSFT,pattern,0.2852,-0.6717,-0.5477,223
pivot_bounce__period5,pivot_bounce,MSFT,pattern,0.0892,0.1727,-0.1995,1255
pivot_bounce__period10,pivot_bounce,MSFT,pattern,0.5928,-0.1141,-0.2453,1087
pivot_bounce__period20,pivot_bounce,MSFT,pattern,0.2574,0.1161,-0.1873,872
macd_rsi_combo__fast12__slow26__signal9__rsi_period14__rsi_lo40__rsi_hi60,macd_rsi_combo,MSFT,composite,-0.3687,-0.6097,-0.3856,529
macd_rsi_combo__fast12__slow26__signal9__rsi_period14__rsi_lo45__rsi_hi55,macd_rsi_combo,MSFT,composite,-0.601,-0.4398,-0.4173,690
macd_rsi_combo__fast8__slow21__signal5__rsi_period14__rsi_lo40__rsi_hi60,macd_rsi_combo,MSFT,composite,-0.3848,-0.8507,-0.4396,587
macd_rsi_combo__fast5__slow35__signal5__rsi_period14__rsi_lo40__rsi_hi60,macd_rsi_combo,MSFT,composite,-0.3702,-0.6753,-0.4036,601
triple_screen__trend_period20__osc_period14__osc_lo40__osc_hi60,triple_screen,MSFT,composite,0.0,0.0,0.0,0
triple_screen__trend_period30__osc_period14__osc_lo40__osc_hi60,triple_screen,MSFT,composite,0.0,0.0,0.0,0
triple_screen__trend_period50__osc_period14__osc_lo35__osc_hi65,triple_screen,MSFT,composite,0.0,0.0,0.0,0
triple_screen__trend_period20__osc_period7__osc_lo30__osc_hi70,triple_screen,MSFT,composite,0.0,0.0,0.0,0
chandelier_exit__period14__mult2.0,chandelier_exit,MSFT,composite,0.1386,0.093,-0.3649,489
chandelier_exit__period22__mult3.0,chandelier_exit,MSFT,composite,0.2503,-0.5594,-0.5828,316
chandelier_exit__period22__mult2.0,chandelier_exit,MSFT,composite,-0.1389,-0.5302,-0.5437,613
chandelier_exit__period10__mult2.0,chandelier_exit,MSFT,composite,0.1408,-0.0361,-0.4956,451
high52_momentum__period252__threshold0.7,high52_momentum,MSFT,trend,0.1098,0.1373,-0.3291,206
high52_momentum__period252__threshold0.75,high52_momentum,MSFT,trend,0.1229,0.1323,-0.3411,238
high52_momentum__period252__threshold0.8,high52_momentum,MSFT,trend,0.3182,-0.2036,-0.4582,216
high52_momentum__period126__threshold0.7,high52_momentum,MSFT,trend,-0.1794,-0.2486,-0.4149,336
high52_momentum__period126__threshold0.75,high52_momentum,MSFT,trend,-0.1174,-0.5561,-0.5092,330
short_reversal__period5,short_reversal,MSFT,meanrev,0.266,0.4107,-0.3107,798
short_reversal__period10,short_reversal,MSFT,meanrev,0.2825,0.0879,-0.3396,562
short_reversal__period15,short_reversal,MSFT,meanrev,0.3524,0.2947,-0.3708,471
short_reversal__period20,short_reversal,MSFT,meanrev,0.1488,0.4516,-0.2995,356
low_vol_regime__period20__ma_period60,low_vol_regime,MSFT,volatility,0.2874,-0.0625,-0.1506,132
low_vol_regime__period20__ma_period120,low_vol_regime,MSFT,volatility,0.4634,-0.0274,-0.2812,140
low_vol_regime__period60__ma_period120,low_vol_regime,MSFT,volatility,0.42,0.4847,-0.153,50
low_vol_regime__period20__ma_period252,low_vol_regime,MSFT,volatility,0.4906,-0.3566,-0.3671,150
low_vol_regime__period60__ma_period252,low_vol_regime,MSFT,volatility,0.4281,0.4636,-0.2135,60
low_vol_regime__period120__ma_period252,low_vol_regime,MSFT,volatility,0.2743,0.3913,-0.2111,36
nr_breakout__nr_period4__exit_bars3,nr_breakout,MSFT,pattern,0.1218,-0.3508,-0.3502,972
nr_breakout__nr_period4__exit_bars5,nr_breakout,MSFT,pattern,0.2728,-0.6185,-0.4834,751
nr_breakout__nr_period7__exit_bars3,nr_breakout,MSFT,pattern,0.1022,-0.3652,-0.3069,709
nr_breakout__nr_period7__exit_bars5,nr_breakout,MSFT,pattern,0.4453,-0.5182,-0.4186,603
nr_breakout__nr_period10__exit_bars5,nr_breakout,MSFT,pattern,0.5769,-0.72,-0.4445,476
nr_breakout__nr_period10__exit_bars10,nr_breakout,MSFT,pattern,0.6715,-0.5635,-0.4169,379
overnight_gap__period1__threshold0.001,overnight_gap,MSFT,volume,-0.3088,0.4596,-0.3072,2273
overnight_gap__period1__threshold0.003,overnight_gap,MSFT,volume,-0.1079,0.6038,-0.1783,2390
overnight_gap__period3__threshold0.001,overnight_gap,MSFT,volume,0.1765,0.4044,-0.4055,1494
overnight_gap__period3__threshold0.003,overnight_gap,MSFT,volume,0.2225,-0.2893,-0.5245,1257
overnight_gap__period5__threshold0.001,overnight_gap,MSFT,volume,0.2081,-0.2448,-0.398,1218
overnight_gap__period5__threshold0.003,overnight_gap,MSFT,volume,-0.0661,-0.3467,-0.355,833
coppock_curve__roc1252__roc2189__wma_period63,coppock_curve,MSFT,trend,0.5609,0.6559,-0.1823,9
coppock_curve__roc1189__roc2126__wma_period42,coppock_curve,MSFT,trend,0.3522,0.376,-0.4322,15
coppock_curve__roc1126__roc2100__wma_period21,coppock_curve,MSFT,trend,0.6614,0.5258,-0.2672,21
bll_filter__pct0.005__hold0,bll_filter,MSFT,trend,-0.7466,-0.377,-0.5239,1345
bll_filter__pct0.01__hold0,bll_filter,MSFT,trend,-0.6259,-0.189,-0.4628,945
bll_filter__pct0.02__hold0,bll_filter,MSFT,trend,-0.4183,-0.3569,-0.5616,541
bll_filter__pct0.005__hold10,bll_filter,MSFT,trend,-0.7876,-0.3933,-0.523,1368
bll_filter__pct0.01__hold10,bll_filter,MSFT,trend,-0.619,-0.1903,-0.4622,1023
bll_filter__pct0.01__hold20,bll_filter,MSFT,trend,-0.6341,-0.232,-0.4754,957
bll_filter__pct0.02__hold10,bll_filter,MSFT,trend,-0.531,-0.5963,-0.6396,706
frog_in_pan__lookback252__skip21__id_cutoff0.5,frog_in_pan,MSFT,trend,0.3836,0.4367,-0.3144,70
frog_in_pan__lookback252__skip21__id_cutoff0.45,frog_in_pan,MSFT,trend,0.5127,0.2445,-0.1823,70
frog_in_pan__lookback252__skip0__id_cutoff0.5,frog_in_pan,MSFT,trend,0.5592,0.4273,-0.3133,70
frog_in_pan__lookback126__skip21__id_cutoff0.5,frog_in_pan,MSFT,trend,0.3993,0.5527,-0.3175,191
frog_in_pan__lookback126__skip21__id_cutoff0.45,frog_in_pan,MSFT,trend,-0.1195,0.7113,-0.2353,149
vol_mom__mom_period126__vol_period126__skip21__vol_weight0.5,vol_mom,MSFT,composite,0.4064,0.2832,-0.2518,130
vol_mom__mom_period126__vol_period126__skip0__vol_weight0.5,vol_mom,MSFT,composite,0.4053,0.0523,-0.2952,128
vol_mom__mom_period252__vol_period126__skip21__vol_weight0.5,vol_mom,MSFT,composite,0.2585,0.141,-0.1882,68
vol_mom__mom_period63__vol_period63__skip0__vol_weight0.3,vol_mom,MSFT,composite,-0.3135,-0.167,-0.3777,204
vol_mom__mom_period126__vol_period126__skip21__vol_weight0.3,vol_mom,MSFT,composite,0.5398,0.7018,-0.2885,92
seasonality__n_years2,seasonality,MSFT,pattern,0.2516,0.3673,-0.2523,87
seasonality__n_years3,seasonality,MSFT,pattern,0.3738,0.3085,-0.2747,79
seasonality__n_years5,seasonality,MSFT,pattern,0.2322,0.8696,-0.183,68
residual_mom__lookback252__skip21,residual_mom,MSFT,trend,0.4723,0.7121,-0.1945,55
residual_mom__lookback252__skip0,residual_mom,MSFT,trend,0.6778,0.5051,-0.333,55
residual_mom__lookback126__skip21,residual_mom,MSFT,trend,0.553,0.5489,-0.4169,99
vol_scaled_mom__rv_window21__vol_target0.12__damp0.5,vol_scaled_mom,MSFT,trend,0.5254,0.2257,-0.2268,3336
vol_scaled_mom__rv_window21__vol_target0.08__damp0.5,vol_scaled_mom,MSFT,trend,0.5276,0.2272,-0.1539,3478
vol_scaled_mom__rv_window63__vol_target0.12__damp0.5,vol_scaled_mom,MSFT,trend,0.4425,0.3828,-0.1889,3441
vol_scaled_mom__rv_window21__vol_target0.12__damp0.0,vol_scaled_mom,MSFT,trend,0.5431,0.2257,-0.2268,3309
vol_scaled_mom__rv_window21__vol_target0.15__damp0.5,vol_scaled_mom,MSFT,trend,0.4949,0.2391,-0.2705,2991
dema_crossover__fast5__slow20,dema_crossover,MSFT,trend,-0.2243,-0.3985,-0.4758,432
dema_crossover__fast10__slow40,dema_crossover,MSFT,trend,-0.2464,-0.4254,-0.5441,218
dema_crossover__fast12__slow26,dema_crossover,MSFT,trend,-0.5083,-0.3069,-0.4431,252
dema_crossover__fast20__slow50,dema_crossover,MSFT,trend,-0.0501,-1.0119,-0.7447,153
dema_crossover__fast10__slow30,dema_crossover,MSFT,trend,-0.6686,-0.3696,-0.4726,274
tema_crossover__fast5__slow20,tema_crossover,MSFT,trend,-0.3201,-0.6591,-0.6885,592
tema_crossover__fast10__slow40,tema_crossover,MSFT,trend,-0.5348,-0.309,-0.4379,306
tema_crossover__fast12__slow26,tema_crossover,MSFT,trend,-0.2537,-0.0691,-0.4028,322
tema_crossover__fast20__slow50,tema_crossover,MSFT,trend,-0.355,-0.5025,-0.5881,200
tema_crossover__fast10__slow30,tema_crossover,MSFT,trend,-0.4247,-0.2127,-0.4375,352
price_acceleration__period10__smooth3,price_acceleration,MSFT,trend,-0.4129,-0.2652,-0.602,1076
price_acceleration__period20__smooth5,price_acceleration,MSFT,trend,-0.5245,-0.5817,-0.5588,819
price_acceleration__period20__smooth3,price_acceleration,MSFT,trend,-0.5838,0.08,-0.4301,1029
price_acceleration__period30__smooth5,price_acceleration,MSFT,trend,-0.7265,-0.5524,-0.5706,859
price_acceleration__period40__smooth10,price_acceleration,MSFT,trend,0.1041,-0.8489,-0.6763,595
price_acceleration__period10__smooth5,price_acceleration,MSFT,trend,-0.627,-0.7082,-0.6446,816
turn_of_month__days_before3__days_after3,turn_of_month,MSFT,pattern,0.4821,0.0516,-0.1817,360
turn_of_month__days_before4__days_after4,turn_of_month,MSFT,pattern,0.6525,0.3783,-0.1741,360
turn_of_month__days_before5__days_after5,turn_of_month,MSFT,pattern,0.5825,0.5556,-0.1555,360
turn_of_month__days_before3__days_after5,turn_of_month,MSFT,pattern,0.5021,0.2864,-0.2015,360
trend_intensity__period20,trend_intensity,MSFT,trend,0.4299,0.0224,-0.1646,421
trend_intensity__period30,trend_intensity,MSFT,trend,0.1923,-0.3129,-0.2111,290
trend_intensity__period50,trend_intensity,MSFT,trend,-0.1265,-0.3034,-0.1456,202
trend_intensity__period63,trend_intensity,MSFT,trend,-0.198,0.9849,-0.0826,202
ma_regime_momentum__regime_ma200__mom_period126__skip21,ma_regime_momentum,MSFT,trend,0.3113,0.4659,-0.2945,200
ma_regime_momentum__regime_ma200__mom_period252__skip21,ma_regime_momentum,MSFT,trend,0.2545,0.3573,-0.247,136
ma_regime_momentum__regime_ma200__mom_period63__skip0,ma_regime_momentum,MSFT,trend,-0.0241,0.0032,-0.3489,305
ma_regime_momentum__regime_ma100__mom_period126__skip21,ma_regime_momentum,MSFT,trend,0.1755,0.1489,-0.2971,257
ma_regime_momentum__regime_ma50__mom_period63__skip0,ma_regime_momentum,MSFT,trend,-0.1502,-0.4597,-0.4666,442
fisher_transform__period5,fisher_transform,MSFT,trend,-0.498,-1.025,-0.7295,949
fisher_transform__period10,fisher_transform,MSFT,trend,-0.4476,-0.6924,-0.6589,647
fisher_transform__period20,fisher_transform,MSFT,trend,-0.4698,-0.5498,-0.5594,466
fisher_transform__period30,fisher_transform,MSFT,trend,-0.2842,-0.7801,-0.6683,366
relative_vigor__period10,relative_vigor,MSFT,trend,-0.796,-0.5976,-0.6748,1118
relative_vigor__period14,relative_vigor,MSFT,trend,-0.796,-0.5976,-0.6748,1118
relative_vigor__period20,relative_vigor,MSFT,trend,-0.796,-0.5976,-0.6748,1118
chande_momentum__period14__threshold0.0,chande_momentum,MSFT,trend,-0.305,-0.3843,-0.6247,461
chande_momentum__period20__threshold0.0,chande_momentum,MSFT,trend,-0.1835,-0.4931,-0.5296,357
chande_momentum__period20__threshold10.0,chande_momentum,MSFT,trend,-0.0082,-0.5508,-0.4992,695
chande_momentum__period30__threshold0.0,chande_momentum,MSFT,trend,-0.1479,-0.5845,-0.5777,337
chande_momentum__period9__threshold0.0,chande_momentum,MSFT,trend,-0.4741,-0.3222,-0.5703,584
demarker__period14__hi_thresh0.7__lo_thresh0.3,demarker,MSFT,meanrev,0.2094,0.4942,-0.1891,503
demarker__period14__hi_thresh0.8__lo_thresh0.2,demarker,MSFT,meanrev,0.4046,-0.1541,-0.214,250
demarker__period21__hi_thresh0.7__lo_thresh0.3,demarker,MSFT,meanrev,0.0619,0.4825,-0.151,298
demarker__period9__hi_thresh0.7__lo_thresh0.3,demarker,MSFT,meanrev,0.6028,0.2158,-0.2416,712
stoch_rsi__rsi_period14__stoch_period14__lo20.0__hi80.0,stoch_rsi,MSFT,meanrev,0.3685,0.2662,-0.207,727
stoch_rsi__rsi_period14__stoch_period14__lo10.0__hi90.0,stoch_rsi,MSFT,meanrev,0.8489,0.3027,-0.1721,667
stoch_rsi__rsi_period7__stoch_period14__lo20.0__hi80.0,stoch_rsi,MSFT,meanrev,0.5426,0.0584,-0.2135,787
stoch_rsi__rsi_period21__stoch_period21__lo20.0__hi80.0,stoch_rsi,MSFT,meanrev,0.4121,0.0959,-0.2512,577
hurst_regime__period100__trend_thresh0.55__mr_thresh0.45,hurst_regime,MSFT,trend,-0.5624,0.2225,-0.2223,385
hurst_regime__period60__trend_thresh0.55__mr_thresh0.45,hurst_regime,MSFT,trend,-0.6687,0.725,-0.0998,512
hurst_regime__period100__trend_thresh0.58__mr_thresh0.42,hurst_regime,MSFT,trend,-0.4136,-0.6034,-0.1912,110
psych_line__period12__hi_thresh75.0__lo_thresh25.0,psych_line,MSFT,meanrev,0.4562,0.5676,-0.0273,96
psych_line__period12__hi_thresh65.0__lo_thresh35.0,psych_line,MSFT,meanrev,0.3448,0.5882,-0.2055,619
psych_line__period20__hi_thresh70.0__lo_thresh30.0,psych_line,MSFT,meanrev,0.214,0.2457,-0.0376,80
er_regime__er_period10__mom_period20__er_thresh0.4,er_regime,MSFT,trend,-0.4124,-0.9795,-0.6615,1575
er_regime__er_period10__mom_period20__er_thresh0.3,er_regime,MSFT,trend,-0.3858,-0.7996,-0.63,1598
er_regime__er_period14__mom_period20__er_thresh0.4,er_regime,MSFT,trend,-0.6076,-0.3901,-0.4414,1388
er_regime__er_period20__mom_period40__er_thresh0.4,er_regime,MSFT,trend,-0.5391,0.7956,-0.2668,1051
er_regime__er_period10__mom_period10__er_thresh0.4,er_regime,MSFT,trend,-0.3505,-0.6853,-0.6239,1779
mcginley_dynamic__fast5__slow20,mcginley_dynamic,MSFT,trend,-0.1831,-0.6327,-0.5931,212
mcginley_dynamic__fast10__slow40,mcginley_dynamic,MSFT,trend,0.1848,-0.1003,-0.4181,83
mcginley_dynamic__fast12__slow26,mcginley_dynamic,MSFT,trend,0.1521,-0.333,-0.4382,103
mcginley_dynamic__fast5__slow14,mcginley_dynamic,MSFT,trend,-0.3744,-0.1882,-0.3874,266
cci_trend__period14__threshold50.0,cci_trend,MSFT,trend,-0.2867,-0.3903,-0.4555,935
cci_trend__period20__threshold50.0,cci_trend,MSFT,trend,-0.1469,-0.0767,-0.3408,752
cci_trend__period20__threshold100.0,cci_trend,MSFT,trend,-0.4114,-0.8161,-0.5396,796
cci_trend__period30__threshold50.0,cci_trend,MSFT,trend,-0.4118,-0.5757,-0.5146,660
cci_trend__period14__threshold100.0,cci_trend,MSFT,trend,-0.5627,-0.4653,-0.4808,957
volume_roc__period10__signal_period5,volume_roc,MSFT,volume,-0.0779,0.2004,-0.2365,921
volume_roc__period14__signal_period10,volume_roc,MSFT,volume,-0.2789,-0.203,-0.422,688
volume_roc__period20__signal_period10,volume_roc,MSFT,volume,-0.3626,-0.0764,-0.2476,559
volume_roc__period5__signal_period3,volume_roc,MSFT,volume,-0.3289,-0.4645,-0.3787,1256
hv_ratio__fast_period10__slow_period100__thresh_hi1.5__thresh_lo0.7,hv_ratio,MSFT,volatility,0.0381,0.3059,-0.1644,488
hv_ratio__fast_period10__slow_period60__thresh_hi1.5__thresh_lo0.7,hv_ratio,MSFT,volatility,-0.1112,0.2707,-0.2223,465
hv_ratio__fast_period21__slow_period100__thresh_hi1.5__thresh_lo0.7,hv_ratio,MSFT,volatility,0.1533,0.3014,-0.1479,191
hv_ratio__fast_period10__slow_period100__thresh_hi2.0__thresh_lo0.5,hv_ratio,MSFT,volatility,0.0299,-0.9094,-0.2539,172
zscore_trend__z_period20__trend_period50__z_thresh1.5,zscore_trend,MSFT,meanrev,0.4578,0.0256,-0.0552,86
zscore_trend__z_period20__trend_period50__z_thresh1.0,zscore_trend,MSFT,meanrev,0.1773,0.0907,-0.0813,180
zscore_trend__z_period20__trend_period100__z_thresh1.5,zscore_trend,MSFT,meanrev,0.5685,0.0515,-0.1434,185
zscore_trend__z_period30__trend_period100__z_thresh2.0,zscore_trend,MSFT,meanrev,0.0311,0.4402,-0.0248,50
cmo_fisher__fisher_period10__cmo_period14__score_thresh0.3,cmo_fisher,MSFT,trend,-0.8284,-0.5861,-0.3576,825
cmo_fisher__fisher_period10__cmo_period14__score_thresh0.2,cmo_fisher,MSFT,trend,-0.6385,-0.6043,-0.4192,940
cmo_fisher__fisher_period14__cmo_period20__score_thresh0.3,cmo_fisher,MSFT,trend,-0.6411,-0.516,-0.3646,654
cmo_fisher__fisher_period8__cmo_period14__score_thresh0.2,cmo_fisher,MSFT,trend,-0.6448,-0.5739,-0.397,1043
rvi_divergence__rvi_period10__lookback5,rvi_divergence,MSFT,meanrev,0.5874,0.2352,-0.0361,24
rvi_divergence__rvi_period10__lookback8,rvi_divergence,MSFT,meanrev,0.3647,0.0,0.0,4
rvi_divergence__rvi_period14__lookback5,rvi_divergence,MSFT,meanrev,0.5874,0.2352,-0.0361,24
adaptive_rsi__base_period14__fast_n2__slow_n30,adaptive_rsi,MSFT,meanrev,-0.067,0.2777,-0.2382,263
adaptive_rsi__base_period14__fast_n2__slow_n60,adaptive_rsi,MSFT,meanrev,-0.0486,0.2737,-0.268,242
adaptive_rsi__base_period9__fast_n2__slow_n30,adaptive_rsi,MSFT,meanrev,-0.017,0.3916,-0.3305,379
adaptive_rsi__base_period21__fast_n2__slow_n30,adaptive_rsi,MSFT,meanrev,-0.1315,0.745,-0.293,179
elder_impulse__ema_period8,elder_impulse,MSFT,composite,-0.6264,-0.5331,-0.509,1471
elder_impulse__ema_period13,elder_impulse,MSFT,composite,-0.6698,-0.2455,-0.373,1410
elder_impulse__ema_period20,elder_impulse,MSFT,composite,-0.6431,-0.3739,-0.4265,1366
klinger_osc__fast34__slow55__signal13,klinger_osc,MSFT,volume,-0.4861,-0.1129,-0.4641,777
klinger_osc__fast21__slow34__signal9,klinger_osc,MSFT,volume,-0.4528,-0.3682,-0.4882,971
klinger_osc__fast55__slow89__signal13,klinger_osc,MSFT,volume,-0.1764,-0.0852,-0.4615,691
price_oscillator__fast10__slow30__signal9,price_oscillator,MSFT,trend,-0.5509,-0.3641,-0.4499,338
price_oscillator__fast12__slow26__signal9,price_oscillator,MSFT,trend,-0.658,-0.1919,-0.3629,320
price_oscillator__fast5__slow20__signal5,price_oscillator,MSFT,trend,-0.3522,-0.5558,-0.6181,582
price_oscillator__fast20__slow50__signal9,price_oscillator,MSFT,trend,-0.3737,-0.4787,-0.5809,226
baz_trend__ewmstd_span42,baz_trend,MSFT,trend,0.1151,-0.4594,-0.5433,83
baz_trend__ewmstd_span63,baz_trend,MSFT,trend,0.1151,-0.4594,-0.5433,83
baz_trend__ewmstd_span126,baz_trend,MSFT,trend,0.1151,-0.4594,-0.5433,83
intermediate_mom__start252__end126,intermediate_mom,MSFT,trend,0.6645,0.4026,-0.2567,87
intermediate_mom__start189__end105,intermediate_mom,MSFT,trend,0.615,0.9489,-0.1823,140
intermediate_mom__start168__end84,intermediate_mom,MSFT,trend,0.2791,0.9137,-0.2161,141
intermediate_mom__start252__end63,intermediate_mom,MSFT,trend,0.5291,0.5242,-0.1945,63
mom_crash_protect__bear_lookback504__bear_thresh-0.2__damp0.0,mom_crash_protect,MSFT,trend,0.3293,0.442,-0.2714,35
mom_crash_protect__bear_lookback504__bear_thresh-0.2__damp0.25,mom_crash_protect,MSFT,trend,0.3293,0.442,-0.2714,35
mom_crash_protect__bear_lookback252__bear_thresh-0.2__damp0.0,mom_crash_protect,MSFT,trend,0.3236,0.442,-0.2714,45
mom_crash_protect__bear_lookback504__bear_thresh-0.25__damp0.0,mom_crash_protect,MSFT,trend,0.3293,0.442,-0.2714,35
consistent_mom__consistency_thresh0.5,consistent_mom,MSFT,trend,0.6121,0.6097,-0.1823,289
consistent_mom__consistency_thresh0.58,consistent_mom,MSFT,trend,0.8142,0.405,-0.3055,449
consistent_mom__consistency_thresh0.67,consistent_mom,MSFT,trend,0.3101,0.1542,-0.2234,544
signed_range_mom__period10__threshold0.1,signed_range_mom,MSFT,trend,-0.6214,0.0648,-0.314,1085
signed_range_mom__period21__threshold0.1,signed_range_mom,MSFT,trend,-0.2288,-0.2665,-0.3902,721
signed_range_mom__period21__threshold0.15,signed_range_mom,MSFT,trend,0.012,-0.6184,-0.4482,665
signed_range_mom__period42__threshold0.1,signed_range_mom,MSFT,trend,-0.0314,-0.4755,-0.4374,449
signed_range_mom__period63__threshold0.1,signed_range_mom,MSFT,trend,-0.4414,-0.1809,-0.24,367
multi_tsmom,multi_tsmom,MSFT,trend,0.1229,0.1827,-0.3019,321
"multi_tsmom__lookbacks(63, 126, 252)",multi_tsmom,MSFT,trend,0.4563,0.2955,-0.3635,120
"multi_tsmom__lookbacks(21, 63, 252)",multi_tsmom,MSFT,trend,-0.1671,0.0231,-0.322,232
"multi_tsmom__lookbacks(21, 63, 126, 252)__weights(0.4, 0.3, 0.2, 0.1)",multi_tsmom,MSFT,trend,-0.1853,0.0346,-0.316,228
"multi_tsmom__lookbacks(21, 63, 126, 252)__weights(0.1, 0.2, 0.3, 0.4)",multi_tsmom,MSFT,trend,0.4056,0.3393,-0.3347,159
ma_crossover__fast5__slow20__kindsma,ma_crossover,NVDA,trend,0.2326,0.0652,-0.6344,227
ma_crossover__fast10__slow30__kindsma,ma_crossover,NVDA,trend,0.4248,0.4317,-0.4612,138
ma_crossover__fast20__slow50__kindsma,ma_crossover,NVDA,trend,0.421,0.438,-0.4932,78
ma_crossover__fast50__slow100__kindsma,ma_crossover,NVDA,trend,1.1453,0.7623,-0.4663,29
ma_crossover__fast50__slow200__kindsma,ma_crossover,NVDA,trend,0.8753,1.0307,-0.3751,11
ma_crossover__fast100__slow200__kindsma,ma_crossover,NVDA,trend,0.4521,0.9927,-0.4999,9
ma_crossover__fast10__slow50__kindsma,ma_crossover,NVDA,trend,0.33,0.1794,-0.5649,107
ma_crossover__fast20__slow100__kindsma,ma_crossover,NVDA,trend,0.5965,0.9777,-0.4259,43
ma_crossover__fast5__slow20__kindema,ma_crossover,NVDA,trend,0.3008,0.0884,-0.5057,237
ma_crossover__fast12__slow26__kindema,ma_crossover,NVDA,trend,0.3171,0.0381,-0.5341,132
ma_crossover__fast10__slow50__kindema,ma_crossover,NVDA,trend,0.4349,0.1861,-0.5827,109
ma_crossover__fast20__slow100__kindema,ma_crossover,NVDA,trend,0.6274,1.0193,-0.4696,41
ts_momentum__period21,ts_momentum,NVDA,trend,0.4022,0.6124,-0.4175,356
ts_momentum__period42,ts_momentum,NVDA,trend,0.4128,0.4225,-0.5391,240
ts_momentum__period63,ts_momentum,NVDA,trend,0.7996,0.5644,-0.4812,144
ts_momentum__period126,ts_momentum,NVDA,trend,0.7978,0.9635,-0.435,87
ts_momentum__period252,ts_momentum,NVDA,trend,0.5224,1.1943,-0.53,39
roc_momentum__period5,roc_momentum,NVDA,trend,0.043,0.4657,-0.4497,753
roc_momentum__period10,roc_momentum,NVDA,trend,0.1163,-0.0245,-0.7222,517
roc_momentum__period20,roc_momentum,NVDA,trend,0.4573,0.6185,-0.3805,352
roc_momentum__period30,roc_momentum,NVDA,trend,0.4507,-0.0109,-0.6188,325
roc_momentum__period60,roc_momentum,NVDA,trend,0.7204,0.6629,-0.5071,175
macd_signal__fast12__slow26__signal9,macd_signal,NVDA,trend,-0.3006,-0.0609,-0.758,313
macd_signal__fast8__slow17__signal9,macd_signal,NVDA,trend,-0.2343,0.4023,-0.645,375
macd_signal__fast5__slow35__signal5,macd_signal,NVDA,trend,-0.0943,0.3526,-0.6663,501
macd_signal__fast3__slow10__signal16,macd_signal,NVDA,trend,0.1101,0.363,-0.6782,529
donchian_breakout__period10,donchian_breakout,NVDA,trend,-0.4269,-0.3452,-0.3742,973
donchian_breakout__period20,donchian_breakout,NVDA,trend,-0.4018,-0.3457,-0.3308,698
donchian_breakout__period30,donchian_breakout,NVDA,trend,-0.0662,-0.3588,-0.324,572
donchian_breakout__period40,donchian_breakout,NVDA,trend,-0.1682,-0.3895,-0.3375,514
donchian_breakout__period55,donchian_breakout,NVDA,trend,-0.0352,-0.1895,-0.3216,454
bb_breakout__period20__std1.5,bb_breakout,NVDA,trend,-0.2667,-0.0229,-0.439,799
bb_breakout__period20__std2.0,bb_breakout,NVDA,trend,-0.1778,-0.6539,-0.3868,442
bb_breakout__period20__std2.5,bb_breakout,NVDA,trend,0.3845,0.091,-0.1066,136
bb_breakout__period30__std2.0,bb_breakout,NVDA,trend,0.2819,0.015,-0.2545,362
bb_breakout__period50__std2.0,bb_breakout,NVDA,trend,0.2132,0.2084,-0.235,292
supertrend__period7__mult2.0,supertrend,NVDA,trend,0.1805,-0.0064,-0.5681,200
supertrend__period7__mult3.0,supertrend,NVDA,trend,0.4939,-0.139,-0.7045,105
supertrend__period10__mult3.0,supertrend,NVDA,trend,0.2864,-0.0803,-0.7019,115
supertrend__period14__mult2.0,supertrend,NVDA,trend,0.1414,-0.0022,-0.5962,202
supertrend__period14__mult3.0,supertrend,NVDA,trend,0.2645,-0.1474,-0.6902,117
parabolic_sar__step0.01__max_af0.1,parabolic_sar,NVDA,trend,-0.2448,-0.0021,-0.7874,216
parabolic_sar__step0.02__max_af0.2,parabolic_sar,NVDA,trend,0.1798,0.4618,-0.5762,324
parabolic_sar__step0.03__max_af0.2,parabolic_sar,NVDA,trend,-0.023,0.6208,-0.5064,412
parabolic_sar__step0.05__max_af0.2,parabolic_sar,NVDA,trend,-0.1639,0.5617,-0.5546,526
adx_trend__period14__threshold20,adx_trend,NVDA,trend,0.2811,-0.3128,-0.6181,281
adx_trend__period14__threshold25,adx_trend,NVDA,trend,0.3869,0.044,-0.3865,193
adx_trend__period14__threshold30,adx_trend,NVDA,trend,0.0882,0.377,-0.3603,131
adx_trend__period21__threshold20,adx_trend,NVDA,trend,0.3147,-0.0509,-0.5048,142
adx_trend__period21__threshold25,adx_trend,NVDA,trend,0.1285,0.0108,-0.4666,89
ichimoku__tenkan9__kijun26__senkou_b52,ichimoku,NVDA,trend,0.0942,0.4862,-0.567,486
ichimoku__tenkan7__kijun22__senkou_b44,ichimoku,NVDA,trend,0.2626,0.5759,-0.4784,506
linreg_slope__period10,linreg_slope,NVDA,trend,-0.0897,0.181,-0.6352,369
linreg_slope__period20,linreg_slope,NVDA,trend,0.3342,0.4478,-0.5578,172
linreg_slope__period30,linreg_slope,NVDA,trend,0.3286,0.3966,-0.51,118
linreg_slope__period50,linreg_slope,NVDA,trend,0.4715,0.6111,-0.4377,64
aroon__period14,aroon,NVDA,trend,0.113,-0.1995,-0.7559,259
aroon__period25,aroon,NVDA,trend,0.2464,0.123,-0.6043,144
aroon__period50,aroon,NVDA,trend,0.1624,0.3955,-0.4601,68
vortex__period10,vortex,NVDA,trend,-0.0489,0.2507,-0.6705,437
vortex__period14,vortex,NVDA,trend,0.254,-0.2127,-0.6944,360
vortex__period21,vortex,NVDA,trend,0.4362,0.4656,-0.5118,291
trix__period9,trix,NVDA,trend,0.2366,0.4023,-0.4796,151
trix__period12,trix,NVDA,trend,0.4541,0.0705,-0.5446,107
trix__period18,trix,NVDA,trend,0.3083,0.4029,-0.5406,73
hull_ma__period14,hull_ma,NVDA,trend,-0.1778,0.7385,-0.4098,543
hull_ma__period20,hull_ma,NVDA,trend,0.0954,0.3156,-0.5171,390
hull_ma__period30,hull_ma,NVDA,trend,-0.0914,-0.119,-0.777,300
hull_ma__period50,hull_ma,NVDA,trend,0.3415,0.4659,-0.4665,184
kama__period5,kama,NVDA,trend,0.0018,-0.1222,-0.7007,2065
kama__period10,kama,NVDA,trend,-0.2127,0.0,0.0,144
kama__period20,kama,NVDA,trend,0.2813,0.0,0.0,42
turtle__entry20__exit_p10,turtle,NVDA,trend,-0.4018,-0.3457,-0.3308,698
turtle__entry55__exit_p20,turtle,NVDA,trend,-0.0352,-0.1895,-0.3216,454
turtle__entry10__exit_p5,turtle,NVDA,trend,-0.4269,-0.3452,-0.3742,973
dual_momentum__period63,dual_momentum,NVDA,trend,1.2699,0.8294,-0.2939,143
dual_momentum__period126,dual_momentum,NVDA,trend,1.2235,1.0145,-0.362,87
dual_momentum__period252,dual_momentum,NVDA,trend,1.0136,1.112,-0.4944,39
elder_ray__period13,elder_ray,NVDA,trend,0.0742,0.1303,-0.5486,581
elder_ray__period21,elder_ray,NVDA,trend,0.136,0.1827,-0.5515,465
elder_ray__period34,elder_ray,NVDA,trend,0.3062,0.1902,-0.5913,361
rsi_reversion__period7__lo30__hi70,rsi_reversion,NVDA,meanrev,-0.123,-0.2488,-0.612,625
rsi_reversion__period7__lo25__hi75,rsi_reversion,NVDA,meanrev,-0.0037,0.0215,-0.4247,456
rsi_reversion__period14__lo30__hi70,rsi_reversion,NVDA,meanrev,-0.3378,-0.4036,-0.4776,264
rsi_reversion__period14__lo25__hi75,rsi_reversion,NVDA,meanrev,-0.4502,0.1264,-0.2209,140
rsi_reversion__period14__lo35__hi65,rsi_reversion,NVDA,meanrev,-0.4124,-0.2634,-0.5981,420
rsi_reversion__period21__lo30__hi70,rsi_reversion,NVDA,meanrev,-0.3451,0.161,-0.2944,158
rsi_reversion__period21__lo25__hi75,rsi_reversion,NVDA,meanrev,0.0201,-0.0407,-0.1039,50
rsi_reversion__period28__lo30__hi70,rsi_reversion,NVDA,meanrev,-0.2885,-0.0399,-0.2432,94
rsi_reversion__period30__lo30__hi70,rsi_reversion,NVDA,meanrev,-0.3459,-0.0875,-0.2432,86
rsi_reversion__period30__lo25__hi75,rsi_reversion,NVDA,meanrev,0.2687,-0.0262,-0.0909,32
bb_reversion__period20__std1.5,bb_reversion,NVDA,meanrev,0.2151,-0.0178,-0.5558,799
bb_reversion__period20__std2.0,bb_reversion,NVDA,meanrev,0.139,0.6103,-0.1355,442
bb_reversion__period20__std2.5,bb_reversion,NVDA,meanrev,-0.4047,-0.1183,-0.1371,136
bb_reversion__period30__std2.0,bb_reversion,NVDA,meanrev,-0.3124,-0.0434,-0.4112,362
bb_reversion__period30__std2.5,bb_reversion,NVDA,meanrev,-0.4133,0.6314,-0.1036,156
bb_reversion__period50__std2.0,bb_reversion,NVDA,meanrev,-0.2365,-0.2332,-0.4494,292
zscore_reversion__period10__threshold1.0,zscore_reversion,NVDA,meanrev,0.2721,-0.0637,-0.6219,1283
zscore_reversion__period20__threshold1.5,zscore_reversion,NVDA,meanrev,0.2151,-0.0178,-0.5558,799
zscore_reversion__period20__threshold2.0,zscore_reversion,NVDA,meanrev,0.139,0.6103,-0.1355,442
zscore_reversion__period30__threshold1.5,zscore_reversion,NVDA,meanrev,0.019,-0.6017,-0.678,612
zscore_reversion__period30__threshold2.0,zscore_reversion,NVDA,meanrev,-0.3124,-0.0434,-0.4112,362
zscore_reversion__period60__threshold2.0,zscore_reversion,NVDA,meanrev,-0.2717,-0.2736,-0.4525,282
stochastic__k5__d3__lo20__hi80,stochastic,NVDA,meanrev,-0.1598,-0.7171,-0.7115,816
stochastic__k14__d3__lo20__hi80,stochastic,NVDA,meanrev,-0.0384,-0.3646,-0.6601,618
stochastic__k14__d3__lo30__hi70,stochastic,NVDA,meanrev,-0.1932,-0.2746,-0.7235,608
stochastic__k14__d5__lo20__hi80,stochastic,NVDA,meanrev,-0.1971,-0.489,-0.7091,406
stochastic__k21__d3__lo20__hi80,stochastic,NVDA,meanrev,-0.3398,-0.1697,-0.6682,502
cci_reversion__period14__threshold100,cci_reversion,NVDA,meanrev,0.0086,-0.3906,-0.6594,901
cci_reversion__period14__threshold150,cci_reversion,NVDA,meanrev,0.0306,0.4743,-0.268,582
cci_reversion__period20__threshold100,cci_reversion,NVDA,meanrev,0.124,-0.4699,-0.6551,758
cci_reversion__period20__threshold150,cci_reversion,NVDA,meanrev,0.1693,0.1771,-0.4055,498
cci_reversion__period30__threshold100,cci_reversion,NVDA,meanrev,-0.1544,-0.4934,-0.6674,585
williams_r__period14__lo-80__hi-20,williams_r,NVDA,meanrev,0.2835,-0.4444,-0.761,1068
williams_r__period14__lo-90__hi-10,williams_r,NVDA,meanrev,0.1282,-0.3359,-0.5985,1018
williams_r__period21__lo-80__hi-20,williams_r,NVDA,meanrev,0.1079,-0.0105,-0.6427,918
williams_r__period28__lo-80__hi-20,williams_r,NVDA,meanrev,-0.1201,-0.1929,-0.6854,751
keltner_reversion__period20__mult1.5,keltner_reversion,NVDA,meanrev,-0.1858,0.0729,-0.5835,635
keltner_reversion__period20__mult2.0,keltner_reversion,NVDA,meanrev,-0.2377,-0.0204,-0.5177,412
keltner_reversion__period20__mult2.5,keltner_reversion,NVDA,meanrev,-0.3627,-0.0023,-0.3629,288
keltner_reversion__period30__mult2.0,keltner_reversion,NVDA,meanrev,-0.1262,-0.115,-0.66,508
vwap_reversion__period20__z_thresh1.0,vwap_reversion,NVDA,meanrev,-0.1887,-0.2563,-0.6946,796
vwap_reversion__period20__z_thresh1.5,vwap_reversion,NVDA,meanrev,-0.0902,-0.2837,-0.6284,670
vwap_reversion__period20__z_thresh2.0,vwap_reversion,NVDA,meanrev,-0.2374,0.0535,-0.4866,498
percent_b__period20__std2.0__lo0.05__hi0.95,percent_b,NVDA,meanrev,0.0869,0.4239,-0.4018,546
percent_b__period20__std2.0__lo0.1__hi0.9,percent_b,NVDA,meanrev,0.2113,0.2379,-0.4667,717
percent_b__period20__std2.0__lo0.2__hi0.8,percent_b,NVDA,meanrev,0.2775,-0.3097,-0.6666,909
percent_b__period30__std2.0__lo0.2__hi0.8,percent_b,NVDA,meanrev,-0.1701,-0.2784,-0.6839,711
connors_rsi__rsi_period3__streak_period2__rank_period100,connors_rsi,NVDA,meanrev,0.191,0.6987,-0.3133,1188
connors_rsi__rsi_period2__streak_period3__rank_period100,connors_rsi,NVDA,meanrev,0.2897,0.9359,-0.2118,1244
ultimate_osc__p17__p214__p328,ultimate_osc,NVDA,meanrev,-0.1902,0.3256,-0.1366,168
ultimate_osc__p14__p28__p316,ultimate_osc,NVDA,meanrev,-0.2054,-0.1555,-0.333,476
gap_fade__threshold0.01,gap_fade,NVDA,meanrev,-0.0995,-0.4055,-0.6414,1732
gap_fade__threshold0.015,gap_fade,NVDA,meanrev,0.2693,-0.2269,-0.5675,1135
gap_fade__threshold0.02,gap_fade,NVDA,meanrev,0.1175,-0.3644,-0.5021,765
obv_trend__period10,obv_trend,NVDA,volume,0.2761,0.2808,-0.4657,739
obv_trend__period20,obv_trend,NVDA,volume,-0.0191,-0.0223,-0.6606,520
obv_trend__period50,obv_trend,NVDA,volume,0.3018,0.4753,-0.5236,301
chaikin_mf__period10,chaikin_mf,NVDA,volume,-0.1202,-0.3572,-0.8018,576
chaikin_mf__period20,chaikin_mf,NVDA,volume,-0.1066,-0.0689,-0.6312,422
chaikin_mf__period21,chaikin_mf,NVDA,volume,-0.1894,0.6899,-0.4009,376
mfi__period10,mfi,NVDA,volume,-0.4545,0.2656,-0.3077,286
mfi__period14,mfi,NVDA,volume,-0.4193,0.1371,-0.1838,134
mfi__period21,mfi,NVDA,volume,0.1359,-0.6851,-0.2436,44
volume_surge__period10__mult1.5,volume_surge,NVDA,volume,-0.481,-1.0044,-0.6302,482
volume_surge__period20__mult2.0,volume_surge,NVDA,volume,0.015,-0.1598,-0.2876,181
volume_surge__period20__mult3.0,volume_surge,NVDA,volume,0.143,0.5602,-0.0172,40
force_index__period2,force_index,NVDA,volume,-0.3547,-0.5187,-0.8431,1349
force_index__period13,force_index,NVDA,volume,0.1744,0.1543,-0.5872,476
force_index__period20,force_index,NVDA,volume,0.1421,-0.2246,-0.6999,382
chaikin_osc__fast3__slow10,chaikin_osc,NVDA,volume,-0.2643,-0.3588,-0.7508,431
chaikin_osc__fast3__slow12,chaikin_osc,NVDA,volume,-0.2795,-0.2717,-0.7402,407
chaikin_osc__fast5__slow12,chaikin_osc,NVDA,volume,-0.1124,-0.2635,-0.7093,297
atr_breakout__period10__mult1.5,atr_breakout,NVDA,volatility,0.046,-0.1816,-0.3787,578
atr_breakout__period14__mult1.5,atr_breakout,NVDA,volatility,0.1285,0.0167,-0.4314,640
atr_breakout__period14__mult2.0,atr_breakout,NVDA,volatility,0.0161,0.2324,-0.3461,432
atr_breakout__period20__mult2.0,atr_breakout,NVDA,volatility,0.2057,-0.2829,-0.4718,484
atr_breakout__period20__mult2.5,atr_breakout,NVDA,volatility,0.24,0.0601,-0.2946,338
vol_breakout__period10__mult0.5,vol_breakout,NVDA,volatility,-0.4971,-1.1805,-0.9211,2562
vol_breakout__period20__mult1.0,vol_breakout,NVDA,volatility,-0.4259,-0.5649,-0.6542,2099
vol_breakout__period20__mult1.5,vol_breakout,NVDA,volatility,-0.4044,-0.5521,-0.5414,1382
vol_breakout__period30__mult1.0,vol_breakout,NVDA,volatility,-0.498,-0.728,-0.7114,2095
squeeze_breakout__bb_period20__kc_period20__bb_std2.0__kc_mult1.5,squeeze_breakout,NVDA,volatility,0.3796,0.4368,-0.4854,182
squeeze_breakout__bb_period20__kc_period20__bb_std2.0__kc_mult1.0,squeeze_breakout,NVDA,volatility,0.3312,0.3839,-0.5602,122
squeeze_breakout__bb_period30__kc_period30__bb_std2.0__kc_mult1.5,squeeze_breakout,NVDA,volatility,0.3315,0.5436,-0.5177,89
engulfing,engulfing,NVDA,pattern,-0.216,-0.7008,-0.3631,540
three_bar_reversal,three_bar_reversal,NVDA,pattern,0.4368,0.4352,-0.2571,918
higher_highs_lows__period5,higher_highs_lows,NVDA,pattern,-0.1006,0.1943,-0.5764,797
higher_highs_lows__period10,higher_highs_lows,NVDA,pattern,0.2648,0.0612,-0.6323,451
higher_highs_lows__period20,higher_highs_lows,NVDA,pattern,0.2584,0.4052,-0.3689,216
pivot_bounce__period5,pivot_bounce,NVDA,pattern,-0.0286,0.3748,-0.3194,1193
pivot_bounce__period10,pivot_bounce,NVDA,pattern,-0.1096,-0.0523,-0.556,1106
pivot_bounce__period20,pivot_bounce,NVDA,pattern,-0.0657,-0.5755,-0.6301,854
macd_rsi_combo__fast12__slow26__signal9__rsi_period14__rsi_lo40__rsi_hi60,macd_rsi_combo,NVDA,composite,0.1975,-0.0111,-0.5219,533
macd_rsi_combo__fast12__slow26__signal9__rsi_period14__rsi_lo45__rsi_hi55,macd_rsi_combo,NVDA,composite,0.1885,0.048,-0.5294,647
macd_rsi_combo__fast8__slow21__signal5__rsi_period14__rsi_lo40__rsi_hi60,macd_rsi_combo,NVDA,composite,0.0932,0.0142,-0.5286,621
macd_rsi_combo__fast5__slow35__signal5__rsi_period14__rsi_lo40__rsi_hi60,macd_rsi_combo,NVDA,composite,0.0703,0.0191,-0.5355,651
triple_screen__trend_period20__osc_period14__osc_lo40__osc_hi60,triple_screen,NVDA,composite,0.2223,0.0,0.0,6
triple_screen__trend_period30__osc_period14__osc_lo40__osc_hi60,triple_screen,NVDA,composite,0.2223,0.0,0.0,6
triple_screen__trend_period50__osc_period14__osc_lo35__osc_hi65,triple_screen,NVDA,composite,0.1761,0.0,0.0,4
triple_screen__trend_period20__osc_period7__osc_lo30__osc_hi70,triple_screen,NVDA,composite,-0.1444,0.0,0.0,2
chandelier_exit__period14__mult2.0,chandelier_exit,NVDA,composite,0.2472,0.0662,-0.5428,545
chandelier_exit__period22__mult3.0,chandelier_exit,NVDA,composite,0.5389,-0.1404,-0.6713,376
chandelier_exit__period22__mult2.0,chandelier_exit,NVDA,composite,0.4106,0.3108,-0.4248,591
chandelier_exit__period10__mult2.0,chandelier_exit,NVDA,composite,0.7097,-0.237,-0.6373,491
high52_momentum__period252__threshold0.7,high52_momentum,NVDA,trend,0.6906,1.0222,-0.3868,143
high52_momentum__period252__threshold0.75,high52_momentum,NVDA,trend,0.631,0.9001,-0.4225,169
high52_momentum__period252__threshold0.8,high52_momentum,NVDA,trend,0.3992,0.687,-0.4135,251
high52_momentum__period126__threshold0.7,high52_momentum,NVDA,trend,0.648,0.4333,-0.5672,299
high52_momentum__period126__threshold0.75,high52_momentum,NVDA,trend,0.7909,0.454,-0.4778,299
short_reversal__period5,short_reversal,NVDA,meanrev,-0.091,-0.5117,-0.8517,753
short_reversal__period10,short_reversal,NVDA,meanrev,-0.1516,-0.0046,-0.72,517
short_reversal__period15,short_reversal,NVDA,meanrev,-0.1686,-0.1235,-0.8241,444
short_reversal__period20,short_reversal,NVDA,meanrev,-0.4825,-0.6379,-0.877,352
low_vol_regime__period20__ma_period60,low_vol_regime,NVDA,volatility,0.3668,0.0489,-0.3973,136
low_vol_regime__period20__ma_period120,low_vol_regime,NVDA,volatility,0.4266,-0.0879,-0.4017,170
low_vol_regime__period60__ma_period120,low_vol_regime,NVDA,volatility,0.4291,0.5213,-0.271,57
low_vol_regime__period20__ma_period252,low_vol_regime,NVDA,volatility,0.4415,0.1304,-0.4449,178
low_vol_regime__period60__ma_period252,low_vol_regime,NVDA,volatility,0.3523,-0.1021,-0.3669,56
low_vol_regime__period120__ma_period252,low_vol_regime,NVDA,volatility,0.1604,-0.0539,-0.289,32
nr_breakout__nr_period4__exit_bars3,nr_breakout,NVDA,pattern,-0.1793,0.2958,-0.35,986
nr_breakout__nr_period4__exit_bars5,nr_breakout,NVDA,pattern,0.3086,0.2009,-0.4059,760
nr_breakout__nr_period7__exit_bars3,nr_breakout,NVDA,pattern,0.0548,0.183,-0.3728,699
nr_breakout__nr_period7__exit_bars5,nr_breakout,NVDA,pattern,0.0289,0.1633,-0.384,599
nr_breakout__nr_period10__exit_bars5,nr_breakout,NVDA,pattern,-0.0545,0.2097,-0.3629,471
nr_breakout__nr_period10__exit_bars10,nr_breakout,NVDA,pattern,-0.2468,-0.1066,-0.5941,386
overnight_gap__period1__threshold0.001,overnight_gap,NVDA,volume,0.0858,0.5536,-0.5302,2185
overnight_gap__period1__threshold0.003,overnight_gap,NVDA,volume,0.0358,0.415,-0.5786,2410
overnight_gap__period3__threshold0.001,overnight_gap,NVDA,volume,0.0993,0.0114,-0.6572,1356
overnight_gap__period3__threshold0.003,overnight_gap,NVDA,volume,-0.1613,0.2792,-0.508,1451
overnight_gap__period5__threshold0.001,overnight_gap,NVDA,volume,-0.1111,0.1252,-0.5515,1149
overnight_gap__period5__threshold0.003,overnight_gap,NVDA,volume,-0.0486,0.2734,-0.4883,1096
coppock_curve__roc1252__roc2189__wma_period63,coppock_curve,NVDA,trend,0.5658,1.1712,-0.4999,6
coppock_curve__roc1189__roc2126__wma_period42,coppock_curve,NVDA,trend,0.7329,1.3102,-0.3888,9
coppock_curve__roc1126__roc2100__wma_period21,coppock_curve,NVDA,trend,0.8112,0.975,-0.4168,25
bll_filter__pct0.005__hold0,bll_filter,NVDA,trend,-0.4527,-0.9211,-0.9245,1540
bll_filter__pct0.01__hold0,bll_filter,NVDA,trend,-0.5741,-0.1367,-0.719,1252
bll_filter__pct0.02__hold0,bll_filter,NVDA,trend,-0.3916,0.2148,-0.588,834
bll_filter__pct0.005__hold10,bll_filter,NVDA,trend,-0.4216,-0.8823,-0.9177,1556
bll_filter__pct0.01__hold10,bll_filter,NVDA,trend,-0.6214,-0.0826,-0.691,1296
bll_filter__pct0.01__hold20,bll_filter,NVDA,trend,-0.5717,-0.1367,-0.719,1252
bll_filter__pct0.02__hold10,bll_filter,NVDA,trend,-0.4781,0.1445,-0.5907,957
frog_in_pan__lookback252__skip21__id_cutoff0.5,frog_in_pan,NVDA,trend,0.6044,0.9942,-0.5896,68
frog_in_pan__lookback252__skip21__id_cutoff0.45,frog_in_pan,NVDA,trend,0.3161,1.0265,-0.2705,81
frog_in_pan__lookback252__skip0__id_cutoff0.5,frog_in_pan,NVDA,trend,0.6678,1.2386,-0.3911,68
frog_in_pan__lookback126__skip21__id_cutoff0.5,frog_in_pan,NVDA,trend,0.7157,0.8091,-0.5129,176
frog_in_pan__lookback126__skip21__id_cutoff0.45,frog_in_pan,NVDA,trend,0.8706,0.5971,-0.2705,152
vol_mom__mom_period126__vol_period126__skip21__vol_weight0.5,vol_mom,NVDA,composite,0.681,0.673,-0.5295,125
vol_mom__mom_period126__vol_period126__skip0__vol_weight0.5,vol_mom,NVDA,composite,0.9009,0.7963,-0.3881,127
vol_mom__mom_period252__vol_period126__skip21__vol_weight0.5,vol_mom,NVDA,composite,0.6064,0.8957,-0.4999,73
vol_mom__mom_period63__vol_period63__skip0__vol_weight0.3,vol_mom,NVDA,composite,0.7879,0.5644,-0.4812,140
vol_mom__mom_period126__vol_period126__skip21__vol_weight0.3,vol_mom,NVDA,composite,0.6867,0.8966,-0.5678,83
seasonality__n_years2,seasonality,NVDA,pattern,0.1695,0.8119,-0.6026,67
seasonality__n_years3,seasonality,NVDA,pattern,0.5741,0.1968,-0.6586,65
seasonality__n_years5,seasonality,NVDA,pattern,0.6193,1.1003,-0.6026,43
residual_mom__lookback252__skip21,residual_mom,NVDA,trend,0.4977,0.9632,-0.5301,31
residual_mom__lookback252__skip0,residual_mom,NVDA,trend,0.7794,1.0799,-0.6,31
residual_mom__lookback126__skip21,residual_mom,NVDA,trend,0.6656,0.9244,-0.5767,67
vol_scaled_mom__rv_window21__vol_target0.12__damp0.5,vol_scaled_mom,NVDA,trend,0.4186,1.2612,-0.1581,3498
vol_scaled_mom__rv_window21__vol_target0.08__damp0.5,vol_scaled_mom,NVDA,trend,0.4157,1.2612,-0.1077,3499
vol_scaled_mom__rv_window63__vol_target0.12__damp0.5,vol_scaled_mom,NVDA,trend,0.475,1.1962,-0.2086,3499
vol_scaled_mom__rv_window21__vol_target0.12__damp0.0,vol_scaled_mom,NVDA,trend,0.4364,1.2456,-0.167,3460
vol_scaled_mom__rv_window21__vol_target0.15__damp0.5,vol_scaled_mom,NVDA,trend,0.423,1.2612,-0.1945,3442
dema_crossover__fast5__slow20,dema_crossover,NVDA,trend,-0.1992,0.0751,-0.8023,417
dema_crossover__fast10__slow40,dema_crossover,NVDA,trend,-0.3187,0.0649,-0.6854,232
dema_crossover__fast12__slow26,dema_crossover,NVDA,trend,-0.2604,0.0156,-0.6606,246
dema_crossover__fast20__slow50,dema_crossover,NVDA,trend,0.0405,0.4381,-0.4552,126
dema_crossover__fast10__slow30,dema_crossover,NVDA,trend,-0.2082,-0.0606,-0.69,250
tema_crossover__fast5__slow20,tema_crossover,NVDA,trend,-0.1584,0.2469,-0.5429,557
tema_crossover__fast10__slow40,tema_crossover,NVDA,trend,-0.2723,-0.0867,-0.775,309
tema_crossover__fast12__slow26,tema_crossover,NVDA,trend,-0.2578,0.2238,-0.8282,303
tema_crossover__fast20__slow50,tema_crossover,NVDA,trend,-0.3329,0.5824,-0.4212,196
tema_crossover__fast10__slow30,tema_crossover,NVDA,trend,-0.2194,0.1866,-0.7782,317
price_acceleration__period10__smooth3,price_acceleration,NVDA,trend,-0.0793,0.3417,-0.7537,1014
price_acceleration__period20__smooth5,price_acceleration,NVDA,trend,-0.0943,0.0533,-0.5836,743
price_acceleration__period20__smooth3,price_acceleration,NVDA,trend,0.0672,-0.4277,-0.8719,982
price_acceleration__period30__smooth5,price_acceleration,NVDA,trend,-0.0011,0.1382,-0.6869,781
price_acceleration__period40__smooth10,price_acceleration,NVDA,trend,-0.1061,-0.0969,-0.7227,556
price_acceleration__period10__smooth5,price_acceleration,NVDA,trend,-0.1581,0.3197,-0.6223,741
turn_of_month__days_before3__days_after3,turn_of_month,NVDA,pattern,0.564,0.4704,-0.3124,360
turn_of_month__days_before4__days_after4,turn_of_month,NVDA,pattern,0.6059,0.8498,-0.3358,360
turn_of_month__days_before5__days_after5,turn_of_month,NVDA,pattern,0.6058,1.0417,-0.2707,360
turn_of_month__days_before3__days_after5,turn_of_month,NVDA,pattern,0.6651,0.6686,-0.2721,360
trend_intensity__period20,trend_intensity,NVDA,trend,0.0716,0.2328,-0.2456,380
trend_intensity__period30,trend_intensity,NVDA,trend,0.0651,-0.1775,-0.3459,278
trend_intensity__period50,trend_intensity,NVDA,trend,-0.0618,-0.4426,-0.4287,218
trend_intensity__period63,trend_intensity,NVDA,trend,-0.5204,-0.565,-0.4751,184
ma_regime_momentum__regime_ma200__mom_period126__skip21,ma_regime_momentum,NVDA,trend,0.763,1.0463,-0.3082,137
ma_regime_momentum__regime_ma200__mom_period252__skip21,ma_regime_momentum,NVDA,trend,0.5535,1.2278,-0.2705,91
ma_regime_momentum__regime_ma200__mom_period63__skip0,ma_regime_momentum,NVDA,trend,0.9507,0.8198,-0.4451,191
ma_regime_momentum__regime_ma100__mom_period126__skip21,ma_regime_momentum,NVDA,trend,0.4805,0.801,-0.3796,260
ma_regime_momentum__regime_ma50__mom_period63__skip0,ma_regime_momentum,NVDA,trend,0.7067,0.3753,-0.5254,374
fisher_transform__period5,fisher_transform,NVDA,trend,0.2101,0.2373,-0.5824,859
fisher_transform__period10,fisher_transform,NVDA,trend,0.3679,0.0447,-0.6678,559
fisher_transform__period20,fisher_transform,NVDA,trend,0.29,0.4431,-0.5202,375
fisher_transform__period30,fisher_transform,NVDA,trend,0.1139,0.228,-0.5913,327
relative_vigor__period10,relative_vigor,NVDA,trend,-0.4787,-0.3187,-0.7592,1086
relative_vigor__period14,relative_vigor,NVDA,trend,-0.4787,-0.3187,-0.7592,1086
relative_vigor__period20,relative_vigor,NVDA,trend,-0.4787,-0.3187,-0.7592,1086
chande_momentum__period14__threshold0.0,chande_momentum,NVDA,trend,0.2593,0.0623,-0.708,422
chande_momentum__period20__threshold0.0,chande_momentum,NVDA,trend,0.4531,0.6185,-0.3805,353
chande_momentum__period20__threshold10.0,chande_momentum,NVDA,trend,0.4641,0.3456,-0.4104,654
chande_momentum__period30__threshold0.0,chande_momentum,NVDA,trend,0.4427,-0.0109,-0.6188,326
chande_momentum__period9__threshold0.0,chande_momentum,NVDA,trend,0.0877,0.338,-0.492,521
demarker__period14__hi_thresh0.7__lo_thresh0.3,demarker,NVDA,meanrev,-0.0174,-0.0439,-0.5631,516
demarker__period14__hi_thresh0.8__lo_thresh0.2,demarker,NVDA,meanrev,-0.3214,0.0235,-0.4351,250
demarker__period21__hi_thresh0.7__lo_thresh0.3,demarker,NVDA,meanrev,-0.2683,-0.3173,-0.6426,312
demarker__period9__hi_thresh0.7__lo_thresh0.3,demarker,NVDA,meanrev,-0.2125,-0.0252,-0.682,773
stoch_rsi__rsi_period14__stoch_period14__lo20.0__hi80.0,stoch_rsi,NVDA,meanrev,0.1698,-0.0416,-0.59,743
stoch_rsi__rsi_period14__stoch_period14__lo10.0__hi90.0,stoch_rsi,NVDA,meanrev,0.2964,0.1499,-0.5359,678
stoch_rsi__rsi_period7__stoch_period14__lo20.0__hi80.0,stoch_rsi,NVDA,meanrev,0.3028,-0.0158,-0.6039,812
stoch_rsi__rsi_period21__stoch_period21__lo20.0__hi80.0,stoch_rsi,NVDA,meanrev,-0.0296,-0.2369,-0.723,576
hurst_regime__period100__trend_thresh0.55__mr_thresh0.45,hurst_regime,NVDA,trend,-0.1873,0.855,-0.3161,313
hurst_regime__period60__trend_thresh0.55__mr_thresh0.45,hurst_regime,NVDA,trend,0.1085,0.4858,-0.2979,543
hurst_regime__period100__trend_thresh0.58__mr_thresh0.42,hurst_regime,NVDA,trend,-0.0993,0.2733,-0.2261,132
psych_line__period12__hi_thresh75.0__lo_thresh25.0,psych_line,NVDA,meanrev,0.693,-0.5833,-0.2235,88
psych_line__period12__hi_thresh65.0__lo_thresh35.0,psych_line,NVDA,meanrev,-0.1051,-0.3954,-0.6149,614
psych_line__period20__hi_thresh70.0__lo_thresh30.0,psych_line,NVDA,meanrev,0.3006,-0.4642,-0.2209,64
er_regime__er_period10__mom_period20__er_thresh0.4,er_regime,NVDA,trend,0.1096,-0.3226,-0.6067,1540
er_regime__er_period10__mom_period20__er_thresh0.3,er_regime,NVDA,trend,0.3822,-0.1599,-0.601,1529
er_regime__er_period14__mom_period20__er_thresh0.4,er_regime,NVDA,trend,-0.3526,-0.2917,-0.8425,1355
er_regime__er_period20__mom_period40__er_thresh0.4,er_regime,NVDA,trend,0.0869,0.2569,-0.6701,996
er_regime__er_period10__mom_period10__er_thresh0.4,er_regime,NVDA,trend,0.2324,0.4234,-0.3772,1719
mcginley_dynamic__fast5__slow20,mcginley_dynamic,NVDA,trend,0.5227,0.2595,-0.6334,177
mcginley_dynamic__fast10__slow40,mcginley_dynamic,NVDA,trend,0.6873,0.8919,-0.52,73
mcginley_dynamic__fast12__slow26,mcginley_dynamic,NVDA,trend,0.5544,0.3726,-0.571,105
mcginley_dynamic__fast5__slow14,mcginley_dynamic,NVDA,trend,0.4137,0.1527,-0.4682,229
cci_trend__period14__threshold50.0,cci_trend,NVDA,trend,0.0757,0.227,-0.5783,863
cci_trend__period20__threshold50.0,cci_trend,NVDA,trend,0.2553,0.5306,-0.5197,716
cci_trend__period20__threshold100.0,cci_trend,NVDA,trend,-0.165,0.4387,-0.279,758
cci_trend__period30__threshold50.0,cci_trend,NVDA,trend,0.3872,0.3856,-0.3984,548
cci_trend__period14__threshold100.0,cci_trend,NVDA,trend,-0.0559,0.3509,-0.3441,901
volume_roc__period10__signal_period5,volume_roc,NVDA,volume,0.0692,0.4596,-0.5008,873
volume_roc__period14__signal_period10,volume_roc,NVDA,volume,0.1687,0.1566,-0.5748,672
volume_roc__period20__signal_period10,volume_roc,NVDA,volume,0.4187,0.1249,-0.3926,568
volume_roc__period5__signal_period3,volume_roc,NVDA,volume,-0.128,0.4775,-0.2978,1252
hv_ratio__fast_period10__slow_period100__thresh_hi1.5__thresh_lo0.7,hv_ratio,NVDA,volatility,0.261,0.0185,-0.5045,472
hv_ratio__fast_period10__slow_period60__thresh_hi1.5__thresh_lo0.7,hv_ratio,NVDA,volatility,0.2967,-0.3432,-0.5702,448
hv_ratio__fast_period21__slow_period100__thresh_hi1.5__thresh_lo0.7,hv_ratio,NVDA,volatility,0.3353,-0.7185,-0.6016,189
hv_ratio__fast_period10__slow_period100__thresh_hi2.0__thresh_lo0.5,hv_ratio,NVDA,volatility,0.0151,-0.4899,-0.2538,187
zscore_trend__z_period20__trend_period50__z_thresh1.5,zscore_trend,NVDA,meanrev,0.504,0.3893,-0.1776,106
zscore_trend__z_period20__trend_period50__z_thresh1.0,zscore_trend,NVDA,meanrev,0.3673,-0.2014,-0.2021,174
zscore_trend__z_period20__trend_period100__z_thresh1.5,zscore_trend,NVDA,meanrev,0.3594,0.7741,-0.1375,210
zscore_trend__z_period30__trend_period100__z_thresh2.0,zscore_trend,NVDA,meanrev,-0.3266,0.3217,-0.1027,44
cmo_fisher__fisher_period10__cmo_period14__score_thresh0.3,cmo_fisher,NVDA,trend,-0.0834,0.1778,-0.3318,819
cmo_fisher__fisher_period10__cmo_period14__score_thresh0.2,cmo_fisher,NVDA,trend,-0.076,0.1129,-0.4652,958
cmo_fisher__fisher_period14__cmo_period20__score_thresh0.3,cmo_fisher,NVDA,trend,0.3197,0.546,-0.3063,616
cmo_fisher__fisher_period8__cmo_period14__score_thresh0.2,cmo_fisher,NVDA,trend,-0.0979,-0.0692,-0.4445,1076
rvi_divergence__rvi_period10__lookback5,rvi_divergence,NVDA,meanrev,-0.0703,-1.1429,-0.2159,18
rvi_divergence__rvi_period10__lookback8,rvi_divergence,NVDA,meanrev,0.2675,-0.4328,-0.0758,10
rvi_divergence__rvi_period14__lookback5,rvi_divergence,NVDA,meanrev,-0.0703,-1.1429,-0.2159,18
adaptive_rsi__base_period14__fast_n2__slow_n30,adaptive_rsi,NVDA,meanrev,-0.4027,-0.2752,-0.7971,271
adaptive_rsi__base_period14__fast_n2__slow_n60,adaptive_rsi,NVDA,meanrev,-0.4255,-0.0569,-0.7183,264
adaptive_rsi__base_period9__fast_n2__slow_n30,adaptive_rsi,NVDA,meanrev,-0.2084,-0.1816,-0.7954,392
adaptive_rsi__base_period21__fast_n2__slow_n30,adaptive_rsi,NVDA,meanrev,-0.4489,-0.1649,-0.6906,180
elder_impulse__ema_period8,elder_impulse,NVDA,composite,-0.1514,0.052,-0.542,1416
elder_impulse__ema_period13,elder_impulse,NVDA,composite,-0.1419,-0.1589,-0.5352,1373
elder_impulse__ema_period20,elder_impulse,NVDA,composite,-0.1383,-0.1479,-0.5504,1310
klinger_osc__fast34__slow55__signal13,klinger_osc,NVDA,volume,-0.0363,0.1093,-0.7384,714
klinger_osc__fast21__slow34__signal9,klinger_osc,NVDA,volume,-0.2822,-0.0685,-0.7264,910
klinger_osc__fast55__slow89__signal13,klinger_osc,NVDA,volume,0.0355,-0.0003,-0.6306,646
price_oscillator__fast10__slow30__signal9,price_oscillator,NVDA,trend,-0.426,-0.0629,-0.7763,333
price_oscillator__fast12__slow26__signal9,price_oscillator,NVDA,trend,-0.3831,-0.2363,-0.8272,327
price_oscillator__fast5__slow20__signal5,price_oscillator,NVDA,trend,0.0456,0.3686,-0.6377,529
price_oscillator__fast20__slow50__signal9,price_oscillator,NVDA,trend,-0.2731,0.1426,-0.6826,238
baz_trend__ewmstd_span42,baz_trend,NVDA,trend,0.2531,0.5955,-0.5056,82
baz_trend__ewmstd_span63,baz_trend,NVDA,trend,0.2531,0.5955,-0.5056,82
baz_trend__ewmstd_span126,baz_trend,NVDA,trend,0.2531,0.5955,-0.5056,82
intermediate_mom__start252__end126,intermediate_mom,NVDA,trend,0.1877,0.9362,-0.6026,85
intermediate_mom__start189__end105,intermediate_mom,NVDA,trend,0.4025,0.606,-0.6499,133
intermediate_mom__start168__end84,intermediate_mom,NVDA,trend,0.298,0.4862,-0.5027,133
intermediate_mom__start252__end63,intermediate_mom,NVDA,trend,0.6719,1.0338,-0.6026,63
mom_crash_protect__bear_lookback504__bear_thresh-0.2__damp0.0,mom_crash_protect,NVDA,trend,0.4889,1.184,-0.5204,55
mom_crash_protect__bear_lookback504__bear_thresh-0.2__damp0.25,mom_crash_protect,NVDA,trend,0.4766,1.184,-0.5204,55
mom_crash_protect__bear_lookback252__bear_thresh-0.2__damp0.0,mom_crash_protect,NVDA,trend,0.6375,1.1633,-0.5204,77
mom_crash_protect__bear_lookback504__bear_thresh-0.25__damp0.0,mom_crash_protect,NVDA,trend,0.4962,1.184,-0.5204,61
consistent_mom__consistency_thresh0.5,consistent_mom,NVDA,trend,0.6906,0.9733,-0.535,323
consistent_mom__consistency_thresh0.58,consistent_mom,NVDA,trend,0.656,0.8477,-0.4808,427
consistent_mom__consistency_thresh0.67,consistent_mom,NVDA,trend,0.6733,1.0999,-0.2544,481
signed_range_mom__period10__threshold0.1,signed_range_mom,NVDA,trend,-0.1407,0.2025,-0.5477,1017
signed_range_mom__period21__threshold0.1,signed_range_mom,NVDA,trend,0.0246,-0.1825,-0.5549,687
signed_range_mom__period21__threshold0.15,signed_range_mom,NVDA,trend,0.3346,-0.0733,-0.496,544
signed_range_mom__period42__threshold0.1,signed_range_mom,NVDA,trend,0.5653,-0.1482,-0.4859,431
signed_range_mom__period63__threshold0.1,signed_range_mom,NVDA,trend,0.3522,-0.1728,-0.5492,320
multi_tsmom,multi_tsmom,NVDA,trend,0.7526,1.0852,-0.2744,277
"multi_tsmom__lookbacks(63, 126, 252)",multi_tsmom,NVDA,trend,0.9336,1.062,-0.435,83
"multi_tsmom__lookbacks(21, 63, 252)",multi_tsmom,NVDA,trend,0.6222,1.1412,-0.3164,204
"multi_tsmom__lookbacks(21, 63, 126, 252)__weights(0.4, 0.3, 0.2, 0.1)",multi_tsmom,NVDA,trend,0.5168,1.0274,-0.3012,212
"multi_tsmom__lookbacks(21, 63, 126, 252)__weights(0.1, 0.2, 0.3, 0.4)",multi_tsmom,NVDA,trend,0.8377,1.1447,-0.435,117
ma_crossover__fast5__slow20__kindsma,ma_crossover,TSLA,trend,0.7521,-0.2649,-0.8487,222
ma_crossover__fast10__slow30__kindsma,ma_crossover,TSLA,trend,0.7099,-0.1819,-0.8703,130
ma_crossover__fast20__slow50__kindsma,ma_crossover,TSLA,trend,0.3099,-0.1036,-0.8887,83
ma_crossover__fast50__slow100__kindsma,ma_crossover,TSLA,trend,0.2631,0.599,-0.7549,42
ma_crossover__fast50__slow200__kindsma,ma_crossover,TSLA,trend,0.3511,0.169,-0.8475,24
ma_crossover__fast100__slow200__kindsma,ma_crossover,TSLA,trend,0.566,0.1032,-0.871,20
ma_crossover__fast10__slow50__kindsma,ma_crossover,TSLA,trend,0.5017,-0.2071,-0.8489,86
ma_crossover__fast20__slow100__kindsma,ma_crossover,TSLA,trend,-0.0803,0.7175,-0.7455,48
ma_crossover__fast5__slow20__kindema,ma_crossover,TSLA,trend,0.5826,-0.0237,-0.8057,230
ma_crossover__fast12__slow26__kindema,ma_crossover,TSLA,trend,0.4135,-0.0201,-0.7753,120
ma_crossover__fast10__slow50__kindema,ma_crossover,TSLA,trend,0.1656,-0.1863,-0.9008,112
ma_crossover__fast20__slow100__kindema,ma_crossover,TSLA,trend,0.1239,0.0197,-0.8869,56
ts_momentum__period21,ts_momentum,TSLA,trend,0.7638,-0.0199,-0.8177,319
ts_momentum__period42,ts_momentum,TSLA,trend,0.2067,0.0271,-0.782,218
ts_momentum__period63,ts_momentum,TSLA,trend,0.1354,0.0794,-0.8925,201
ts_momentum__period126,ts_momentum,TSLA,trend,0.5343,0.1894,-0.7998,130
ts_momentum__period252,ts_momentum,TSLA,trend,0.2478,0.2266,-0.8264,130
roc_momentum__period5,roc_momentum,TSLA,trend,0.0975,-0.0321,-0.8452,724
roc_momentum__period10,roc_momentum,TSLA,trend,0.2281,0.0856,-0.7677,480
roc_momentum__period20,roc_momentum,TSLA,trend,0.7669,-0.2487,-0.9086,334
roc_momentum__period30,roc_momentum,TSLA,trend,0.519,-0.5875,-0.9218,292
roc_momentum__period60,roc_momentum,TSLA,trend,-0.1701,0.2906,-0.8603,197
macd_signal__fast12__slow26__signal9,macd_signal,TSLA,trend,0.4397,0.4078,-0.6958,283
macd_signal__fast8__slow17__signal9,macd_signal,TSLA,trend,0.346,-0.1669,-0.8496,351
macd_signal__fast5__slow35__signal5,macd_signal,TSLA,trend,0.07,0.1116,-0.7756,475
macd_signal__fast3__slow10__signal16,macd_signal,TSLA,trend,0.0971,0.1712,-0.6486,513
donchian_breakout__period10,donchian_breakout,TSLA,trend,-0.235,-0.0653,-0.5562,898
donchian_breakout__period20,donchian_breakout,TSLA,trend,0.0896,0.2984,-0.323,628
donchian_breakout__period30,donchian_breakout,TSLA,trend,0.0233,0.2953,-0.3418,514
donchian_breakout__period40,donchian_breakout,TSLA,trend,0.0615,0.8247,-0.2851,436
donchian_breakout__period55,donchian_breakout,TSLA,trend,-0.1276,0.9302,-0.2072,366
bb_breakout__period20__std1.5,bb_breakout,TSLA,trend,0.7683,0.3038,-0.423,653
bb_breakout__period20__std2.0,bb_breakout,TSLA,trend,0.1173,0.6873,-0.3813,411
bb_breakout__period20__std2.5,bb_breakout,TSLA,trend,0.0705,-0.1064,-0.2099,184
bb_breakout__period30__std2.0,bb_breakout,TSLA,trend,0.3627,0.1634,-0.4227,348
bb_breakout__period50__std2.0,bb_breakout,TSLA,trend,0.5076,0.4119,-0.2481,314
supertrend__period7__mult2.0,supertrend,TSLA,trend,0.3375,-0.0783,-0.8783,201
supertrend__period7__mult3.0,supertrend,TSLA,trend,0.178,0.0285,-0.7514,108
supertrend__period10__mult3.0,supertrend,TSLA,trend,0.1627,0.0179,-0.7469,108
supertrend__period14__mult2.0,supertrend,TSLA,trend,0.4559,-0.4767,-0.8869,203
supertrend__period14__mult3.0,supertrend,TSLA,trend,0.1862,0.0315,-0.7469,108
parabolic_sar__step0.01__max_af0.1,parabolic_sar,TSLA,trend,0.2671,0.233,-0.7923,187
parabolic_sar__step0.02__max_af0.2,parabolic_sar,TSLA,trend,0.0293,-0.5383,-0.9416,319
parabolic_sar__step0.03__max_af0.2,parabolic_sar,TSLA,trend,0.1702,0.0532,-0.8592,375
parabolic_sar__step0.05__max_af0.2,parabolic_sar,TSLA,trend,-0.1711,-0.2636,-0.8753,491
adx_trend__period14__threshold20,adx_trend,TSLA,trend,0.3261,-0.285,-0.8491,243
adx_trend__period14__threshold25,adx_trend,TSLA,trend,0.1825,0.0428,-0.6585,187
adx_trend__period14__threshold30,adx_trend,TSLA,trend,-0.1,0.5078,-0.437,127
adx_trend__period21__threshold20,adx_trend,TSLA,trend,0.3481,0.2271,-0.5614,135
adx_trend__period21__threshold25,adx_trend,TSLA,trend,0.1412,0.1755,-0.5136,92
ichimoku__tenkan9__kijun26__senkou_b52,ichimoku,TSLA,trend,0.5057,0.206,-0.7189,485
ichimoku__tenkan7__kijun22__senkou_b44,ichimoku,TSLA,trend,0.5793,-0.1054,-0.7553,514
linreg_slope__period10,linreg_slope,TSLA,trend,0.1212,0.3846,-0.6679,348
linreg_slope__period20,linreg_slope,TSLA,trend,0.8073,0.0765,-0.7377,192
linreg_slope__period30,linreg_slope,TSLA,trend,0.4528,-0.253,-0.8665,112
linreg_slope__period50,linreg_slope,TSLA,trend,0.2706,0.7051,-0.5892,64
aroon__period14,aroon,TSLA,trend,0.4896,-0.4445,-0.916,258
aroon__period25,aroon,TSLA,trend,0.6386,-0.3643,-0.9298,137
aroon__period50,aroon,TSLA,trend,-0.016,0.4703,-0.6519,69
vortex__period10,vortex,TSLA,trend,0.3059,-0.2933,-0.8577,448
vortex__period14,vortex,TSLA,trend,0.3089,-0.3488,-0.8869,369
vortex__period21,vortex,TSLA,trend,0.515,-0.1743,-0.9023,293
trix__period9,trix,TSLA,trend,0.8668,-0.0273,-0.8031,133
trix__period12,trix,TSLA,trend,0.5042,-0.0936,-0.8551,103
trix__period18,trix,TSLA,trend,0.2938,0.1313,-0.8828,69
hull_ma__period14,hull_ma,TSLA,trend,-0.0039,0.3305,-0.5595,535
hull_ma__period20,hull_ma,TSLA,trend,0.1431,0.1581,-0.6831,374
hull_ma__period30,hull_ma,TSLA,trend,0.4341,0.2203,-0.7744,280
hull_ma__period50,hull_ma,TSLA,trend,0.535,0.2679,-0.7191,192
kama__period5,kama,TSLA,trend,-0.1811,-0.0825,-0.769,1961
kama__period10,kama,TSLA,trend,-0.519,0.0,0.0,162
kama__period20,kama,TSLA,trend,-0.46,0.0,0.0,44
turtle__entry20__exit_p10,turtle,TSLA,trend,0.0896,0.2984,-0.323,628
turtle__entry55__exit_p20,turtle,TSLA,trend,-0.1276,0.9302,-0.2072,366
turtle__entry10__exit_p5,turtle,TSLA,trend,-0.235,-0.0653,-0.5562,898
dual_momentum__period63,dual_momentum,TSLA,trend,0.5424,0.8141,-0.6008,201
dual_momentum__period126,dual_momentum,TSLA,trend,0.7521,0.8154,-0.4228,131
dual_momentum__period252,dual_momentum,TSLA,trend,0.5235,0.8821,-0.5001,131
elder_ray__period13,elder_ray,TSLA,trend,0.2857,0.0637,-0.7993,555
elder_ray__period21,elder_ray,TSLA,trend,0.4388,-0.1568,-0.8733,456
elder_ray__period34,elder_ray,TSLA,trend,0.4309,-0.1858,-0.8986,352
rsi_reversion__period7__lo30__hi70,rsi_reversion,TSLA,meanrev,-0.5663,-0.1639,-0.5342,585
rsi_reversion__period7__lo25__hi75,rsi_reversion,TSLA,meanrev,-0.6842,-0.2384,-0.5514,417
rsi_reversion__period14__lo30__hi70,rsi_reversion,TSLA,meanrev,-0.3325,-0.7306,-0.6632,232
rsi_reversion__period14__lo25__hi75,rsi_reversion,TSLA,meanrev,-0.0918,-0.8391,-0.6308,134
rsi_reversion__period14__lo35__hi65,rsi_reversion,TSLA,meanrev,-0.4818,-0.251,-0.6,384
rsi_reversion__period21__lo30__hi70,rsi_reversion,TSLA,meanrev,-0.358,-0.6868,-0.5759,122
rsi_reversion__period21__lo25__hi75,rsi_reversion,TSLA,meanrev,-0.4365,-0.4955,-0.4582,64
rsi_reversion__period28__lo30__hi70,rsi_reversion,TSLA,meanrev,-0.2658,-0.3034,-0.4502,86
rsi_reversion__period30__lo30__hi70,rsi_reversion,TSLA,meanrev,-0.3436,-0.3368,-0.4502,72
rsi_reversion__period30__lo25__hi75,rsi_reversion,TSLA,meanrev,0.0746,-0.57,-0.3763,34
bb_reversion__period20__std1.5,bb_reversion,TSLA,meanrev,-0.7971,-0.3332,-0.6192,653
bb_reversion__period20__std2.0,bb_reversion,TSLA,meanrev,-0.1475,-0.7103,-0.6674,411
bb_reversion__period20__std2.5,bb_reversion,TSLA,meanrev,-0.0941,0.0878,-0.2355,184
bb_reversion__period30__std2.0,bb_reversion,TSLA,meanrev,-0.3871,-0.183,-0.5709,348
bb_reversion__period30__std2.5,bb_reversion,TSLA,meanrev,0.4486,-0.5578,-0.4923,194
bb_reversion__period50__std2.0,bb_reversion,TSLA,meanrev,-0.5246,-0.4309,-0.5601,314
zscore_reversion__period10__threshold1.0,zscore_reversion,TSLA,meanrev,-0.2834,-0.403,-0.7505,1158
zscore_reversion__period20__threshold1.5,zscore_reversion,TSLA,meanrev,-0.7971,-0.3332,-0.6192,653
zscore_reversion__period20__threshold2.0,zscore_reversion,TSLA,meanrev,-0.1475,-0.7103,-0.6674,411
zscore_reversion__period30__threshold1.5,zscore_reversion,TSLA,meanrev,-0.6753,-0.1206,-0.5344,556
zscore_reversion__period30__threshold2.0,zscore_reversion,TSLA,meanrev,-0.3871,-0.183,-0.5709,348
zscore_reversion__period60__threshold2.0,zscore_reversion,TSLA,meanrev,-0.2495,-0.4702,-0.6239,272
stochastic__k5__d3__lo20__hi80,stochastic,TSLA,meanrev,-0.3825,0.1272,-0.5293,796
stochastic__k14__d3__lo20__hi80,stochastic,TSLA,meanrev,-0.3656,0.3747,-0.4258,576
stochastic__k14__d3__lo30__hi70,stochastic,TSLA,meanrev,-0.4714,0.3283,-0.577,602
stochastic__k14__d5__lo20__hi80,stochastic,TSLA,meanrev,-0.4611,0.2605,-0.4984,412
stochastic__k21__d3__lo20__hi80,stochastic,TSLA,meanrev,-0.541,0.1593,-0.43,442
cci_reversion__period14__threshold100,cci_reversion,TSLA,meanrev,-0.3734,-0.2064,-0.6234,835
cci_reversion__period14__threshold150,cci_reversion,TSLA,meanrev,-0.0068,-0.3175,-0.4792,500
cci_reversion__period20__threshold100,cci_reversion,TSLA,meanrev,-0.8316,-0.2565,-0.6285,637
cci_reversion__period20__threshold150,cci_reversion,TSLA,meanrev,-0.6491,-0.6458,-0.7017,438
cci_reversion__period30__threshold100,cci_reversion,TSLA,meanrev,-0.6546,-0.1326,-0.6549,500
williams_r__period14__lo-80__hi-20,williams_r,TSLA,meanrev,-0.3145,0.3295,-0.4326,974
williams_r__period14__lo-90__hi-10,williams_r,TSLA,meanrev,-0.4035,0.3013,-0.4379,879
williams_r__period21__lo-80__hi-20,williams_r,TSLA,meanrev,-0.7,0.4137,-0.4294,755
williams_r__period28__lo-80__hi-20,williams_r,TSLA,meanrev,-0.631,0.4134,-0.4639,644
keltner_reversion__period20__mult1.5,keltner_reversion,TSLA,meanrev,-0.5321,-0.3494,-0.7235,515
keltner_reversion__period20__mult2.0,keltner_reversion,TSLA,meanrev,-0.5316,-0.1042,-0.4951,384
keltner_reversion__period20__mult2.5,keltner_reversion,TSLA,meanrev,-0.2237,-0.2657,-0.4858,278
keltner_reversion__period30__mult2.0,keltner_reversion,TSLA,meanrev,-0.5433,-0.2795,-0.645,394
vwap_reversion__period20__z_thresh1.0,vwap_reversion,TSLA,meanrev,-0.6928,-0.2653,-0.7296,689
vwap_reversion__period20__z_thresh1.5,vwap_reversion,TSLA,meanrev,-0.7606,-0.3675,-0.7254,582
vwap_reversion__period20__z_thresh2.0,vwap_reversion,TSLA,meanrev,-0.3643,-0.3336,-0.5703,472
percent_b__period20__std2.0__lo0.05__hi0.95,percent_b,TSLA,meanrev,-0.5786,-0.4751,-0.6675,515
percent_b__period20__std2.0__lo0.1__hi0.9,percent_b,TSLA,meanrev,-0.7409,-0.4146,-0.6054,607
percent_b__period20__std2.0__lo0.2__hi0.8,percent_b,TSLA,meanrev,-0.8345,-0.235,-0.641,740
percent_b__period30__std2.0__lo0.2__hi0.8,percent_b,TSLA,meanrev,-0.7712,-0.0395,-0.6528,599
connors_rsi__rsi_period3__streak_period2__rank_period100,connors_rsi,TSLA,meanrev,0.0846,-0.0006,-0.5306,1188
connors_rsi__rsi_period2__streak_period3__rank_period100,connors_rsi,TSLA,meanrev,0.1406,0.0975,-0.4701,1255
ultimate_osc__p17__p214__p328,ultimate_osc,TSLA,meanrev,0.0638,0.6083,-0.1268,136
ultimate_osc__p14__p28__p316,ultimate_osc,TSLA,meanrev,0.291,0.2125,-0.2565,444
gap_fade__threshold0.01,gap_fade,TSLA,meanrev,-0.1117,-0.613,-0.8527,1827
gap_fade__threshold0.015,gap_fade,TSLA,meanrev,-0.0036,-0.4883,-0.7035,1412
gap_fade__threshold0.02,gap_fade,TSLA,meanrev,0.4247,-0.4787,-0.6541,1025
obv_trend__period10,obv_trend,TSLA,volume,0.1182,0.0765,-0.7689,712
obv_trend__period20,obv_trend,TSLA,volume,0.0694,-0.1148,-0.8117,525
obv_trend__period50,obv_trend,TSLA,volume,0.393,-0.2912,-0.8876,278
chaikin_mf__period10,chaikin_mf,TSLA,volume,0.28,-0.4887,-0.9321,534
chaikin_mf__period20,chaikin_mf,TSLA,volume,-0.1984,-0.6963,-0.9497,421
chaikin_mf__period21,chaikin_mf,TSLA,volume,-0.3051,-0.6556,-0.9499,435
mfi__period10,mfi,TSLA,volume,-0.0441,-0.6683,-0.6084,310
mfi__period14,mfi,TSLA,volume,-0.0413,-0.1574,-0.4208,190
mfi__period21,mfi,TSLA,volume,-0.1579,-0.3689,-0.3758,68
volume_surge__period10__mult1.5,volume_surge,TSLA,volume,-0.4298,-0.1872,-0.4633,537
volume_surge__period20__mult2.0,volume_surge,TSLA,volume,-0.4314,-0.0317,-0.2813,237
volume_surge__period20__mult3.0,volume_surge,TSLA,volume,-0.4677,0.1727,-0.1992,74
force_index__period2,force_index,TSLA,volume,0.4085,-0.041,-0.7989,1246
force_index__period13,force_index,TSLA,volume,0.3452,-0.0594,-0.8099,404
force_index__period20,force_index,TSLA,volume,0.285,-0.0195,-0.8049,330
chaikin_osc__fast3__slow10,chaikin_osc,TSLA,volume,0.2883,-0.8985,-0.9638,419
chaikin_osc__fast3__slow12,chaikin_osc,TSLA,volume,0.2579,-0.828,-0.9596,401
chaikin_osc__fast5__slow12,chaikin_osc,TSLA,volume,0.0644,-0.8884,-0.9768,322
atr_breakout__period10__mult1.5,atr_breakout,TSLA,volatility,0.2424,0.1637,-0.3266,543
atr_breakout__period14__mult1.5,atr_breakout,TSLA,volatility,0.6073,0.0128,-0.5452,594
atr_breakout__period14__mult2.0,atr_breakout,TSLA,volatility,0.3749,0.0582,-0.3603,412
atr_breakout__period20__mult2.0,atr_breakout,TSLA,volatility,0.4629,0.0994,-0.4758,431
atr_breakout__period20__mult2.5,atr_breakout,TSLA,volatility,0.3819,0.3103,-0.4666,330
vol_breakout__period10__mult0.5,vol_breakout,TSLA,volatility,0.3766,-0.1354,-0.7452,2447
vol_breakout__period20__mult1.0,vol_breakout,TSLA,volatility,0.0772,-0.1748,-0.6996,1996
vol_breakout__period20__mult1.5,vol_breakout,TSLA,volatility,-0.306,0.3495,-0.4222,1290
vol_breakout__period30__mult1.0,vol_breakout,TSLA,volatility,-0.1072,-0.0974,-0.682,1990
squeeze_breakout__bb_period20__kc_period20__bb_std2.0__kc_mult1.5,squeeze_breakout,TSLA,volatility,0.3122,-0.3951,-0.9298,201
squeeze_breakout__bb_period20__kc_period20__bb_std2.0__kc_mult1.0,squeeze_breakout,TSLA,volatility,0.3814,-0.2406,-0.9009,127
squeeze_breakout__bb_period30__kc_period30__bb_std2.0__kc_mult1.5,squeeze_breakout,TSLA,volatility,0.2671,-0.3112,-0.941,90
engulfing,engulfing,TSLA,pattern,-0.0664,-0.5535,-0.4882,548
three_bar_reversal,three_bar_reversal,TSLA,pattern,0.5179,0.3109,-0.3426,927
higher_highs_lows__period5,higher_highs_lows,TSLA,pattern,-0.0598,0.2381,-0.653,818
higher_highs_lows__period10,higher_highs_lows,TSLA,pattern,0.8375,-0.1134,-0.7481,419
higher_highs_lows__period20,higher_highs_lows,TSLA,pattern,0.3511,-0.228,-0.8395,234
pivot_bounce__period5,pivot_bounce,TSLA,pattern,-0.9853,-0.137,-0.5729,1072
pivot_bounce__period10,pivot_bounce,TSLA,pattern,-0.3384,-0.2211,-0.5109,977
pivot_bounce__period20,pivot_bounce,TSLA,pattern,-1.0144,-0.1501,-0.5604,811
macd_rsi_combo__fast12__slow26__signal9__rsi_period14__rsi_lo40__rsi_hi60,macd_rsi_combo,TSLA,composite,0.4794,0.3813,-0.4908,511
macd_rsi_combo__fast12__slow26__signal9__rsi_period14__rsi_lo45__rsi_hi55,macd_rsi_combo,TSLA,composite,0.4713,0.0646,-0.8088,603
macd_rsi_combo__fast8__slow21__signal5__rsi_period14__rsi_lo40__rsi_hi60,macd_rsi_combo,TSLA,composite,0.4122,0.104,-0.4649,553
macd_rsi_combo__fast5__slow35__signal5__rsi_period14__rsi_lo40__rsi_hi60,macd_rsi_combo,TSLA,composite,0.4015,0.1594,-0.5075,571
triple_screen__trend_period20__osc_period14__osc_lo40__osc_hi60,triple_screen,TSLA,composite,0.0,0.0,0.0,0
triple_screen__trend_period30__osc_period14__osc_lo40__osc_hi60,triple_screen,TSLA,composite,0.0,0.0,0.0,0
triple_screen__trend_period50__osc_period14__osc_lo35__osc_hi65,triple_screen,TSLA,composite,0.0,0.0,0.0,0
triple_screen__trend_period20__osc_period7__osc_lo30__osc_hi70,triple_screen,TSLA,composite,0.0,0.0,0.0,0
chandelier_exit__period14__mult2.0,chandelier_exit,TSLA,composite,0.2709,-0.131,-0.7763,532
chandelier_exit__period22__mult3.0,chandelier_exit,TSLA,composite,0.3904,0.035,-0.8365,368
chandelier_exit__period22__mult2.0,chandelier_exit,TSLA,composite,0.5168,-0.135,-0.7955,615
chandelier_exit__period10__mult2.0,chandelier_exit,TSLA,composite,0.5473,-0.2206,-0.8156,492
high52_momentum__period252__threshold0.7,high52_momentum,TSLA,trend,-0.1733,-0.2352,-0.88,297
high52_momentum__period252__threshold0.75,high52_momentum,TSLA,trend,-0.1163,-0.2751,-0.8751,287
high52_momentum__period252__threshold0.8,high52_momentum,TSLA,trend,0.1511,-0.1069,-0.7924,239
high52_momentum__period126__threshold0.7,high52_momentum,TSLA,trend,0.225,-0.2037,-0.8611,339
high52_momentum__period126__threshold0.75,high52_momentum,TSLA,trend,0.2191,0.0993,-0.7356,279
short_reversal__period5,short_reversal,TSLA,meanrev,-0.1346,-0.0031,-0.7893,724
short_reversal__period10,short_reversal,TSLA,meanrev,-0.2532,-0.1085,-0.7902,480
short_reversal__period15,short_reversal,TSLA,meanrev,-0.4479,0.2,-0.6933,397
short_reversal__period20,short_reversal,TSLA,meanrev,-0.7828,0.2288,-0.7395,334
low_vol_regime__period20__ma_period60,low_vol_regime,TSLA,volatility,0.2072,0.0855,-0.3832,138
low_vol_regime__period20__ma_period120,low_vol_regime,TSLA,volatility,0.1641,-0.0838,-0.633,114
low_vol_regime__period60__ma_period120,low_vol_regime,TSLA,volatility,0.0658,0.7247,-0.1939,44
low_vol_regime__period20__ma_period252,low_vol_regime,TSLA,volatility,-0.2154,-0.1064,-0.6241,124
low_vol_regime__period60__ma_period252,low_vol_regime,TSLA,volatility,-0.1644,-0.0147,-0.5798,48
low_vol_regime__period120__ma_period252,low_vol_regime,TSLA,volatility,-0.2717,0.4987,-0.176,24
nr_breakout__nr_period4__exit_bars3,nr_breakout,TSLA,pattern,0.5291,0.3132,-0.6868,961
nr_breakout__nr_period4__exit_bars5,nr_breakout,TSLA,pattern,0.4965,0.3447,-0.6684,727
nr_breakout__nr_period7__exit_bars3,nr_breakout,TSLA,pattern,0.5097,-0.8827,-0.8488,673
nr_breakout__nr_period7__exit_bars5,nr_breakout,TSLA,pattern,0.5921,0.1159,-0.6707,583
nr_breakout__nr_period10__exit_bars5,nr_breakout,TSLA,pattern,0.0942,0.2187,-0.5268,467
nr_breakout__nr_period10__exit_bars10,nr_breakout,TSLA,pattern,0.3634,0.0758,-0.636,368
overnight_gap__period1__threshold0.001,overnight_gap,TSLA,volume,-0.1355,0.6125,-0.7449,2056
overnight_gap__period1__threshold0.003,overnight_gap,TSLA,volume,-0.0171,0.4457,-0.8414,2264
overnight_gap__period3__threshold0.001,overnight_gap,TSLA,volume,0.2604,0.4642,-0.8744,1185
overnight_gap__period3__threshold0.003,overnight_gap,TSLA,volume,0.0733,0.9066,-0.7446,1389
overnight_gap__period5__threshold0.001,overnight_gap,TSLA,volume,0.3586,0.4068,-0.7971,981
overnight_gap__period5__threshold0.003,overnight_gap,TSLA,volume,0.2023,0.4092,-0.7567,1099
coppock_curve__roc1252__roc2189__wma_period63,coppock_curve,TSLA,trend,0.4945,-0.0201,-0.9117,16
coppock_curve__roc1189__roc2126__wma_period42,coppock_curve,TSLA,trend,0.4231,0.2342,-0.8355,24
coppock_curve__roc1126__roc2100__wma_period21,coppock_curve,TSLA,trend,0.4991,-0.4446,-0.9598,42
bll_filter__pct0.005__hold0,bll_filter,TSLA,trend,0.4146,-0.1321,-0.8361,1527
bll_filter__pct0.01__hold0,bll_filter,TSLA,trend,0.6087,-0.4437,-0.9305,1259
bll_filter__pct0.02__hold0,bll_filter,TSLA,trend,0.2349,0.2548,-0.6363,927
bll_filter__pct0.005__hold10,bll_filter,TSLA,trend,0.4097,-0.1426,-0.842,1538
bll_filter__pct0.01__hold10,bll_filter,TSLA,trend,0.616,-0.4203,-0.9258,1288
bll_filter__pct0.01__hold20,bll_filter,TSLA,trend,0.6087,-0.4437,-0.9305,1259
bll_filter__pct0.02__hold10,bll_filter,TSLA,trend,0.2588,0.1817,-0.6776,1010
frog_in_pan__lookback252__skip21__id_cutoff0.5,frog_in_pan,TSLA,trend,0.2261,0.459,-0.5527,225
frog_in_pan__lookback252__skip21__id_cutoff0.45,frog_in_pan,TSLA,trend,0.4123,-0.0316,-0.3488,48
frog_in_pan__lookback252__skip0__id_cutoff0.5,frog_in_pan,TSLA,trend,0.4387,0.5267,-0.5793,226
frog_in_pan__lookback126__skip21__id_cutoff0.5,frog_in_pan,TSLA,trend,-0.0299,0.5093,-0.6477,219
frog_in_pan__lookback126__skip21__id_cutoff0.45,frog_in_pan,TSLA,trend,0.4634,0.2059,-0.3157,98
vol_mom__mom_period126__vol_period126__skip21__vol_weight0.5,vol_mom,TSLA,composite,0.0751,0.1153,-0.6684,152
vol_mom__mom_period126__vol_period126__skip0__vol_weight0.5,vol_mom,TSLA,composite,0.2833,-0.1429,-0.7038,149
vol_mom__mom_period252__vol_period126__skip21__vol_weight0.5,vol_mom,TSLA,composite,0.1407,-0.2841,-0.7537,158
vol_mom__mom_period63__vol_period63__skip0__vol_weight0.3,vol_mom,TSLA,composite,0.0577,0.0794,-0.8925,196
vol_mom__mom_period126__vol_period126__skip21__vol_weight0.3,vol_mom,TSLA,composite,0.2617,0.5675,-0.587,119
seasonality__n_years2,seasonality,TSLA,pattern,-0.2749,0.2797,-0.6853,69
seasonality__n_years3,seasonality,TSLA,pattern,0.2544,0.5599,-0.5771,75
seasonality__n_years5,seasonality,TSLA,pattern,0.1865,0.725,-0.5682,66
residual_mom__lookback252__skip21,residual_mom,TSLA,trend,0.2837,1.03,-0.6105,130
residual_mom__lookback252__skip0,residual_mom,TSLA,trend,0.4959,-0.2124,-0.9515,130
residual_mom__lookback126__skip21,residual_mom,TSLA,trend,-0.0118,0.7847,-0.5394,128
vol_scaled_mom__rv_window21__vol_target0.12__damp0.5,vol_scaled_mom,TSLA,trend,0.2838,0.2562,-0.3165,3377
vol_scaled_mom__rv_window21__vol_target0.08__damp0.5,vol_scaled_mom,TSLA,trend,0.2838,0.2562,-0.222,3377
vol_scaled_mom__rv_window63__vol_target0.12__damp0.5,vol_scaled_mom,TSLA,trend,0.2531,0.1918,-0.2747,3377
vol_scaled_mom__rv_window21__vol_target0.12__damp0.0,vol_scaled_mom,TSLA,trend,0.3099,0.2802,-0.3062,3348
vol_scaled_mom__rv_window21__vol_target0.15__damp0.5,vol_scaled_mom,TSLA,trend,0.2838,0.2562,-0.3809,3377
dema_crossover__fast5__slow20,dema_crossover,TSLA,trend,0.2511,0.0163,-0.8113,385
dema_crossover__fast10__slow40,dema_crossover,TSLA,trend,0.5518,-0.0961,-0.8556,202
dema_crossover__fast12__slow26,dema_crossover,TSLA,trend,0.401,0.21,-0.8063,209
dema_crossover__fast20__slow50,dema_crossover,TSLA,trend,0.5748,0.117,-0.658,122
dema_crossover__fast10__slow30,dema_crossover,TSLA,trend,0.354,0.2841,-0.7769,223
tema_crossover__fast5__slow20,tema_crossover,TSLA,trend,0.0775,0.3688,-0.6555,505
tema_crossover__fast10__slow40,tema_crossover,TSLA,trend,0.1934,0.3335,-0.6583,277
tema_crossover__fast12__slow26,tema_crossover,TSLA,trend,0.2899,0.096,-0.6769,285
tema_crossover__fast20__slow50,tema_crossover,TSLA,trend,0.574,-0.0892,-0.8851,177
tema_crossover__fast10__slow30,tema_crossover,TSLA,trend,0.2911,-0.0056,-0.7452,299
price_acceleration__period10__smooth3,price_acceleration,TSLA,trend,-0.1392,0.626,-0.645,927
price_acceleration__period20__smooth5,price_acceleration,TSLA,trend,0.1086,-0.0567,-0.8797,743
price_acceleration__period20__smooth3,price_acceleration,TSLA,trend,0.2494,-0.3394,-0.853,1011
price_acceleration__period30__smooth5,price_acceleration,TSLA,trend,0.2773,-0.1048,-0.7507,723
price_acceleration__period40__smooth10,price_acceleration,TSLA,trend,0.9345,-0.2317,-0.8749,471
price_acceleration__period10__smooth5,price_acceleration,TSLA,trend,0.2715,-0.0259,-0.7897,733
turn_of_month__days_before3__days_after3,turn_of_month,TSLA,pattern,0.2933,0.9344,-0.2781,348
turn_of_month__days_before4__days_after4,turn_of_month,TSLA,pattern,0.4572,0.9268,-0.2809,348
turn_of_month__days_before5__days_after5,turn_of_month,TSLA,pattern,0.6323,0.83,-0.3674,348
turn_of_month__days_before3__days_after5,turn_of_month,TSLA,pattern,0.2741,0.797,-0.4372,348
trend_intensity__period20,trend_intensity,TSLA,trend,0.0488,-0.7586,-0.6039,437
trend_intensity__period30,trend_intensity,TSLA,trend,-0.0609,0.0276,-0.4419,356
trend_intensity__period50,trend_intensity,TSLA,trend,0.0316,-0.2252,-0.4926,214
trend_intensity__period63,trend_intensity,TSLA,trend,-0.2497,-0.3307,-0.6134,206
ma_regime_momentum__regime_ma200__mom_period126__skip21,ma_regime_momentum,TSLA,trend,0.1267,0.2502,-0.7704,245
ma_regime_momentum__regime_ma200__mom_period252__skip21,ma_regime_momentum,TSLA,trend,0.1277,-0.0763,-0.8551,253
ma_regime_momentum__regime_ma200__mom_period63__skip0,ma_regime_momentum,TSLA,trend,0.1058,-0.0306,-0.8934,310
ma_regime_momentum__regime_ma100__mom_period126__skip21,ma_regime_momentum,TSLA,trend,0.0087,0.3516,-0.7157,303
ma_regime_momentum__regime_ma50__mom_period63__skip0,ma_regime_momentum,TSLA,trend,0.3414,-0.1539,-0.8877,410
fisher_transform__period5,fisher_transform,TSLA,trend,0.4699,-0.1497,-0.7811,848
fisher_transform__period10,fisher_transform,TSLA,trend,0.4938,-0.3532,-0.8869,556
fisher_transform__period20,fisher_transform,TSLA,trend,0.3912,-0.0387,-0.8244,397
fisher_transform__period30,fisher_transform,TSLA,trend,0.3989,0.0152,-0.7954,313
relative_vigor__period10,relative_vigor,TSLA,trend,0.2177,-0.1439,-0.8538,1070
relative_vigor__period14,relative_vigor,TSLA,trend,0.2177,-0.1439,-0.8538,1070
relative_vigor__period20,relative_vigor,TSLA,trend,0.2177,-0.1439,-0.8538,1070
chande_momentum__period14__threshold0.0,chande_momentum,TSLA,trend,0.6439,-0.609,-0.9396,423
chande_momentum__period20__threshold0.0,chande_momentum,TSLA,trend,0.7676,-0.2487,-0.9086,335
chande_momentum__period20__threshold10.0,chande_momentum,TSLA,trend,0.6186,-0.1866,-0.8503,670
chande_momentum__period30__threshold0.0,chande_momentum,TSLA,trend,0.5167,-0.5875,-0.9218,293
chande_momentum__period9__threshold0.0,chande_momentum,TSLA,trend,0.15,0.3338,-0.6406,525
demarker__period14__hi_thresh0.7__lo_thresh0.3,demarker,TSLA,meanrev,-0.2735,-0.5062,-0.7842,476
demarker__period14__hi_thresh0.8__lo_thresh0.2,demarker,TSLA,meanrev,-0.2875,-0.4374,-0.6649,270
demarker__period21__hi_thresh0.7__lo_thresh0.3,demarker,TSLA,meanrev,-0.1724,-0.4511,-0.716,272
demarker__period9__hi_thresh0.7__lo_thresh0.3,demarker,TSLA,meanrev,-0.3423,-0.1795,-0.683,721
stoch_rsi__rsi_period14__stoch_period14__lo20.0__hi80.0,stoch_rsi,TSLA,meanrev,-0.2128,-0.1389,-0.7643,723
stoch_rsi__rsi_period14__stoch_period14__lo10.0__hi90.0,stoch_rsi,TSLA,meanrev,-0.0617,0.0768,-0.6592,635
stoch_rsi__rsi_period7__stoch_period14__lo20.0__hi80.0,stoch_rsi,TSLA,meanrev,-0.1618,-0.3839,-0.7769,743
stoch_rsi__rsi_period21__stoch_period21__lo20.0__hi80.0,stoch_rsi,TSLA,meanrev,-0.3611,-0.2128,-0.7735,535
hurst_regime__period100__trend_thresh0.55__mr_thresh0.45,hurst_regime,TSLA,trend,-0.4714,0.1857,-0.4768,359
hurst_regime__period60__trend_thresh0.55__mr_thresh0.45,hurst_regime,TSLA,trend,-0.2489,-0.8584,-0.8015,463
hurst_regime__period100__trend_thresh0.58__mr_thresh0.42,hurst_regime,TSLA,trend,-0.4627,-0.496,-0.2401,155
psych_line__period12__hi_thresh75.0__lo_thresh25.0,psych_line,TSLA,meanrev,0.5213,-0.1962,-0.3191,100
psych_line__period12__hi_thresh65.0__lo_thresh35.0,psych_line,TSLA,meanrev,-0.3869,0.6001,-0.6056,602
psych_line__period20__hi_thresh70.0__lo_thresh30.0,psych_line,TSLA,meanrev,-0.0331,0.5594,-0.1863,72
er_regime__er_period10__mom_period20__er_thresh0.4,er_regime,TSLA,trend,0.3057,0.4887,-0.5129,1476
er_regime__er_period10__mom_period20__er_thresh0.3,er_regime,TSLA,trend,0.652,0.1182,-0.7213,1463
er_regime__er_period14__mom_period20__er_thresh0.4,er_regime,TSLA,trend,-0.1041,0.7265,-0.5199,1273
er_regime__er_period20__mom_period40__er_thresh0.4,er_regime,TSLA,trend,-0.0473,0.6207,-0.6026,969
er_regime__er_period10__mom_period10__er_thresh0.4,er_regime,TSLA,trend,0.422,0.0061,-0.7601,1624
mcginley_dynamic__fast5__slow20,mcginley_dynamic,TSLA,trend,0.4067,-0.0431,-0.8597,190
mcginley_dynamic__fast10__slow40,mcginley_dynamic,TSLA,trend,0.5614,0.9399,-0.491,20
mcginley_dynamic__fast12__slow26,mcginley_dynamic,TSLA,trend,0.3992,0.1945,-0.7619,76
mcginley_dynamic__fast5__slow14,mcginley_dynamic,TSLA,trend,0.4913,-0.2868,-0.9038,252
cci_trend__period14__threshold50.0,cci_trend,TSLA,trend,0.36,-0.0329,-0.7471,826
cci_trend__period20__threshold50.0,cci_trend,TSLA,trend,0.5021,-0.2113,-0.8334,722
cci_trend__period20__threshold100.0,cci_trend,TSLA,trend,0.808,0.2304,-0.631,637
cci_trend__period30__threshold50.0,cci_trend,TSLA,trend,0.5832,-0.1566,-0.8271,541
cci_trend__period14__threshold100.0,cci_trend,TSLA,trend,0.3412,0.1743,-0.4387,835
volume_roc__period10__signal_period5,volume_roc,TSLA,volume,0.6585,0.393,-0.5146,804
volume_roc__period14__signal_period10,volume_roc,TSLA,volume,0.7428,-0.4152,-0.8257,621
volume_roc__period20__signal_period10,volume_roc,TSLA,volume,1.0221,0.1346,-0.6049,521
volume_roc__period5__signal_period3,volume_roc,TSLA,volume,0.1452,0.2227,-0.6067,1167
hv_ratio__fast_period10__slow_period100__thresh_hi1.5__thresh_lo0.7,hv_ratio,TSLA,volatility,0.4683,0.425,-0.3865,477
hv_ratio__fast_period10__slow_period60__thresh_hi1.5__thresh_lo0.7,hv_ratio,TSLA,volatility,0.4933,0.3912,-0.5394,496
hv_ratio__fast_period21__slow_period100__thresh_hi1.5__thresh_lo0.7,hv_ratio,TSLA,volatility,0.2809,-0.6199,-0.5996,190
hv_ratio__fast_period10__slow_period100__thresh_hi2.0__thresh_lo0.5,hv_ratio,TSLA,volatility,0.5257,-0.3151,-0.349,169
zscore_trend__z_period20__trend_period50__z_thresh1.5,zscore_trend,TSLA,meanrev,-0.3985,0.3244,-0.0513,76
zscore_trend__z_period20__trend_period50__z_thresh1.0,zscore_trend,TSLA,meanrev,-0.3123,0.2611,-0.1778,210
zscore_trend__z_period20__trend_period100__z_thresh1.5,zscore_trend,TSLA,meanrev,-0.3425,0.2029,-0.1319,174
zscore_trend__z_period30__trend_period100__z_thresh2.0,zscore_trend,TSLA,meanrev,-0.3859,0.1782,-0.074,52
cmo_fisher__fisher_period10__cmo_period14__score_thresh0.3,cmo_fisher,TSLA,trend,0.4821,0.2486,-0.4664,760
cmo_fisher__fisher_period10__cmo_period14__score_thresh0.2,cmo_fisher,TSLA,trend,0.4272,-0.4045,-0.764,877
cmo_fisher__fisher_period14__cmo_period20__score_thresh0.3,cmo_fisher,TSLA,trend,0.5279,0.1952,-0.4585,594
cmo_fisher__fisher_period8__cmo_period14__score_thresh0.2,cmo_fisher,TSLA,trend,0.3468,-0.1073,-0.6098,978
rvi_divergence__rvi_period10__lookback5,rvi_divergence,TSLA,meanrev,-0.2547,0.0,0.0,12
rvi_divergence__rvi_period10__lookback8,rvi_divergence,TSLA,meanrev,-0.231,0.2781,-0.0391,4
rvi_divergence__rvi_period14__lookback5,rvi_divergence,TSLA,meanrev,-0.2547,0.0,0.0,12
adaptive_rsi__base_period14__fast_n2__slow_n30,adaptive_rsi,TSLA,meanrev,-0.5208,0.1366,-0.6823,258
adaptive_rsi__base_period14__fast_n2__slow_n60,adaptive_rsi,TSLA,meanrev,-0.4228,0.1268,-0.6928,240
adaptive_rsi__base_period9__fast_n2__slow_n30,adaptive_rsi,TSLA,meanrev,-0.8598,0.1108,-0.7764,350
adaptive_rsi__base_period21__fast_n2__slow_n30,adaptive_rsi,TSLA,meanrev,-0.2266,0.2581,-0.6868,175
elder_impulse__ema_period8,elder_impulse,TSLA,composite,0.3126,0.3364,-0.6314,1358
elder_impulse__ema_period13,elder_impulse,TSLA,composite,0.2802,0.4315,-0.566,1285
elder_impulse__ema_period20,elder_impulse,TSLA,composite,0.3688,0.3623,-0.5211,1233
klinger_osc__fast34__slow55__signal13,klinger_osc,TSLA,volume,0.1715,0.2135,-0.8265,708
klinger_osc__fast21__slow34__signal9,klinger_osc,TSLA,volume,-0.171,0.5268,-0.7034,868
klinger_osc__fast55__slow89__signal13,klinger_osc,TSLA,volume,0.5403,0.1016,-0.8791,614
price_oscillator__fast10__slow30__signal9,price_oscillator,TSLA,trend,0.347,0.2349,-0.7387,297
price_oscillator__fast12__slow26__signal9,price_oscillator,TSLA,trend,0.3285,0.3288,-0.7112,295
price_oscillator__fast5__slow20__signal5,price_oscillator,TSLA,trend,0.0373,0.2991,-0.638,515
price_oscillator__fast20__slow50__signal9,price_oscillator,TSLA,trend,0.5267,-0.0076,-0.8599,203
baz_trend__ewmstd_span42,baz_trend,TSLA,trend,0.0171,-0.0814,-0.8669,89
baz_trend__ewmstd_span63,baz_trend,TSLA,trend,0.0171,-0.0814,-0.8669,89
baz_trend__ewmstd_span126,baz_trend,TSLA,trend,0.0171,-0.0814,-0.8669,89
intermediate_mom__start252__end126,intermediate_mom,TSLA,trend,0.4735,-0.1446,-0.8224,129
intermediate_mom__start189__end105,intermediate_mom,TSLA,trend,0.1686,-0.6179,-0.9288,175
intermediate_mom__start168__end84,intermediate_mom,TSLA,trend,0.4718,0.0238,-0.8556,175
intermediate_mom__start252__end63,intermediate_mom,TSLA,trend,0.3293,0.1176,-0.7151,131
mom_crash_protect__bear_lookback504__bear_thresh-0.2__damp0.0,mom_crash_protect,TSLA,trend,0.5141,0.1264,-0.8081,181
mom_crash_protect__bear_lookback504__bear_thresh-0.2__damp0.25,mom_crash_protect,TSLA,trend,0.4771,0.0965,-0.8159,188
mom_crash_protect__bear_lookback252__bear_thresh-0.2__damp0.0,mom_crash_protect,TSLA,trend,0.4408,0.0818,-0.8111,163
mom_crash_protect__bear_lookback504__bear_thresh-0.25__damp0.0,mom_crash_protect,TSLA,trend,0.5106,-0.0024,-0.8458,165
consistent_mom__consistency_thresh0.5,consistent_mom,TSLA,trend,0.548,0.3348,-0.6376,579
consistent_mom__consistency_thresh0.58,consistent_mom,TSLA,trend,0.5067,0.2802,-0.452,636
consistent_mom__consistency_thresh0.67,consistent_mom,TSLA,trend,0.2686,-0.1135,-0.2075,190
signed_range_mom__period10__threshold0.1,signed_range_mom,TSLA,trend,-0.1633,-0.9595,-0.9434,1024
signed_range_mom__period21__threshold0.1,signed_range_mom,TSLA,trend,-0.0353,-1.0797,-0.9281,691
signed_range_mom__period21__threshold0.15,signed_range_mom,TSLA,trend,-0.0566,-1.0694,-0.8833,596
signed_range_mom__period42__threshold0.1,signed_range_mom,TSLA,trend,-0.3866,-1.0711,-0.9023,447
signed_range_mom__period63__threshold0.1,signed_range_mom,TSLA,trend,-0.57,-0.5131,-0.7834,333
multi_tsmom,multi_tsmom,TSLA,trend,0.4281,0.0778,-0.8102,396
"multi_tsmom__lookbacks(63, 126, 252)",multi_tsmom,TSLA,trend,0.5494,-0.1365,-0.9238,170
"multi_tsmom__lookbacks(21, 63, 252)",multi_tsmom,TSLA,trend,0.3346,0.3134,-0.7177,277
"multi_tsmom__lookbacks(21, 63, 126, 252)__weights(0.4, 0.3, 0.2, 0.1)",multi_tsmom,TSLA,trend,0.379,0.2767,-0.7509,270
"multi_tsmom__lookbacks(21, 63, 126, 252)__weights(0.1, 0.2, 0.3, 0.4)",multi_tsmom,TSLA,trend,0.4399,-0.0976,-0.8886,271
ma_crossover__fast5__slow20__kindsma,ma_crossover,AMZN,trend,-0.0142,0.0217,-0.3605,217
ma_crossover__fast10__slow30__kindsma,ma_crossover,AMZN,trend,0.2777,0.0793,-0.4539,127
ma_crossover__fast20__slow50__kindsma,ma_crossover,AMZN,trend,-0.0448,-0.0297,-0.6431,76
ma_crossover__fast50__slow100__kindsma,ma_crossover,AMZN,trend,-0.0146,0.797,-0.3628,40
ma_crossover__fast50__slow200__kindsma,ma_crossover,AMZN,trend,0.3113,0.858,-0.2873,14
ma_crossover__fast100__slow200__kindsma,ma_crossover,AMZN,trend,0.5958,0.6958,-0.3671,10
ma_crossover__fast10__slow50__kindsma,ma_crossover,AMZN,trend,0.2561,0.3655,-0.5894,84
ma_crossover__fast20__slow100__kindsma,ma_crossover,AMZN,trend,0.2009,0.2503,-0.6567,55
ma_crossover__fast5__slow20__kindema,ma_crossover,AMZN,trend,0.1575,0.116,-0.3814,211
ma_crossover__fast12__slow26__kindema,ma_crossover,AMZN,trend,0.3822,0.4515,-0.4529,109
ma_crossover__fast10__slow50__kindema,ma_crossover,AMZN,trend,0.066,0.56,-0.505,97
ma_crossover__fast20__slow100__kindema,ma_crossover,AMZN,trend,0.1641,0.3563,-0.567,55
ts_momentum__period21,ts_momentum,AMZN,trend,0.2677,-0.0501,-0.4932,297
ts_momentum__period42,ts_momentum,AMZN,trend,-0.0304,0.1804,-0.6162,263
ts_momentum__period63,ts_momentum,AMZN,trend,-0.3401,0.6159,-0.395,230
ts_momentum__period126,ts_momentum,AMZN,trend,0.2256,0.2143,-0.5439,106
ts_momentum__period252,ts_momentum,AMZN,trend,0.5343,0.4766,-0.4513,66
roc_momentum__period5,roc_momentum,AMZN,trend,-0.3423,-0.0779,-0.4431,768
roc_momentum__period10,roc_momentum,AMZN,trend,0.0286,0.2596,-0.4856,503
roc_momentum__period20,roc_momentum,AMZN,trend,0.329,0.1317,-0.4655,331
roc_momentum__period30,roc_momentum,AMZN,trend,-0.0684,-0.2536,-0.6827,283
roc_momentum__period60,roc_momentum,AMZN,trend,-0.0779,0.6985,-0.2731,220
macd_signal__fast12__slow26__signal9,macd_signal,AMZN,trend,-0.5754,0.1779,-0.332,308
macd_signal__fast8__slow17__signal9,macd_signal,AMZN,trend,-0.0412,0.5129,-0.2524,370
macd_signal__fast5__slow35__signal5,macd_signal,AMZN,trend,0.2432,-0.1595,-0.5066,524
macd_signal__fast3__slow10__signal16,macd_signal,AMZN,trend,0.0248,0.1083,-0.3358,560
donchian_breakout__period10,donchian_breakout,AMZN,trend,-0.2159,0.0814,-0.2051,929
donchian_breakout__period20,donchian_breakout,AMZN,trend,-0.4192,-0.2443,-0.2304,676
donchian_breakout__period30,donchian_breakout,AMZN,trend,-0.4349,-0.1765,-0.2128,542
donchian_breakout__period40,donchian_breakout,AMZN,trend,-0.5038,-0.2197,-0.1906,466
donchian_breakout__period55,donchian_breakout,AMZN,trend,-0.4522,-0.2153,-0.1863,404
bb_breakout__period20__std1.5,bb_breakout,AMZN,trend,-0.2275,-0.4121,-0.4207,756
bb_breakout__period20__std2.0,bb_breakout,AMZN,trend,-0.2195,0.0795,-0.1905,420
bb_breakout__period20__std2.5,bb_breakout,AMZN,trend,-0.1941,-0.1223,-0.153,164
bb_breakout__period30__std2.0,bb_breakout,AMZN,trend,-0.4209,-0.292,-0.2628,384
bb_breakout__period50__std2.0,bb_breakout,AMZN,trend,-0.1876,-0.4592,-0.3817,298
supertrend__period7__mult2.0,supertrend,AMZN,trend,0.0992,-0.3712,-0.6459,196
supertrend__period7__mult3.0,supertrend,AMZN,trend,-0.0898,-0.2791,-0.5139,118
supertrend__period10__mult3.0,supertrend,AMZN,trend,-0.222,-0.2898,-0.5312,120
supertrend__period14__mult2.0,supertrend,AMZN,trend,-0.0884,-0.3659,-0.5756,208
supertrend__period14__mult3.0,supertrend,AMZN,trend,-0.159,-0.3957,-0.6215,118
parabolic_sar__step0.01__max_af0.1,parabolic_sar,AMZN,trend,-0.186,-0.0772,-0.5587,202
parabolic_sar__step0.02__max_af0.2,parabolic_sar,AMZN,trend,-0.3035,-0.1513,-0.5571,337
parabolic_sar__step0.03__max_af0.2,parabolic_sar,AMZN,trend,-0.3112,-0.1662,-0.5153,423
parabolic_sar__step0.05__max_af0.2,parabolic_sar,AMZN,trend,-0.4389,-0.1696,-0.4512,553
adx_trend__period14__threshold20,adx_trend,AMZN,trend,0.1645,-0.3625,-0.5068,284
adx_trend__period14__threshold25,adx_trend,AMZN,trend,-0.0363,-0.7689,-0.5742,216
adx_trend__period14__threshold30,adx_trend,AMZN,trend,-0.1289,-0.9061,-0.5039,146
adx_trend__period21__threshold20,adx_trend,AMZN,trend,-0.3709,-0.2665,-0.4299,170
adx_trend__period21__threshold25,adx_trend,AMZN,trend,-0.0601,-0.8178,-0.5062,91
ichimoku__tenkan9__kijun26__senkou_b52,ichimoku,AMZN,trend,0.1819,-0.3841,-0.5177,466
ichimoku__tenkan7__kijun22__senkou_b44,ichimoku,AMZN,trend,0.0927,-0.2706,-0.4908,508
linreg_slope__period10,linreg_slope,AMZN,trend,-0.1719,0.0405,-0.5141,376
linreg_slope__period20,linreg_slope,AMZN,trend,0.122,0.3804,-0.3458,177
linreg_slope__period30,linreg_slope,AMZN,trend,0.2646,-0.1113,-0.5395,119
linreg_slope__period50,linreg_slope,AMZN,trend,0.0105,0.0062,-0.6698,75
aroon__period14,aroon,AMZN,trend,-0.16,0.1556,-0.5079,254
aroon__period25,aroon,AMZN,trend,0.1541,0.0293,-0.4016,139
aroon__period50,aroon,AMZN,trend,0.0111,0.2084,-0.576,75
vortex__period10,vortex,AMZN,trend,0.024,0.2491,-0.3232,443
vortex__period14,vortex,AMZN,trend,-0.0554,-0.1377,-0.4501,380
vortex__period21,vortex,AMZN,trend,0.2589,-0.0408,-0.5144,271
trix__period9,trix,AMZN,trend,0.3849,-0.0474,-0.4564,138
trix__period12,trix,AMZN,trend,0.093,0.1209,-0.5562,110
trix__period18,trix,AMZN,trend,0.0104,0.4168,-0.5253,78
hull_ma__period14,hull_ma,AMZN,trend,-0.2647,0.226,-0.3621,556
hull_ma__period20,hull_ma,AMZN,trend,0.0108,0.0956,-0.4438,394
hull_ma__period30,hull_ma,AMZN,trend,-0.4637,0.062,-0.3456,309
hull_ma__period50,hull_ma,AMZN,trend,-0.2232,-0.0655,-0.481,196
kama__period5,kama,AMZN,trend,-0.0593,-0.2784,-0.5223,2001
kama__period10,kama,AMZN,trend,0.0541,0.0,0.0,145
kama__period20,kama,AMZN,trend,-0.6053,0.0,0.0,42
turtle__entry20__exit_p10,turtle,AMZN,trend,-0.4192,-0.2443,-0.2304,676
turtle__entry55__exit_p20,turtle,AMZN,trend,-0.4522,-0.2153,-0.1863,404
turtle__entry10__exit_p5,turtle,AMZN,trend,-0.2159,0.0814,-0.2051,929
dual_momentum__period63,dual_momentum,AMZN,trend,0.3277,1.0048,-0.2692,231
dual_momentum__period126,dual_momentum,AMZN,trend,0.7561,0.7278,-0.3883,105
dual_momentum__period252,dual_momentum,AMZN,trend,0.7592,0.8124,-0.3824,67
elder_ray__period13,elder_ray,AMZN,trend,-0.0304,-0.0884,-0.3712,596
elder_ray__period21,elder_ray,AMZN,trend,0.1869,-0.2337,-0.4857,440
elder_ray__period34,elder_ray,AMZN,trend,0.1719,0.0305,-0.4765,339
rsi_reversion__period7__lo30__hi70,rsi_reversion,AMZN,meanrev,0.5196,0.2981,-0.25,700
rsi_reversion__period7__lo25__hi75,rsi_reversion,AMZN,meanrev,0.322,0.4215,-0.1524,410
rsi_reversion__period14__lo30__hi70,rsi_reversion,AMZN,meanrev,0.2388,0.5196,-0.1933,220
rsi_reversion__period14__lo25__hi75,rsi_reversion,AMZN,meanrev,0.2031,0.5538,-0.0542,98
rsi_reversion__period14__lo35__hi65,rsi_reversion,AMZN,meanrev,0.7364,0.5286,-0.1891,488
rsi_reversion__period21__lo30__hi70,rsi_reversion,AMZN,meanrev,0.2688,0.4389,-0.0492,100
rsi_reversion__period21__lo25__hi75,rsi_reversion,AMZN,meanrev,0.2133,0.6062,-0.0202,28
rsi_reversion__period28__lo30__hi70,rsi_reversion,AMZN,meanrev,0.1218,0.6846,-0.0337,36
rsi_reversion__period30__lo30__hi70,rsi_reversion,AMZN,meanrev,0.192,0.5538,-0.0337,40
rsi_reversion__period30__lo25__hi75,rsi_reversion,AMZN,meanrev,0.053,0.0,0.0,4
bb_reversion__period20__std1.5,bb_reversion,AMZN,meanrev,0.167,0.3504,-0.1644,756
bb_reversion__period20__std2.0,bb_reversion,AMZN,meanrev,0.1597,-0.1257,-0.184,420
bb_reversion__period20__std2.5,bb_reversion,AMZN,meanrev,0.1457,0.0882,-0.1403,164
bb_reversion__period30__std2.0,bb_reversion,AMZN,meanrev,0.3776,0.2498,-0.1513,384
bb_reversion__period30__std2.5,bb_reversion,AMZN,meanrev,0.0075,0.1765,-0.0965,166
bb_reversion__period50__std2.0,bb_reversion,AMZN,meanrev,0.1528,0.4293,-0.2581,298
zscore_reversion__period10__threshold1.0,zscore_reversion,AMZN,meanrev,0.178,0.1313,-0.3085,1310
zscore_reversion__period20__threshold1.5,zscore_reversion,AMZN,meanrev,0.167,0.3504,-0.1644,756
zscore_reversion__period20__threshold2.0,zscore_reversion,AMZN,meanrev,0.1597,-0.1257,-0.184,420
zscore_reversion__period30__threshold1.5,zscore_reversion,AMZN,meanrev,0.225,0.0952,-0.3378,606
zscore_reversion__period30__threshold2.0,zscore_reversion,AMZN,meanrev,0.3776,0.2498,-0.1513,384
zscore_reversion__period60__threshold2.0,zscore_reversion,AMZN,meanrev,0.109,0.4915,-0.2353,286
stochastic__k5__d3__lo20__hi80,stochastic,AMZN,meanrev,-0.0713,-0.5842,-0.409,762
stochastic__k14__d3__lo20__hi80,stochastic,AMZN,meanrev,0.2897,-0.0723,-0.3325,600
stochastic__k14__d3__lo30__hi70,stochastic,AMZN,meanrev,0.0128,-0.0837,-0.4778,624
stochastic__k14__d5__lo20__hi80,stochastic,AMZN,meanrev,0.1688,0.2553,-0.3124,448
stochastic__k21__d3__lo20__hi80,stochastic,AMZN,meanrev,0.1572,-0.1115,-0.4117,518
cci_reversion__period14__threshold100,cci_reversion,AMZN,meanrev,0.1123,0.0415,-0.2839,940
cci_reversion__period14__threshold150,cci_reversion,AMZN,meanrev,-0.1513,0.0221,-0.2176,558
cci_reversion__period20__threshold100,cci_reversion,AMZN,meanrev,0.1326,0.2623,-0.2367,752
cci_reversion__period20__threshold150,cci_reversion,AMZN,meanrev,0.1537,0.3032,-0.1358,472
cci_reversion__period30__threshold100,cci_reversion,AMZN,meanrev,0.144,-0.2063,-0.4518,587
williams_r__period14__lo-80__hi-20,williams_r,AMZN,meanrev,0.2959,-0.2339,-0.4486,1070
williams_r__period14__lo-90__hi-10,williams_r,AMZN,meanrev,0.3201,-0.0469,-0.2441,959
williams_r__period21__lo-80__hi-20,williams_r,AMZN,meanrev,0.1748,-0.3211,-0.5113,922
williams_r__period28__lo-80__hi-20,williams_r,AMZN,meanrev,0.1436,-0.0414,-0.4551,786
keltner_reversion__period20__mult1.5,keltner_reversion,AMZN,meanrev,0.3532,0.371,-0.2414,667
keltner_reversion__period20__mult2.0,keltner_reversion,AMZN,meanrev,0.4234,0.6707,-0.1721,464
keltner_reversion__period20__mult2.5,keltner_reversion,AMZN,meanrev,0.4063,0.9427,-0.1125,260
keltner_reversion__period30__mult2.0,keltner_reversion,AMZN,meanrev,0.5284,0.3075,-0.2174,538
vwap_reversion__period20__z_thresh1.0,vwap_reversion,AMZN,meanrev,0.1847,-0.115,-0.4662,834
vwap_reversion__period20__z_thresh1.5,vwap_reversion,AMZN,meanrev,0.3532,0.1984,-0.2288,689
vwap_reversion__period20__z_thresh2.0,vwap_reversion,AMZN,meanrev,0.3767,0.4245,-0.1549,512
percent_b__period20__std2.0__lo0.05__hi0.95,percent_b,AMZN,meanrev,0.1439,0.1897,-0.1586,544
percent_b__period20__std2.0__lo0.1__hi0.9,percent_b,AMZN,meanrev,0.0617,0.2988,-0.2149,689
percent_b__period20__std2.0__lo0.2__hi0.8,percent_b,AMZN,meanrev,0.0886,-0.0832,-0.3936,868
percent_b__period30__std2.0__lo0.2__hi0.8,percent_b,AMZN,meanrev,0.0635,0.0166,-0.4287,725
connors_rsi__rsi_period3__streak_period2__rank_period100,connors_rsi,AMZN,meanrev,0.021,0.4141,-0.2023,1205
connors_rsi__rsi_period2__streak_period3__rank_period100,connors_rsi,AMZN,meanrev,0.0889,0.4384,-0.2141,1255
ultimate_osc__p17__p214__p328,ultimate_osc,AMZN,meanrev,-0.2035,0.5009,-0.0786,148
ultimate_osc__p14__p28__p316,ultimate_osc,AMZN,meanrev,0.0468,-0.0406,-0.185,466
gap_fade__threshold0.01,gap_fade,AMZN,meanrev,0.3184,-0.3784,-0.3736,1162
gap_fade__threshold0.015,gap_fade,AMZN,meanrev,0.1878,0.2458,-0.1608,650
gap_fade__threshold0.02,gap_fade,AMZN,meanrev,0.19,0.4855,-0.1065,365
obv_trend__period10,obv_trend,AMZN,volume,-0.0827,0.267,-0.4789,756
obv_trend__period20,obv_trend,AMZN,volume,-0.2485,0.1914,-0.4708,499
obv_trend__period50,obv_trend,AMZN,volume,-0.084,0.021,-0.5312,342
chaikin_mf__period10,chaikin_mf,AMZN,volume,-0.2744,0.1947,-0.4643,547
chaikin_mf__period20,chaikin_mf,AMZN,volume,-0.0575,0.335,-0.3764,387
chaikin_mf__period21,chaikin_mf,AMZN,volume,0.0071,0.388,-0.3478,409
mfi__period10,mfi,AMZN,volume,0.6902,0.4147,-0.1604,280
mfi__period14,mfi,AMZN,volume,0.4176,0.7246,-0.0772,124
mfi__period21,mfi,AMZN,volume,0.1665,0.217,-0.0324,34
volume_surge__period10__mult1.5,volume_surge,AMZN,volume,-0.4301,0.4532,-0.2471,466
volume_surge__period20__mult2.0,volume_surge,AMZN,volume,0.0035,0.3374,-0.2223,192
volume_surge__period20__mult3.0,volume_surge,AMZN,volume,-0.3173,0.4413,-0.0203,51
force_index__period2,force_index,AMZN,volume,-0.2746,0.4803,-0.2614,1373
force_index__period13,force_index,AMZN,volume,-0.3563,-0.0411,-0.4895,503
force_index__period20,force_index,AMZN,volume,-0.0714,0.0701,-0.4429,362
chaikin_osc__fast3__slow10,chaikin_osc,AMZN,volume,-0.2254,0.2523,-0.3751,429
chaikin_osc__fast3__slow12,chaikin_osc,AMZN,volume,-0.1579,0.401,-0.3395,389
chaikin_osc__fast5__slow12,chaikin_osc,AMZN,volume,-0.2729,0.4635,-0.2549,307
atr_breakout__period10__mult1.5,atr_breakout,AMZN,volatility,-0.2349,-0.3928,-0.3581,588
atr_breakout__period14__mult1.5,atr_breakout,AMZN,volatility,-0.1129,-0.4961,-0.4152,642
atr_breakout__period14__mult2.0,atr_breakout,AMZN,volatility,-0.4199,-0.2598,-0.3543,420
atr_breakout__period20__mult2.0,atr_breakout,AMZN,volatility,-0.3993,-0.502,-0.4276,506
atr_breakout__period20__mult2.5,atr_breakout,AMZN,volatility,-0.6082,-0.6319,-0.3858,360
vol_breakout__period10__mult0.5,vol_breakout,AMZN,volatility,-0.2628,0.241,-0.4029,2543
vol_breakout__period20__mult1.0,vol_breakout,AMZN,volatility,-0.1645,-0.0203,-0.2611,2052
vol_breakout__period20__mult1.5,vol_breakout,AMZN,volatility,-0.2399,-0.4342,-0.3046,1321
vol_breakout__period30__mult1.0,vol_breakout,AMZN,volatility,-0.1895,-0.1844,-0.3023,2027
squeeze_breakout__bb_period20__kc_period20__bb_std2.0__kc_mult1.5,squeeze_breakout,AMZN,volatility,0.1238,0.0489,-0.4023,187
squeeze_breakout__bb_period20__kc_period20__bb_std2.0__kc_mult1.0,squeeze_breakout,AMZN,volatility,0.2688,0.1689,-0.4233,106
squeeze_breakout__bb_period30__kc_period30__bb_std2.0__kc_mult1.5,squeeze_breakout,AMZN,volatility,-0.0361,0.4316,-0.482,88
engulfing,engulfing,AMZN,pattern,-0.1084,-0.0236,-0.2631,542
three_bar_reversal,three_bar_reversal,AMZN,pattern,0.1299,0.3506,-0.1968,963
higher_highs_lows__period5,higher_highs_lows,AMZN,pattern,-0.3904,-0.004,-0.4305,846
higher_highs_lows__period10,higher_highs_lows,AMZN,pattern,-0.3608,0.0362,-0.3994,467
higher_highs_lows__period20,higher_highs_lows,AMZN,pattern,0.0697,0.047,-0.4783,204
pivot_bounce__period5,pivot_bounce,AMZN,pattern,0.6381,-0.2099,-0.3157,1212
pivot_bounce__period10,pivot_bounce,AMZN,pattern,0.361,-0.4961,-0.3423,1103
pivot_bounce__period20,pivot_bounce,AMZN,pattern,0.1509,0.3617,-0.154,874
macd_rsi_combo__fast12__slow26__signal9__rsi_period14__rsi_lo40__rsi_hi60,macd_rsi_combo,AMZN,composite,-0.3869,-0.0324,-0.43,589
macd_rsi_combo__fast12__slow26__signal9__rsi_period14__rsi_lo45__rsi_hi55,macd_rsi_combo,AMZN,composite,-0.2108,-0.0282,-0.4487,653
macd_rsi_combo__fast8__slow21__signal5__rsi_period14__rsi_lo40__rsi_hi60,macd_rsi_combo,AMZN,composite,-0.0939,-0.1775,-0.4787,612
macd_rsi_combo__fast5__slow35__signal5__rsi_period14__rsi_lo40__rsi_hi60,macd_rsi_combo,AMZN,composite,-0.1184,-0.1913,-0.4549,652
triple_screen__trend_period20__osc_period14__osc_lo40__osc_hi60,triple_screen,AMZN,composite,0.0433,0.0,0.0,4
triple_screen__trend_period30__osc_period14__osc_lo40__osc_hi60,triple_screen,AMZN,composite,0.1099,0.0,0.0,2
triple_screen__trend_period50__osc_period14__osc_lo35__osc_hi65,triple_screen,AMZN,composite,0.0477,0.0,0.0,2
triple_screen__trend_period20__osc_period7__osc_lo30__osc_hi70,triple_screen,AMZN,composite,0.0,0.0,0.0,0
chandelier_exit__period14__mult2.0,chandelier_exit,AMZN,composite,0.2405,0.3905,-0.3303,543
chandelier_exit__period22__mult3.0,chandelier_exit,AMZN,composite,0.203,0.5968,-0.3488,315
chandelier_exit__period22__mult2.0,chandelier_exit,AMZN,composite,0.1788,0.2716,-0.2559,602
chandelier_exit__period10__mult2.0,chandelier_exit,AMZN,composite,0.3561,0.0866,-0.455,523
high52_momentum__period252__threshold0.7,high52_momentum,AMZN,trend,0.2285,0.3668,-0.4939,200
high52_momentum__period252__threshold0.75,high52_momentum,AMZN,trend,0.0591,0.3677,-0.4959,227
high52_momentum__period252__threshold0.8,high52_momentum,AMZN,trend,0.0395,0.5259,-0.3655,239
high52_momentum__period126__threshold0.7,high52_momentum,AMZN,trend,0.1124,0.2047,-0.5036,271
high52_momentum__period126__threshold0.75,high52_momentum,AMZN,trend,0.1037,0.3719,-0.3544,285
short_reversal__period5,short_reversal,AMZN,meanrev,0.2784,0.0128,-0.4425,768
short_reversal__period10,short_reversal,AMZN,meanrev,-0.0703,-0.3031,-0.657,503
short_reversal__period15,short_reversal,AMZN,meanrev,0.0368,-0.0896,-0.5668,398
short_reversal__period20,short_reversal,AMZN,meanrev,-0.3569,-0.1582,-0.6894,331
low_vol_regime__period20__ma_period60,low_vol_regime,AMZN,volatility,0.2489,0.2514,-0.1907,114
low_vol_regime__period20__ma_period120,low_vol_regime,AMZN,volatility,0.0636,0.4651,-0.3079,160
low_vol_regime__period60__ma_period120,low_vol_regime,AMZN,volatility,-0.1847,0.4697,-0.1883,66
low_vol_regime__period20__ma_period252,low_vol_regime,AMZN,volatility,0.0345,0.4216,-0.2776,136
low_vol_regime__period60__ma_period252,low_vol_regime,AMZN,volatility,0.0487,0.0588,-0.2973,52
low_vol_regime__period120__ma_period252,low_vol_regime,AMZN,volatility,0.0711,0.1048,-0.2377,42
nr_breakout__nr_period4__exit_bars3,nr_breakout,AMZN,pattern,0.4364,0.3126,-0.3651,937
nr_breakout__nr_period4__exit_bars5,nr_breakout,AMZN,pattern,0.22,0.1441,-0.3682,731
nr_breakout__nr_period7__exit_bars3,nr_breakout,AMZN,pattern,0.2269,0.962,-0.1991,676
nr_breakout__nr_period7__exit_bars5,nr_breakout,AMZN,pattern,0.045,0.8727,-0.1561,596
nr_breakout__nr_period10__exit_bars5,nr_breakout,AMZN,pattern,0.2126,0.6148,-0.2446,469
nr_breakout__nr_period10__exit_bars10,nr_breakout,AMZN,pattern,0.3511,0.4284,-0.3402,386
overnight_gap__period1__threshold0.001,overnight_gap,AMZN,volume,-0.2538,0.1469,-0.3904,2258
overnight_gap__period1__threshold0.003,overnight_gap,AMZN,volume,-0.3408,-0.0358,-0.3947,2460
overnight_gap__period3__threshold0.001,overnight_gap,AMZN,volume,-0.0845,0.233,-0.4158,1416
overnight_gap__period3__threshold0.003,overnight_gap,AMZN,volume,-0.334,0.1485,-0.3729,1365
overnight_gap__period5__threshold0.001,overnight_gap,AMZN,volume,-0.2472,0.1574,-0.385,1148
overnight_gap__period5__threshold0.003,overnight_gap,AMZN,volume,-0.1571,0.252,-0.3288,961
coppock_curve__roc1252__roc2189__wma_period63,coppock_curve,AMZN,trend,0.6886,0.9712,-0.3671,6
coppock_curve__roc1189__roc2126__wma_period42,coppock_curve,AMZN,trend,0.4464,0.6587,-0.4699,10
coppock_curve__roc1126__roc2100__wma_period21,coppock_curve,AMZN,trend,0.4919,0.5289,-0.4242,25
bll_filter__pct0.005__hold0,bll_filter,AMZN,trend,-0.0851,0.4111,-0.351,1428
bll_filter__pct0.01__hold0,bll_filter,AMZN,trend,-0.2543,0.0009,-0.3833,1093
bll_filter__pct0.02__hold0,bll_filter,AMZN,trend,0.0023,-0.3519,-0.6011,657
bll_filter__pct0.005__hold10,bll_filter,AMZN,trend,-0.074,0.432,-0.3452,1452
bll_filter__pct0.01__hold10,bll_filter,AMZN,trend,-0.2086,0.0867,-0.3637,1145
bll_filter__pct0.01__hold20,bll_filter,AMZN,trend,-0.2389,-0.0276,-0.4066,1095
bll_filter__pct0.02__hold10,bll_filter,AMZN,trend,0.0535,-0.3988,-0.5838,804
frog_in_pan__lookback252__skip21__id_cutoff0.5,frog_in_pan,AMZN,trend,0.627,0.9003,-0.3671,105
frog_in_pan__lookback252__skip21__id_cutoff0.45,frog_in_pan,AMZN,trend,0.7668,0.2364,-0.3638,84
frog_in_pan__lookback252__skip0__id_cutoff0.5,frog_in_pan,AMZN,trend,0.6747,0.9389,-0.4082,105
frog_in_pan__lookback126__skip21__id_cutoff0.5,frog_in_pan,AMZN,trend,0.588,0.8058,-0.4287,187
frog_in_pan__lookback126__skip21__id_cutoff0.45,frog_in_pan,AMZN,trend,0.165,-0.0655,-0.3851,164
vol_mom__mom_period126__vol_period126__skip21__vol_weight0.5,vol_mom,AMZN,composite,-0.0004,0.015,-0.3793,149
vol_mom__mom_period126__vol_period126__skip0__vol_weight0.5,vol_mom,AMZN,composite,-0.2013,-0.0648,-0.3826,151
vol_mom__mom_period252__vol_period126__skip21__vol_weight0.5,vol_mom,AMZN,composite,0.1523,0.4613,-0.3283,116
vol_mom__mom_period63__vol_period63__skip0__vol_weight0.3,vol_mom,AMZN,composite,-0.2959,0.6159,-0.395,219
vol_mom__mom_period126__vol_period126__skip21__vol_weight0.3,vol_mom,AMZN,composite,0.3213,0.3292,-0.4975,104
seasonality__n_years2,seasonality,AMZN,pattern,0.0326,0.7234,-0.3485,79
seasonality__n_years3,seasonality,AMZN,pattern,0.3184,0.5584,-0.442,81
seasonality__n_years5,seasonality,AMZN,pattern,0.4656,0.7797,-0.3791,73
residual_mom__lookback252__skip21,residual_mom,AMZN,trend,0.6557,0.9809,-0.3671,26
residual_mom__lookback252__skip0,residual_mom,AMZN,trend,0.6781,1.0481,-0.3671,26
residual_mom__lookback126__skip21,residual_mom,AMZN,trend,0.4895,0.4485,-0.4578,101
vol_scaled_mom__rv_window21__vol_target0.12__damp0.5,vol_scaled_mom,AMZN,trend,0.6236,1.2425,-0.1663,3453
vol_scaled_mom__rv_window21__vol_target0.08__damp0.5,vol_scaled_mom,AMZN,trend,0.6295,1.2421,-0.1134,3498
vol_scaled_mom__rv_window63__vol_target0.12__damp0.5,vol_scaled_mom,AMZN,trend,0.6152,1.0039,-0.1755,3499
vol_scaled_mom__rv_window21__vol_target0.12__damp0.0,vol_scaled_mom,AMZN,trend,0.6168,1.2425,-0.1663,3398
vol_scaled_mom__rv_window21__vol_target0.15__damp0.5,vol_scaled_mom,AMZN,trend,0.6295,1.2269,-0.2044,3340
dema_crossover__fast5__slow20,dema_crossover,AMZN,trend,-0.0689,0.2248,-0.3418,394
dema_crossover__fast10__slow40,dema_crossover,AMZN,trend,0.1098,-0.1787,-0.488,224
dema_crossover__fast12__slow26,dema_crossover,AMZN,trend,0.0898,-0.5023,-0.6345,230
dema_crossover__fast20__slow50,dema_crossover,AMZN,trend,0.3417,-0.459,-0.7113,123
dema_crossover__fast10__slow30,dema_crossover,AMZN,trend,0.1448,-0.4787,-0.6427,242
tema_crossover__fast5__slow20,tema_crossover,AMZN,trend,0.0711,-0.2816,-0.638,554
tema_crossover__fast10__slow40,tema_crossover,AMZN,trend,-0.2564,-0.0455,-0.386,288
tema_crossover__fast12__slow26,tema_crossover,AMZN,trend,-0.2848,0.2423,-0.481,312
tema_crossover__fast20__slow50,tema_crossover,AMZN,trend,0.1541,-0.9412,-0.8007,190
tema_crossover__fast10__slow30,tema_crossover,AMZN,trend,-0.2791,0.1105,-0.4507,332
price_acceleration__period10__smooth3,price_acceleration,AMZN,trend,-0.2805,0.16,-0.4512,978
price_acceleration__period20__smooth5,price_acceleration,AMZN,trend,-0.1717,-0.0275,-0.4224,761
price_acceleration__period20__smooth3,price_acceleration,AMZN,trend,-0.3501,0.3172,-0.3547,1023
price_acceleration__period30__smooth5,price_acceleration,AMZN,trend,-0.2979,-0.45,-0.6818,811
price_acceleration__period40__smooth10,price_acceleration,AMZN,trend,0.1639,-0.3641,-0.5951,511
price_acceleration__period10__smooth5,price_acceleration,AMZN,trend,0.1439,0.0657,-0.5558,730
turn_of_month__days_before3__days_after3,turn_of_month,AMZN,pattern,0.5178,0.7757,-0.1731,360
turn_of_month__days_before4__days_after4,turn_of_month,AMZN,pattern,0.6864,1.1456,-0.181,360
turn_of_month__days_before5__days_after5,turn_of_month,AMZN,pattern,0.6091,1.0318,-0.2048,360
turn_of_month__days_before3__days_after5,turn_of_month,AMZN,pattern,0.5314,0.845,-0.1507,360
trend_intensity__period20,trend_intensity,AMZN,trend,-0.1937,0.2185,-0.1382,432
trend_intensity__period30,trend_intensity,AMZN,trend,0.0135,-0.4369,-0.3232,340
trend_intensity__period50,trend_intensity,AMZN,trend,0.1468,0.5533,-0.1897,184
trend_intensity__period63,trend_intensity,AMZN,trend,-0.3463,0.4715,-0.1489,164
ma_regime_momentum__regime_ma200__mom_period126__skip21,ma_regime_momentum,AMZN,trend,0.4183,0.1496,-0.6176,205
ma_regime_momentum__regime_ma200__mom_period252__skip21,ma_regime_momentum,AMZN,trend,0.4786,0.5611,-0.5109,162
ma_regime_momentum__regime_ma200__mom_period63__skip0,ma_regime_momentum,AMZN,trend,-0.0272,0.3099,-0.5891,318
ma_regime_momentum__regime_ma100__mom_period126__skip21,ma_regime_momentum,AMZN,trend,0.2587,0.5198,-0.4924,280
ma_regime_momentum__regime_ma50__mom_period63__skip0,ma_regime_momentum,AMZN,trend,-0.1026,0.4074,-0.4675,442
fisher_transform__period5,fisher_transform,AMZN,trend,-0.2269,-0.0747,-0.532,925
fisher_transform__period10,fisher_transform,AMZN,trend,0.054,0.0879,-0.4085,614
fisher_transform__period20,fisher_transform,AMZN,trend,0.0821,-0.0939,-0.4215,369
fisher_transform__period30,fisher_transform,AMZN,trend,-0.0115,0.0172,-0.434,305
relative_vigor__period10,relative_vigor,AMZN,trend,-0.1923,-0.8242,-0.7788,1117
relative_vigor__period14,relative_vigor,AMZN,trend,-0.1923,-0.8242,-0.7788,1117
relative_vigor__period20,relative_vigor,AMZN,trend,-0.1923,-0.8242,-0.7788,1117
chande_momentum__period14__threshold0.0,chande_momentum,AMZN,trend,-0.1072,0.2008,-0.4361,423
chande_momentum__period20__threshold0.0,chande_momentum,AMZN,trend,0.3297,0.1317,-0.4655,332
chande_momentum__period20__threshold10.0,chande_momentum,AMZN,trend,0.1701,-0.0963,-0.4408,655
chande_momentum__period30__threshold0.0,chande_momentum,AMZN,trend,-0.0649,-0.2536,-0.6827,284
chande_momentum__period9__threshold0.0,chande_momentum,AMZN,trend,0.0244,-0.0651,-0.6008,538
demarker__period14__hi_thresh0.7__lo_thresh0.3,demarker,AMZN,meanrev,0.5768,0.0896,-0.3286,547
demarker__period14__hi_thresh0.8__lo_thresh0.2,demarker,AMZN,meanrev,0.4046,1.1724,-0.0854,288
demarker__period21__hi_thresh0.7__lo_thresh0.3,demarker,AMZN,meanrev,0.4799,0.7335,-0.1413,358
demarker__period9__hi_thresh0.7__lo_thresh0.3,demarker,AMZN,meanrev,0.2647,0.4152,-0.2451,749
stoch_rsi__rsi_period14__stoch_period14__lo20.0__hi80.0,stoch_rsi,AMZN,meanrev,0.3295,0.0561,-0.3602,757
stoch_rsi__rsi_period14__stoch_period14__lo10.0__hi90.0,stoch_rsi,AMZN,meanrev,0.5619,-0.1507,-0.3845,635
stoch_rsi__rsi_period7__stoch_period14__lo20.0__hi80.0,stoch_rsi,AMZN,meanrev,0.3752,-0.3436,-0.4153,789
stoch_rsi__rsi_period21__stoch_period21__lo20.0__hi80.0,stoch_rsi,AMZN,meanrev,0.3142,0.3614,-0.3564,625
hurst_regime__period100__trend_thresh0.55__mr_thresh0.45,hurst_regime,AMZN,trend,0.3942,0.0555,-0.2046,352
hurst_regime__period60__trend_thresh0.55__mr_thresh0.45,hurst_regime,AMZN,trend,-0.2209,-0.2343,-0.3557,497
hurst_regime__period100__trend_thresh0.58__mr_thresh0.42,hurst_regime,AMZN,trend,-0.0273,0.319,-0.0354,78
psych_line__period12__hi_thresh75.0__lo_thresh25.0,psych_line,AMZN,meanrev,-0.039,0.8586,-0.0357,102
psych_line__period12__hi_thresh65.0__lo_thresh35.0,psych_line,AMZN,meanrev,0.51,0.0287,-0.3665,650
psych_line__period20__hi_thresh70.0__lo_thresh30.0,psych_line,AMZN,meanrev,0.2805,-0.1633,-0.1179,70
er_regime__er_period10__mom_period20__er_thresh0.4,er_regime,AMZN,trend,-0.1368,-0.7439,-0.7274,1550
er_regime__er_period10__mom_period20__er_thresh0.3,er_regime,AMZN,trend,-0.0071,-0.2303,-0.5634,1578
er_regime__er_period14__mom_period20__er_thresh0.4,er_regime,AMZN,trend,-0.7517,-1.1506,-0.8364,1384
er_regime__er_period20__mom_period40__er_thresh0.4,er_regime,AMZN,trend,-0.3916,-0.2866,-0.5329,1096
er_regime__er_period10__mom_period10__er_thresh0.4,er_regime,AMZN,trend,-0.5117,-1.113,-0.7641,1749
mcginley_dynamic__fast5__slow20,mcginley_dynamic,AMZN,trend,0.2122,0.1521,-0.4785,187
mcginley_dynamic__fast10__slow40,mcginley_dynamic,AMZN,trend,0.2391,0.5655,-0.4526,83
mcginley_dynamic__fast12__slow26,mcginley_dynamic,AMZN,trend,0.238,0.8254,-0.3492,89
mcginley_dynamic__fast5__slow14,mcginley_dynamic,AMZN,trend,0.1711,0.0344,-0.4155,229
cci_trend__period14__threshold50.0,cci_trend,AMZN,trend,-0.1031,0.6028,-0.1648,871
cci_trend__period20__threshold50.0,cci_trend,AMZN,trend,0.1186,0.1236,-0.2452,759
cci_trend__period20__threshold100.0,cci_trend,AMZN,trend,-0.183,-0.3119,-0.4404,752
cci_trend__period30__threshold50.0,cci_trend,AMZN,trend,0.093,-0.0749,-0.3599,577
cci_trend__period14__threshold100.0,cci_trend,AMZN,trend,-0.1743,-0.1013,-0.3856,940
volume_roc__period10__signal_period5,volume_roc,AMZN,volume,-0.0942,0.564,-0.2045,845
volume_roc__period14__signal_period10,volume_roc,AMZN,volume,-0.4021,-0.0554,-0.3715,644
volume_roc__period20__signal_period10,volume_roc,AMZN,volume,0.2115,0.0163,-0.4501,566
volume_roc__period5__signal_period3,volume_roc,AMZN,volume,-0.453,0.254,-0.3714,1287
hv_ratio__fast_period10__slow_period100__thresh_hi1.5__thresh_lo0.7,hv_ratio,AMZN,volatility,0.4227,-0.4299,-0.3915,475
hv_ratio__fast_period10__slow_period60__thresh_hi1.5__thresh_lo0.7,hv_ratio,AMZN,volatility,0.3031,-0.5467,-0.457,474
hv_ratio__fast_period21__slow_period100__thresh_hi1.5__thresh_lo0.7,hv_ratio,AMZN,volatility,0.1143,0.2698,-0.167,219
hv_ratio__fast_period10__slow_period100__thresh_hi2.0__thresh_lo0.5,hv_ratio,AMZN,volatility,0.3469,-0.0995,-0.2351,191
zscore_trend__z_period20__trend_period50__z_thresh1.5,zscore_trend,AMZN,meanrev,0.0555,-0.1553,-0.1044,74
zscore_trend__z_period20__trend_period50__z_thresh1.0,zscore_trend,AMZN,meanrev,-0.1198,-0.4571,-0.2004,182
zscore_trend__z_period20__trend_period100__z_thresh1.5,zscore_trend,AMZN,meanrev,0.2047,0.3733,-0.105,170
zscore_trend__z_period30__trend_period100__z_thresh2.0,zscore_trend,AMZN,meanrev,0.1955,-0.3335,-0.0616,34
cmo_fisher__fisher_period10__cmo_period14__score_thresh0.3,cmo_fisher,AMZN,trend,-0.4937,-0.465,-0.362,816
cmo_fisher__fisher_period10__cmo_period14__score_thresh0.2,cmo_fisher,AMZN,trend,-0.5754,-0.285,-0.3532,970
cmo_fisher__fisher_period14__cmo_period20__score_thresh0.3,cmo_fisher,AMZN,trend,-0.5446,-0.0916,-0.205,690
cmo_fisher__fisher_period8__cmo_period14__score_thresh0.2,cmo_fisher,AMZN,trend,-0.5043,-0.1971,-0.3868,1066
rvi_divergence__rvi_period10__lookback5,rvi_divergence,AMZN,meanrev,-0.5674,-0.0476,-0.0512,32
rvi_divergence__rvi_period10__lookback8,rvi_divergence,AMZN,meanrev,0.2641,0.0,0.0,8
rvi_divergence__rvi_period14__lookback5,rvi_divergence,AMZN,meanrev,-0.5674,-0.0476,-0.0512,32
adaptive_rsi__base_period14__fast_n2__slow_n30,adaptive_rsi,AMZN,meanrev,-0.1178,-0.1661,-0.6242,242
adaptive_rsi__base_period14__fast_n2__slow_n60,adaptive_rsi,AMZN,meanrev,-0.0802,-0.1338,-0.5955,234
adaptive_rsi__base_period9__fast_n2__slow_n30,adaptive_rsi,AMZN,meanrev,-0.015,0.15,-0.5802,368
adaptive_rsi__base_period21__fast_n2__slow_n30,adaptive_rsi,AMZN,meanrev,-0.0064,-0.179,-0.6147,177
elder_impulse__ema_period8,elder_impulse,AMZN,composite,0.0414,-0.2474,-0.4997,1464
elder_impulse__ema_period13,elder_impulse,AMZN,composite,0.1957,-0.0969,-0.3874,1364
elder_impulse__ema_period20,elder_impulse,AMZN,composite,0.3809,-0.1984,-0.4435,1266
klinger_osc__fast34__slow55__signal13,klinger_osc,AMZN,volume,-0.0586,0.4758,-0.2878,764
klinger_osc__fast21__slow34__signal9,klinger_osc,AMZN,volume,0.0894,0.7545,-0.3436,888
klinger_osc__fast55__slow89__signal13,klinger_osc,AMZN,volume,-0.002,0.7111,-0.3068,702
price_oscillator__fast10__slow30__signal9,price_oscillator,AMZN,trend,-0.5868,0.0792,-0.4003,314
price_oscillator__fast12__slow26__signal9,price_oscillator,AMZN,trend,-0.633,0.0919,-0.3805,308
price_oscillator__fast5__slow20__signal5,price_oscillator,AMZN,trend,-0.0699,0.0967,-0.429,556
price_oscillator__fast20__slow50__signal9,price_oscillator,AMZN,trend,0.1295,-0.4326,-0.6352,218
baz_trend__ewmstd_span42,baz_trend,AMZN,trend,0.1709,0.5405,-0.529,75
baz_trend__ewmstd_span63,baz_trend,AMZN,trend,0.1709,0.5405,-0.529,75
baz_trend__ewmstd_span126,baz_trend,AMZN,trend,0.1709,0.5405,-0.529,75
intermediate_mom__start252__end126,intermediate_mom,AMZN,trend,0.4557,0.3457,-0.4476,96
intermediate_mom__start189__end105,intermediate_mom,AMZN,trend,0.5084,0.4413,-0.4256,179
intermediate_mom__start168__end84,intermediate_mom,AMZN,trend,0.5689,0.6395,-0.3762,184
intermediate_mom__start252__end63,intermediate_mom,AMZN,trend,0.6625,0.7886,-0.4342,72
mom_crash_protect__bear_lookback504__bear_thresh-0.2__damp0.0,mom_crash_protect,AMZN,trend,0.6089,1.027,-0.3671,91
mom_crash_protect__bear_lookback504__bear_thresh-0.2__damp0.25,mom_crash_protect,AMZN,trend,0.6037,1.027,-0.3671,96
mom_crash_protect__bear_lookback252__bear_thresh-0.2__damp0.0,mom_crash_protect,AMZN,trend,0.5467,1.027,-0.3671,96
mom_crash_protect__bear_lookback504__bear_thresh-0.25__damp0.0,mom_crash_protect,AMZN,trend,0.6163,1.027,-0.3671,96
consistent_mom__consistency_thresh0.5,consistent_mom,AMZN,trend,0.706,0.9746,-0.3671,249
consistent_mom__consistency_thresh0.58,consistent_mom,AMZN,trend,0.6204,0.8978,-0.3671,410
consistent_mom__consistency_thresh0.67,consistent_mom,AMZN,trend,0.4107,0.2196,-0.3701,471
signed_range_mom__period10__threshold0.1,signed_range_mom,AMZN,trend,0.0182,-0.2116,-0.489,957
signed_range_mom__period21__threshold0.1,signed_range_mom,AMZN,trend,-0.078,-0.6057,-0.5948,745
signed_range_mom__period21__threshold0.15,signed_range_mom,AMZN,trend,-0.154,-0.4714,-0.5732,636
signed_range_mom__period42__threshold0.1,signed_range_mom,AMZN,trend,0.3457,-0.0124,-0.3858,434
signed_range_mom__period63__threshold0.1,signed_range_mom,AMZN,trend,-0.3526,-0.0311,-0.4747,386
multi_tsmom,multi_tsmom,AMZN,trend,0.1765,0.166,-0.5284,337
"multi_tsmom__lookbacks(63, 126, 252)",multi_tsmom,AMZN,trend,0.2132,0.1317,-0.6432,143
"multi_tsmom__lookbacks(21, 63, 252)",multi_tsmom,AMZN,trend,-0.0338,0.0799,-0.5286,254
"multi_tsmom__lookbacks(21, 63, 126, 252)__weights(0.4, 0.3, 0.2, 0.1)",multi_tsmom,AMZN,trend,0.0539,0.1723,-0.4891,230
"multi_tsmom__lookbacks(21, 63, 126, 252)__weights(0.1, 0.2, 0.3, 0.4)",multi_tsmom,AMZN,trend,0.2769,0.03,-0.6363,181
ma_crossover__fast5__slow20__kindsma,ma_crossover,GOOGL,trend,-0.1921,-0.1305,-0.5984,237
ma_crossover__fast10__slow30__kindsma,ma_crossover,GOOGL,trend,-0.2729,0.0987,-0.354,149
ma_crossover__fast20__slow50__kindsma,ma_crossover,GOOGL,trend,-0.1513,0.5517,-0.2809,81
ma_crossover__fast50__slow100__kindsma,ma_crossover,GOOGL,trend,0.0915,-0.0383,-0.5442,43
ma_crossover__fast50__slow200__kindsma,ma_crossover,GOOGL,trend,0.2441,0.695,-0.3517,19
ma_crossover__fast100__slow200__kindsma,ma_crossover,GOOGL,trend,0.2921,0.7559,-0.2896,15
ma_crossover__fast10__slow50__kindsma,ma_crossover,GOOGL,trend,-0.1009,0.1652,-0.4748,100
ma_crossover__fast20__slow100__kindsma,ma_crossover,GOOGL,trend,-0.2021,0.4039,-0.3322,49
ma_crossover__fast5__slow20__kindema,ma_crossover,GOOGL,trend,-0.0613,-0.1912,-0.5097,224
ma_crossover__fast12__slow26__kindema,ma_crossover,GOOGL,trend,0.1275,0.0355,-0.5453,128
ma_crossover__fast10__slow50__kindema,ma_crossover,GOOGL,trend,0.0399,0.3154,-0.395,98
ma_crossover__fast20__slow100__kindema,ma_crossover,GOOGL,trend,0.2051,0.3558,-0.4177,48
ts_momentum__period21,ts_momentum,GOOGL,trend,-0.0223,-0.0581,-0.5398,353
ts_momentum__period42,ts_momentum,GOOGL,trend,0.0221,0.1942,-0.4049,259
ts_momentum__period63,ts_momentum,GOOGL,trend,-0.2762,0.2266,-0.31,203
ts_momentum__period126,ts_momentum,GOOGL,trend,0.0047,0.5765,-0.2857,81
ts_momentum__period252,ts_momentum,GOOGL,trend,-0.0021,0.5179,-0.3177,79
roc_momentum__period5,roc_momentum,GOOGL,trend,-0.3415,0.145,-0.4345,748
roc_momentum__period10,roc_momentum,GOOGL,trend,-0.2629,-0.0023,-0.4748,539
roc_momentum__period20,roc_momentum,GOOGL,trend,-0.0384,0.0129,-0.3645,355
roc_momentum__period30,roc_momentum,GOOGL,trend,-0.2892,0.5976,-0.2724,277
roc_momentum__period60,roc_momentum,GOOGL,trend,-0.0307,0.396,-0.366,197
macd_signal__fast12__slow26__signal9,macd_signal,GOOGL,trend,0.0228,-0.0892,-0.5372,311
macd_signal__fast8__slow17__signal9,macd_signal,GOOGL,trend,-0.2293,0.3002,-0.4279,387
macd_signal__fast5__slow35__signal5,macd_signal,GOOGL,trend,-0.1722,-0.0662,-0.496,531
macd_signal__fast3__slow10__signal16,macd_signal,GOOGL,trend,0.0186,-0.36,-0.5958,557
donchian_breakout__period10,donchian_breakout,GOOGL,trend,-0.4629,0.2423,-0.2906,971
donchian_breakout__period20,donchian_breakout,GOOGL,trend,-0.5197,0.0107,-0.3097,694
donchian_breakout__period30,donchian_breakout,GOOGL,trend,-0.4227,0.2943,-0.1887,542
donchian_breakout__period40,donchian_breakout,GOOGL,trend,-0.4484,0.1207,-0.2314,458
donchian_breakout__period55,donchian_breakout,GOOGL,trend,-0.3142,0.2701,-0.1707,390
bb_breakout__period20__std1.5,bb_breakout,GOOGL,trend,-0.2682,-0.2914,-0.4423,729
bb_breakout__period20__std2.0,bb_breakout,GOOGL,trend,-0.4548,-0.0235,-0.2508,444
bb_breakout__period20__std2.5,bb_breakout,GOOGL,trend,-0.1924,0.3612,-0.0497,154
bb_breakout__period30__std2.0,bb_breakout,GOOGL,trend,-0.3108,-0.4338,-0.3759,378
bb_breakout__period50__std2.0,bb_breakout,GOOGL,trend,-0.2079,-0.0715,-0.2541,274
supertrend__period7__mult2.0,supertrend,GOOGL,trend,0.1286,0.0287,-0.5764,210
supertrend__period7__mult3.0,supertrend,GOOGL,trend,-0.0829,0.4749,-0.2974,118
supertrend__period10__mult3.0,supertrend,GOOGL,trend,-0.1642,0.4921,-0.2777,120
supertrend__period14__mult2.0,supertrend,GOOGL,trend,0.1065,-0.1,-0.5745,218
supertrend__period14__mult3.0,supertrend,GOOGL,trend,-0.196,0.3413,-0.3499,124
parabolic_sar__step0.01__max_af0.1,parabolic_sar,GOOGL,trend,0.076,0.044,-0.4215,206
parabolic_sar__step0.02__max_af0.2,parabolic_sar,GOOGL,trend,0.1121,0.1065,-0.4848,326
parabolic_sar__step0.03__max_af0.2,parabolic_sar,GOOGL,trend,-0.0062,-0.2106,-0.5259,437
parabolic_sar__step0.05__max_af0.2,parabolic_sar,GOOGL,trend,-0.0214,0.1149,-0.4223,548
adx_trend__period14__threshold20,adx_trend,GOOGL,trend,-0.5293,-0.6535,-0.5969,293
adx_trend__period14__threshold25,adx_trend,GOOGL,trend,-0.4711,-1.0,-0.6387,182
adx_trend__period14__threshold30,adx_trend,GOOGL,trend,-0.3699,-0.4585,-0.3893,121
adx_trend__period21__threshold20,adx_trend,GOOGL,trend,-0.3167,-0.6704,-0.5817,151
adx_trend__period21__threshold25,adx_trend,GOOGL,trend,-0.4007,-0.87,-0.5143,92
ichimoku__tenkan9__kijun26__senkou_b52,ichimoku,GOOGL,trend,-0.1034,0.1397,-0.3033,443
ichimoku__tenkan7__kijun22__senkou_b44,ichimoku,GOOGL,trend,0.0021,-0.1092,-0.4685,521
linreg_slope__period10,linreg_slope,GOOGL,trend,0.007,0.0909,-0.5245,366
linreg_slope__period20,linreg_slope,GOOGL,trend,-0.2628,-0.4041,-0.6138,191
linreg_slope__period30,linreg_slope,GOOGL,trend,-0.2874,0.3062,-0.3614,127
linreg_slope__period50,linreg_slope,GOOGL,trend,-0.2733,0.3909,-0.306,73
aroon__period14,aroon,GOOGL,trend,0.2277,-0.2,-0.6093,251
aroon__period25,aroon,GOOGL,trend,-0.6432,0.3204,-0.3048,157
aroon__period50,aroon,GOOGL,trend,-0.2736,0.1331,-0.411,79
vortex__period10,vortex,GOOGL,trend,-0.2986,-0.0168,-0.5011,486
vortex__period14,vortex,GOOGL,trend,0.0624,-0.2315,-0.644,373
vortex__period21,vortex,GOOGL,trend,-0.2299,-0.3368,-0.6033,329
trix__period9,trix,GOOGL,trend,-0.1352,-0.2417,-0.6024,171
trix__period12,trix,GOOGL,trend,-0.2091,0.3672,-0.4053,111
trix__period18,trix,GOOGL,trend,-0.0642,0.4822,-0.3937,69
hull_ma__period14,hull_ma,GOOGL,trend,-0.3867,-0.2547,-0.517,584
hull_ma__period20,hull_ma,GOOGL,trend,-0.2467,-0.1967,-0.6168,432
hull_ma__period30,hull_ma,GOOGL,trend,0.1301,0.3091,-0.4761,290
hull_ma__period50,hull_ma,GOOGL,trend,-0.2687,-0.1343,-0.5044,192
kama__period5,kama,GOOGL,trend,-0.343,0.3278,-0.3906,2026
kama__period10,kama,GOOGL,trend,0.1639,0.0,0.0,142
kama__period20,kama,GOOGL,trend,-1.4593,0.0,0.0,40
turtle__entry20__exit_p10,turtle,GOOGL,trend,-0.5197,0.0107,-0.3097,694
turtle__entry55__exit_p20,turtle,GOOGL,trend,-0.3142,0.2701,-0.1707,390
turtle__entry10__exit_p5,turtle,GOOGL,trend,-0.4629,0.2423,-0.2906,971
dual_momentum__period63,dual_momentum,GOOGL,trend,0.307,0.7873,-0.2172,203
dual_momentum__period126,dual_momentum,GOOGL,trend,0.4501,0.9106,-0.2214,81
dual_momentum__period252,dual_momentum,GOOGL,trend,0.3603,0.8569,-0.2494,79
elder_ray__period13,elder_ray,GOOGL,trend,-0.2593,0.0656,-0.471,592
elder_ray__period21,elder_ray,GOOGL,trend,0.2164,0.3406,-0.2666,442
elder_ray__period34,elder_ray,GOOGL,trend,0.1536,0.2389,-0.3471,344
rsi_reversion__period7__lo30__hi70,rsi_reversion,GOOGL,meanrev,0.642,0.3483,-0.2819,685
rsi_reversion__period7__lo25__hi75,rsi_reversion,GOOGL,meanrev,0.23,0.4194,-0.2152,438
rsi_reversion__period14__lo30__hi70,rsi_reversion,GOOGL,meanrev,0.3257,0.5074,-0.1806,260
rsi_reversion__period14__lo25__hi75,rsi_reversion,GOOGL,meanrev,0.2218,-0.0646,-0.1979,100
rsi_reversion__period14__lo35__hi65,rsi_reversion,GOOGL,meanrev,0.2083,0.3496,-0.2827,418
rsi_reversion__period21__lo30__hi70,rsi_reversion,GOOGL,meanrev,0.2537,0.9024,-0.068,108
rsi_reversion__period21__lo25__hi75,rsi_reversion,GOOGL,meanrev,-0.0399,0.2981,-0.0249,26
rsi_reversion__period28__lo30__hi70,rsi_reversion,GOOGL,meanrev,-0.0563,0.5965,-0.0536,38
rsi_reversion__period30__lo30__hi70,rsi_reversion,GOOGL,meanrev,0.1166,0.4073,-0.0451,32
rsi_reversion__period30__lo25__hi75,rsi_reversion,GOOGL,meanrev,-0.0811,0.5391,-0.0036,10
bb_reversion__period20__std1.5,bb_reversion,GOOGL,meanrev,0.1918,0.2318,-0.3066,729
bb_reversion__period20__std2.0,bb_reversion,GOOGL,meanrev,0.3845,-0.0244,-0.2326,444
bb_reversion__period20__std2.5,bb_reversion,GOOGL,meanrev,0.1288,-0.387,-0.2053,154
bb_reversion__period30__std2.0,bb_reversion,GOOGL,meanrev,0.2584,0.391,-0.2159,378
bb_reversion__period30__std2.5,bb_reversion,GOOGL,meanrev,0.2463,-0.5747,-0.2732,178
bb_reversion__period50__std2.0,bb_reversion,GOOGL,meanrev,0.1687,0.043,-0.2456,274
zscore_reversion__period10__threshold1.0,zscore_reversion,GOOGL,meanrev,-0.1009,-0.0268,-0.356,1240
zscore_reversion__period20__threshold1.5,zscore_reversion,GOOGL,meanrev,0.1918,0.2318,-0.3066,729
zscore_reversion__period20__threshold2.0,zscore_reversion,GOOGL,meanrev,0.3845,-0.0244,-0.2326,444
zscore_reversion__period30__threshold1.5,zscore_reversion,GOOGL,meanrev,0.1863,-0.316,-0.312,584
zscore_reversion__period30__threshold2.0,zscore_reversion,GOOGL,meanrev,0.2584,0.391,-0.2159,378
zscore_reversion__period60__threshold2.0,zscore_reversion,GOOGL,meanrev,0.4442,-0.0795,-0.2414,276
stochastic__k5__d3__lo20__hi80,stochastic,GOOGL,meanrev,0.2648,-0.0765,-0.2239,826
stochastic__k14__d3__lo20__hi80,stochastic,GOOGL,meanrev,0.1034,0.2912,-0.262,604
stochastic__k14__d3__lo30__hi70,stochastic,GOOGL,meanrev,0.1043,0.3218,-0.2673,648
stochastic__k14__d5__lo20__hi80,stochastic,GOOGL,meanrev,0.4744,0.4656,-0.2083,458
stochastic__k21__d3__lo20__hi80,stochastic,GOOGL,meanrev,0.1217,0.2266,-0.316,514
cci_reversion__period14__threshold100,cci_reversion,GOOGL,meanrev,-0.0858,-0.0833,-0.2747,882
cci_reversion__period14__threshold150,cci_reversion,GOOGL,meanrev,0.512,0.287,-0.2016,576
cci_reversion__period20__threshold100,cci_reversion,GOOGL,meanrev,-0.1424,0.2386,-0.2242,729
cci_reversion__period20__threshold150,cci_reversion,GOOGL,meanrev,0.2596,0.1145,-0.2152,502
cci_reversion__period30__threshold100,cci_reversion,GOOGL,meanrev,0.3436,-0.2927,-0.3268,587
williams_r__period14__lo-80__hi-20,williams_r,GOOGL,meanrev,-0.1314,0.0153,-0.33,999
williams_r__period14__lo-90__hi-10,williams_r,GOOGL,meanrev,0.0855,-0.106,-0.3022,968
williams_r__period21__lo-80__hi-20,williams_r,GOOGL,meanrev,0.0763,-0.006,-0.3532,835
williams_r__period28__lo-80__hi-20,williams_r,GOOGL,meanrev,0.21,0.1049,-0.321,739
keltner_reversion__period20__mult1.5,keltner_reversion,GOOGL,meanrev,0.2537,0.1291,-0.2732,627
keltner_reversion__period20__mult2.0,keltner_reversion,GOOGL,meanrev,0.26,0.2694,-0.2804,440
keltner_reversion__period20__mult2.5,keltner_reversion,GOOGL,meanrev,0.2829,-0.0143,-0.2369,258
keltner_reversion__period30__mult2.0,keltner_reversion,GOOGL,meanrev,0.2062,0.1995,-0.3104,506
vwap_reversion__period20__z_thresh1.0,vwap_reversion,GOOGL,meanrev,0.2026,-0.0657,-0.3444,803
vwap_reversion__period20__z_thresh1.5,vwap_reversion,GOOGL,meanrev,0.3523,0.1358,-0.3103,672
vwap_reversion__period20__z_thresh2.0,vwap_reversion,GOOGL,meanrev,0.4937,0.1375,-0.2609,508
percent_b__period20__std2.0__lo0.05__hi0.95,percent_b,GOOGL,meanrev,0.4925,-0.0519,-0.2805,557
percent_b__period20__std2.0__lo0.1__hi0.9,percent_b,GOOGL,meanrev,0.2487,0.184,-0.3258,671
percent_b__period20__std2.0__lo0.2__hi0.8,percent_b,GOOGL,meanrev,0.1178,0.1942,-0.285,855
percent_b__period30__std2.0__lo0.2__hi0.8,percent_b,GOOGL,meanrev,0.3812,-0.1877,-0.3087,693
connors_rsi__rsi_period3__streak_period2__rank_period100,connors_rsi,GOOGL,meanrev,0.2661,-0.1377,-0.3523,1241
connors_rsi__rsi_period2__streak_period3__rank_period100,connors_rsi,GOOGL,meanrev,0.2853,-0.444,-0.4205,1267
ultimate_osc__p17__p214__p328,ultimate_osc,GOOGL,meanrev,0.3488,0.4305,-0.0647,140
ultimate_osc__p14__p28__p316,ultimate_osc,GOOGL,meanrev,0.3458,0.1497,-0.1882,444
gap_fade__threshold0.01,gap_fade,GOOGL,meanrev,0.0385,-0.5515,-0.3496,1005
gap_fade__threshold0.015,gap_fade,GOOGL,meanrev,0.1184,-0.5188,-0.2445,524
gap_fade__threshold0.02,gap_fade,GOOGL,meanrev,0.3161,-0.3301,-0.1674,294
obv_trend__period10,obv_trend,GOOGL,volume,-0.253,-0.0525,-0.3913,749
obv_trend__period20,obv_trend,GOOGL,volume,-0.2088,0.0693,-0.3037,505
obv_trend__period50,obv_trend,GOOGL,volume,-0.4469,0.3917,-0.3583,336
chaikin_mf__period10,chaikin_mf,GOOGL,volume,-0.4274,0.127,-0.5659,554
chaikin_mf__period20,chaikin_mf,GOOGL,volume,-0.432,0.5108,-0.2617,381
chaikin_mf__period21,chaikin_mf,GOOGL,volume,-0.1812,0.286,-0.2959,347
mfi__period10,mfi,GOOGL,volume,0.1619,0.1283,-0.1883,278
mfi__period14,mfi,GOOGL,volume,0.1001,0.8559,-0.036,144
mfi__period21,mfi,GOOGL,volume,0.2255,0.466,-0.0001,26
volume_surge__period10__mult1.5,volume_surge,GOOGL,volume,-0.5711,0.8436,-0.201,448
volume_surge__period20__mult2.0,volume_surge,GOOGL,volume,-0.5498,0.6298,-0.1611,208
volume_surge__period20__mult3.0,volume_surge,GOOGL,volume,0.1792,0.652,-0.01,34
force_index__period2,force_index,GOOGL,volume,-0.1424,0.0242,-0.4869,1294
force_index__period13,force_index,GOOGL,volume,0.0215,-0.2172,-0.4748,461
force_index__period20,force_index,GOOGL,volume,-0.0553,-0.2659,-0.5308,365
chaikin_osc__fast3__slow10,chaikin_osc,GOOGL,volume,-1.0073,0.223,-0.3934,468
chaikin_osc__fast3__slow12,chaikin_osc,GOOGL,volume,-0.8973,0.1779,-0.4434,434
chaikin_osc__fast5__slow12,chaikin_osc,GOOGL,volume,-0.6301,-0.0278,-0.5088,330
atr_breakout__period10__mult1.5,atr_breakout,GOOGL,volatility,-0.5761,-0.2853,-0.3242,604
atr_breakout__period14__mult1.5,atr_breakout,GOOGL,volatility,-0.3861,-0.1715,-0.3647,687
atr_breakout__period14__mult2.0,atr_breakout,GOOGL,volatility,-0.5253,-0.4988,-0.4066,444
atr_breakout__period20__mult2.0,atr_breakout,GOOGL,volatility,-0.2222,-0.3021,-0.4061,496
atr_breakout__period20__mult2.5,atr_breakout,GOOGL,volatility,-0.4182,-0.3691,-0.3813,324
vol_breakout__period10__mult0.5,vol_breakout,GOOGL,volatility,-0.408,0.5067,-0.2679,2503
vol_breakout__period20__mult1.0,vol_breakout,GOOGL,volatility,-0.1893,0.4121,-0.3213,2081
vol_breakout__period20__mult1.5,vol_breakout,GOOGL,volatility,0.0674,0.0955,-0.3742,1382
vol_breakout__period30__mult1.0,vol_breakout,GOOGL,volatility,-0.1161,0.2241,-0.4405,2055
squeeze_breakout__bb_period20__kc_period20__bb_std2.0__kc_mult1.5,squeeze_breakout,GOOGL,volatility,-0.1402,0.1957,-0.3645,201
squeeze_breakout__bb_period20__kc_period20__bb_std2.0__kc_mult1.0,squeeze_breakout,GOOGL,volatility,-0.1606,0.2879,-0.3509,121
squeeze_breakout__bb_period30__kc_period30__bb_std2.0__kc_mult1.5,squeeze_breakout,GOOGL,volatility,0.1101,0.537,-0.2348,83
engulfing,engulfing,GOOGL,pattern,0.0239,-0.6233,-0.3098,551
three_bar_reversal,three_bar_reversal,GOOGL,pattern,0.5408,0.8281,-0.0987,1017
higher_highs_lows__period5,higher_highs_lows,GOOGL,pattern,-0.2555,0.0755,-0.5315,860
higher_highs_lows__period10,higher_highs_lows,GOOGL,pattern,-0.186,-0.1792,-0.5057,447
higher_highs_lows__period20,higher_highs_lows,GOOGL,pattern,-0.5894,0.4119,-0.3177,237
pivot_bounce__period5,pivot_bounce,GOOGL,pattern,-0.4096,0.1794,-0.2335,1216
pivot_bounce__period10,pivot_bounce,GOOGL,pattern,-0.4619,0.2887,-0.1483,1103
pivot_bounce__period20,pivot_bounce,GOOGL,pattern,0.1721,-0.0844,-0.1846,865
macd_rsi_combo__fast12__slow26__signal9__rsi_period14__rsi_lo40__rsi_hi60,macd_rsi_combo,GOOGL,composite,-0.4817,0.1031,-0.3112,593
macd_rsi_combo__fast12__slow26__signal9__rsi_period14__rsi_lo45__rsi_hi55,macd_rsi_combo,GOOGL,composite,-0.1318,0.2766,-0.2061,652
macd_rsi_combo__fast8__slow21__signal5__rsi_period14__rsi_lo40__rsi_hi60,macd_rsi_combo,GOOGL,composite,-0.6121,0.0901,-0.2506,617
macd_rsi_combo__fast5__slow35__signal5__rsi_period14__rsi_lo40__rsi_hi60,macd_rsi_combo,GOOGL,composite,-0.4949,0.0212,-0.2954,653
triple_screen__trend_period20__osc_period14__osc_lo40__osc_hi60,triple_screen,GOOGL,composite,0.0,0.0,0.0,0
triple_screen__trend_period30__osc_period14__osc_lo40__osc_hi60,triple_screen,GOOGL,composite,0.0,0.0,0.0,0
triple_screen__trend_period50__osc_period14__osc_lo35__osc_hi65,triple_screen,GOOGL,composite,0.0,0.0,0.0,0
triple_screen__trend_period20__osc_period7__osc_lo30__osc_hi70,triple_screen,GOOGL,composite,0.0,0.0,0.0,0
chandelier_exit__period14__mult2.0,chandelier_exit,GOOGL,composite,0.2436,0.1576,-0.3825,550
chandelier_exit__period22__mult3.0,chandelier_exit,GOOGL,composite,0.1819,0.5269,-0.2805,324
chandelier_exit__period22__mult2.0,chandelier_exit,GOOGL,composite,0.1317,0.0622,-0.452,588
chandelier_exit__period10__mult2.0,chandelier_exit,GOOGL,composite,0.4156,0.1133,-0.4358,493
high52_momentum__period252__threshold0.7,high52_momentum,GOOGL,trend,-0.1213,0.3218,-0.3138,243
high52_momentum__period252__threshold0.75,high52_momentum,GOOGL,trend,-0.2923,0.527,-0.3135,233
high52_momentum__period252__threshold0.8,high52_momentum,GOOGL,trend,-0.2855,0.6227,-0.2576,251
high52_momentum__period126__threshold0.7,high52_momentum,GOOGL,trend,0.01,0.3092,-0.3494,275
high52_momentum__period126__threshold0.75,high52_momentum,GOOGL,trend,-0.2701,0.3943,-0.2763,305
short_reversal__period5,short_reversal,GOOGL,meanrev,0.2633,-0.2196,-0.5212,748
short_reversal__period10,short_reversal,GOOGL,meanrev,0.2042,-0.0475,-0.3337,539
short_reversal__period15,short_reversal,GOOGL,meanrev,-0.099,0.2608,-0.3906,405
short_reversal__period20,short_reversal,GOOGL,meanrev,0.003,-0.0525,-0.3846,355
low_vol_regime__period20__ma_period60,low_vol_regime,GOOGL,volatility,0.0468,-0.2589,-0.2605,144
low_vol_regime__period20__ma_period120,low_vol_regime,GOOGL,volatility,0.0046,0.2526,-0.2255,164
low_vol_regime__period60__ma_period120,low_vol_regime,GOOGL,volatility,0.147,0.3991,-0.149,40
low_vol_regime__period20__ma_period252,low_vol_regime,GOOGL,volatility,-0.2156,0.383,-0.1528,154
low_vol_regime__period60__ma_period252,low_vol_regime,GOOGL,volatility,0.1287,0.3088,-0.211,56
low_vol_regime__period120__ma_period252,low_vol_regime,GOOGL,volatility,-0.0492,-0.0502,-0.1505,32
nr_breakout__nr_period4__exit_bars3,nr_breakout,GOOGL,pattern,0.1236,0.6871,-0.2724,953
nr_breakout__nr_period4__exit_bars5,nr_breakout,GOOGL,pattern,0.0246,0.8116,-0.1747,731
nr_breakout__nr_period7__exit_bars3,nr_breakout,GOOGL,pattern,0.4133,0.1969,-0.1871,694
nr_breakout__nr_period7__exit_bars5,nr_breakout,GOOGL,pattern,0.2806,0.1979,-0.1902,600
nr_breakout__nr_period10__exit_bars5,nr_breakout,GOOGL,pattern,0.4322,-0.0652,-0.2419,454
nr_breakout__nr_period10__exit_bars10,nr_breakout,GOOGL,pattern,0.136,-0.1789,-0.3549,370
overnight_gap__period1__threshold0.001,overnight_gap,GOOGL,volume,-0.0556,0.9503,-0.3393,2294
overnight_gap__period1__threshold0.003,overnight_gap,GOOGL,volume,0.0618,0.8197,-0.3303,2386
overnight_gap__period3__threshold0.001,overnight_gap,GOOGL,volume,0.2096,0.0169,-0.4123,1458
overnight_gap__period3__threshold0.003,overnight_gap,GOOGL,volume,0.0784,0.1601,-0.3404,1277
overnight_gap__period5__threshold0.001,overnight_gap,GOOGL,volume,-0.303,-0.4145,-0.5441,1198
overnight_gap__period5__threshold0.003,overnight_gap,GOOGL,volume,0.0465,-0.135,-0.5446,840
coppock_curve__roc1252__roc2189__wma_period63,coppock_curve,GOOGL,trend,0.1285,0.6234,-0.3763,10
coppock_curve__roc1189__roc2126__wma_period42,coppock_curve,GOOGL,trend,0.3993,0.8147,-0.2622,12
coppock_curve__roc1126__roc2100__wma_period21,coppock_curve,GOOGL,trend,0.2896,0.4578,-0.4279,21
bll_filter__pct0.005__hold0,bll_filter,GOOGL,trend,-0.1215,0.304,-0.4556,1283
bll_filter__pct0.01__hold0,bll_filter,GOOGL,trend,-0.2353,-0.2174,-0.5611,951
bll_filter__pct0.02__hold0,bll_filter,GOOGL,trend,-0.138,-0.2381,-0.5882,565
bll_filter__pct0.005__hold10,bll_filter,GOOGL,trend,-0.1005,0.3363,-0.4554,1311
bll_filter__pct0.01__hold10,bll_filter,GOOGL,trend,-0.2091,-0.2676,-0.5363,1037
bll_filter__pct0.01__hold20,bll_filter,GOOGL,trend,-0.2456,-0.1736,-0.5611,955
bll_filter__pct0.02__hold10,bll_filter,GOOGL,trend,-0.198,-0.3388,-0.6075,744
frog_in_pan__lookback252__skip21__id_cutoff0.5,frog_in_pan,GOOGL,trend,0.4132,0.9672,-0.2214,129
frog_in_pan__lookback252__skip21__id_cutoff0.45,frog_in_pan,GOOGL,trend,0.045,0.779,-0.2214,47
frog_in_pan__lookback252__skip0__id_cutoff0.5,frog_in_pan,GOOGL,trend,0.366,0.6323,-0.2953,129
frog_in_pan__lookback126__skip21__id_cutoff0.5,frog_in_pan,GOOGL,trend,0.3302,0.7829,-0.2891,164
frog_in_pan__lookback126__skip21__id_cutoff0.45,frog_in_pan,GOOGL,trend,0.0966,0.729,-0.2364,166
vol_mom__mom_period126__vol_period126__skip21__vol_weight0.5,vol_mom,GOOGL,composite,0.3003,0.3442,-0.2449,142
vol_mom__mom_period126__vol_period126__skip0__vol_weight0.5,vol_mom,GOOGL,composite,0.0971,0.1638,-0.2239,143
vol_mom__mom_period252__vol_period126__skip21__vol_weight0.5,vol_mom,GOOGL,composite,0.1005,0.0877,-0.3088,134
vol_mom__mom_period63__vol_period63__skip0__vol_weight0.3,vol_mom,GOOGL,composite,-0.2735,0.2266,-0.31,199
vol_mom__mom_period126__vol_period126__skip21__vol_weight0.3,vol_mom,GOOGL,composite,0.4832,0.8447,-0.277,79
seasonality__n_years2,seasonality,GOOGL,pattern,0.6043,0.7977,-0.3271,97
seasonality__n_years3,seasonality,GOOGL,pattern,0.6978,0.4861,-0.3557,91
seasonality__n_years5,seasonality,GOOGL,pattern,0.6884,0.8165,-0.3442,95
residual_mom__lookback252__skip21,residual_mom,GOOGL,trend,0.4022,0.8888,-0.234,72
residual_mom__lookback252__skip0,residual_mom,GOOGL,trend,0.0217,0.8271,-0.26,72
residual_mom__lookback126__skip21,residual_mom,GOOGL,trend,0.3507,0.7805,-0.3202,81
vol_scaled_mom__rv_window21__vol_target0.12__damp0.5,vol_scaled_mom,GOOGL,trend,0.3572,0.3678,-0.21,3419
vol_scaled_mom__rv_window21__vol_target0.08__damp0.5,vol_scaled_mom,GOOGL,trend,0.3446,0.3643,-0.1433,3481
vol_scaled_mom__rv_window63__vol_target0.12__damp0.5,vol_scaled_mom,GOOGL,trend,0.4563,0.3245,-0.2287,3477
vol_scaled_mom__rv_window21__vol_target0.12__damp0.0,vol_scaled_mom,GOOGL,trend,0.3577,0.3678,-0.21,3377
vol_scaled_mom__rv_window21__vol_target0.15__damp0.5,vol_scaled_mom,GOOGL,trend,0.3662,0.3786,-0.2601,3050
dema_crossover__fast5__slow20,dema_crossover,GOOGL,trend,-0.2634,0.1878,-0.4633,417
dema_crossover__fast10__slow40,dema_crossover,GOOGL,trend,-0.107,-0.1447,-0.6,226
dema_crossover__fast12__slow26,dema_crossover,GOOGL,trend,0.1172,-0.3468,-0.6012,244
dema_crossover__fast20__slow50,dema_crossover,GOOGL,trend,-0.175,-0.1326,-0.5291,142
dema_crossover__fast10__slow30,dema_crossover,GOOGL,trend,0.0494,-0.3412,-0.62,256
tema_crossover__fast5__slow20,tema_crossover,GOOGL,trend,0.2413,-0.3397,-0.5959,541
tema_crossover__fast10__slow40,tema_crossover,GOOGL,trend,0.0078,0.129,-0.3497,281
tema_crossover__fast12__slow26,tema_crossover,GOOGL,trend,0.0882,0.124,-0.4167,301
tema_crossover__fast20__slow50,tema_crossover,GOOGL,trend,-0.2938,-0.2991,-0.5685,202
tema_crossover__fast10__slow30,tema_crossover,GOOGL,trend,0.0154,0.4247,-0.3572,299
price_acceleration__period10__smooth3,price_acceleration,GOOGL,trend,0.3289,-0.1822,-0.6345,986
price_acceleration__period20__smooth5,price_acceleration,GOOGL,trend,-0.0574,-0.3218,-0.6106,795
price_acceleration__period20__smooth3,price_acceleration,GOOGL,trend,0.2203,0.2405,-0.5225,975
price_acceleration__period30__smooth5,price_acceleration,GOOGL,trend,-0.5505,-0.7616,-0.7975,824
price_acceleration__period40__smooth10,price_acceleration,GOOGL,trend,0.2531,0.0355,-0.5618,585
price_acceleration__period10__smooth5,price_acceleration,GOOGL,trend,-0.1183,-0.2512,-0.6067,760
turn_of_month__days_before3__days_after3,turn_of_month,GOOGL,pattern,0.6876,0.1945,-0.1798,360
turn_of_month__days_before4__days_after4,turn_of_month,GOOGL,pattern,0.5649,0.7423,-0.2093,360
turn_of_month__days_before5__days_after5,turn_of_month,GOOGL,pattern,0.6826,0.7259,-0.1804,360
turn_of_month__days_before3__days_after5,turn_of_month,GOOGL,pattern,0.7565,0.2417,-0.2437,360
trend_intensity__period20,trend_intensity,GOOGL,trend,0.2725,0.2255,-0.1872,427
trend_intensity__period30,trend_intensity,GOOGL,trend,-0.2254,-0.478,-0.3349,314
trend_intensity__period50,trend_intensity,GOOGL,trend,0.589,0.4032,-0.1549,192
trend_intensity__period63,trend_intensity,GOOGL,trend,0.0514,0.505,-0.1372,191
ma_regime_momentum__regime_ma200__mom_period126__skip21,ma_regime_momentum,GOOGL,trend,0.2593,0.6434,-0.3018,183
ma_regime_momentum__regime_ma200__mom_period252__skip21,ma_regime_momentum,GOOGL,trend,0.2461,0.4878,-0.3327,178
ma_regime_momentum__regime_ma200__mom_period63__skip0,ma_regime_momentum,GOOGL,trend,-0.0613,0.3115,-0.3221,295
ma_regime_momentum__regime_ma100__mom_period126__skip21,ma_regime_momentum,GOOGL,trend,0.1653,0.7511,-0.3007,239
ma_regime_momentum__regime_ma50__mom_period63__skip0,ma_regime_momentum,GOOGL,trend,-0.109,0.1414,-0.3064,417
fisher_transform__period5,fisher_transform,GOOGL,trend,-0.1737,-0.1211,-0.5352,892
fisher_transform__period10,fisher_transform,GOOGL,trend,-0.2169,-0.2702,-0.5855,596
fisher_transform__period20,fisher_transform,GOOGL,trend,0.0529,-0.0502,-0.428,409
fisher_transform__period30,fisher_transform,GOOGL,trend,0.1229,0.227,-0.4222,295
relative_vigor__period10,relative_vigor,GOOGL,trend,-0.3766,-0.4606,-0.5733,1117
relative_vigor__period14,relative_vigor,GOOGL,trend,-0.3766,-0.4606,-0.5733,1117
relative_vigor__period20,relative_vigor,GOOGL,trend,-0.3766,-0.4606,-0.5733,1117
chande_momentum__period14__threshold0.0,chande_momentum,GOOGL,trend,0.1911,-0.3544,-0.6751,423
chande_momentum__period20__threshold0.0,chande_momentum,GOOGL,trend,-0.0381,0.0129,-0.3645,356
chande_momentum__period20__threshold10.0,chande_momentum,GOOGL,trend,-0.0072,0.0222,-0.3677,672
chande_momentum__period30__threshold0.0,chande_momentum,GOOGL,trend,-0.289,0.5976,-0.2724,278
chande_momentum__period9__threshold0.0,chande_momentum,GOOGL,trend,-0.1242,-0.057,-0.4536,573
demarker__period14__hi_thresh0.7__lo_thresh0.3,demarker,GOOGL,meanrev,0.4287,0.3686,-0.2893,510
demarker__period14__hi_thresh0.8__lo_thresh0.2,demarker,GOOGL,meanrev,0.2952,0.87,-0.0792,254
demarker__period21__hi_thresh0.7__lo_thresh0.3,demarker,GOOGL,meanrev,0.1655,0.2421,-0.2942,328
demarker__period9__hi_thresh0.7__lo_thresh0.3,demarker,GOOGL,meanrev,0.1832,0.5975,-0.2544,753
stoch_rsi__rsi_period14__stoch_period14__lo20.0__hi80.0,stoch_rsi,GOOGL,meanrev,0.3135,0.2847,-0.3166,754
stoch_rsi__rsi_period14__stoch_period14__lo10.0__hi90.0,stoch_rsi,GOOGL,meanrev,0.0262,0.6433,-0.2012,652
stoch_rsi__rsi_period7__stoch_period14__lo20.0__hi80.0,stoch_rsi,GOOGL,meanrev,0.3037,0.2391,-0.259,807
stoch_rsi__rsi_period21__stoch_period21__lo20.0__hi80.0,stoch_rsi,GOOGL,meanrev,0.1717,0.1937,-0.3543,580
hurst_regime__period100__trend_thresh0.55__mr_thresh0.45,hurst_regime,GOOGL,trend,0.0539,-0.143,-0.2226,290
hurst_regime__period60__trend_thresh0.55__mr_thresh0.45,hurst_regime,GOOGL,trend,-0.2921,0.1371,-0.3037,532
hurst_regime__period100__trend_thresh0.58__mr_thresh0.42,hurst_regime,GOOGL,trend,-0.2933,-0.5873,-0.1939,118
psych_line__period12__hi_thresh75.0__lo_thresh25.0,psych_line,GOOGL,meanrev,0.8497,-0.2434,-0.0409,76
psych_line__period12__hi_thresh65.0__lo_thresh35.0,psych_line,GOOGL,meanrev,0.4707,-0.0434,-0.337,644
psych_line__period20__hi_thresh70.0__lo_thresh30.0,psych_line,GOOGL,meanrev,0.3186,1.0483,-0.016,80
er_regime__er_period10__mom_period20__er_thresh0.4,er_regime,GOOGL,trend,-0.319,-0.4405,-0.598,1561
er_regime__er_period10__mom_period20__er_thresh0.3,er_regime,GOOGL,trend,-0.1862,-0.3158,-0.5302,1519
er_regime__er_period14__mom_period20__er_thresh0.4,er_regime,GOOGL,trend,-0.1981,-0.2114,-0.542,1404
er_regime__er_period20__mom_period40__er_thresh0.4,er_regime,GOOGL,trend,-0.2451,-0.6017,-0.6683,1077
er_regime__er_period10__mom_period10__er_thresh0.4,er_regime,GOOGL,trend,0.0074,-0.6451,-0.6422,1743
mcginley_dynamic__fast5__slow20,mcginley_dynamic,GOOGL,trend,-0.0311,-0.1394,-0.5125,210
mcginley_dynamic__fast10__slow40,mcginley_dynamic,GOOGL,trend,0.1174,0.4131,-0.3963,82
mcginley_dynamic__fast12__slow26,mcginley_dynamic,GOOGL,trend,0.1626,0.3932,-0.3667,96
mcginley_dynamic__fast5__slow14,mcginley_dynamic,GOOGL,trend,-0.0041,-0.1194,-0.5278,248
cci_trend__period14__threshold50.0,cci_trend,GOOGL,trend,-0.1837,-0.339,-0.4835,937
cci_trend__period20__threshold50.0,cci_trend,GOOGL,trend,-0.1001,0.0658,-0.3741,759
cci_trend__period20__threshold100.0,cci_trend,GOOGL,trend,0.0856,-0.2972,-0.4184,729
cci_trend__period30__threshold50.0,cci_trend,GOOGL,trend,-0.0047,-0.1854,-0.4243,639
cci_trend__period14__threshold100.0,cci_trend,GOOGL,trend,0.0156,0.018,-0.2847,882
volume_roc__period10__signal_period5,volume_roc,GOOGL,volume,-0.1816,0.1625,-0.3971,832
volume_roc__period14__signal_period10,volume_roc,GOOGL,volume,0.0608,0.2431,-0.4381,641
volume_roc__period20__signal_period10,volume_roc,GOOGL,volume,-0.0641,0.2621,-0.2414,588
volume_roc__period5__signal_period3,volume_roc,GOOGL,volume,-0.23,0.5204,-0.2778,1241
hv_ratio__fast_period10__slow_period100__thresh_hi1.5__thresh_lo0.7,hv_ratio,GOOGL,volatility,-0.0856,0.7211,-0.1647,490
hv_ratio__fast_period10__slow_period60__thresh_hi1.5__thresh_lo0.7,hv_ratio,GOOGL,volatility,-0.1354,0.134,-0.2224,432
hv_ratio__fast_period21__slow_period100__thresh_hi1.5__thresh_lo0.7,hv_ratio,GOOGL,volatility,0.2372,0.0997,-0.1501,224
hv_ratio__fast_period10__slow_period100__thresh_hi2.0__thresh_lo0.5,hv_ratio,GOOGL,volatility,-0.0738,0.3786,-0.0863,166
zscore_trend__z_period20__trend_period50__z_thresh1.5,zscore_trend,GOOGL,meanrev,0.1413,0.203,-0.0935,82
zscore_trend__z_period20__trend_period50__z_thresh1.0,zscore_trend,GOOGL,meanrev,0.085,0.5632,-0.0935,162
zscore_trend__z_period20__trend_period100__z_thresh1.5,zscore_trend,GOOGL,meanrev,0.4006,0.3348,-0.1301,166
zscore_trend__z_period30__trend_period100__z_thresh2.0,zscore_trend,GOOGL,meanrev,0.3716,0.5587,-0.0224,44
cmo_fisher__fisher_period10__cmo_period14__score_thresh0.3,cmo_fisher,GOOGL,trend,-0.4227,-0.6034,-0.5096,865
cmo_fisher__fisher_period10__cmo_period14__score_thresh0.2,cmo_fisher,GOOGL,trend,-0.4743,-0.2499,-0.4376,983
cmo_fisher__fisher_period14__cmo_period20__score_thresh0.3,cmo_fisher,GOOGL,trend,-0.4765,-0.1799,-0.3565,672
cmo_fisher__fisher_period8__cmo_period14__score_thresh0.2,cmo_fisher,GOOGL,trend,-0.3783,-0.2606,-0.4238,1071
rvi_divergence__rvi_period10__lookback5,rvi_divergence,GOOGL,meanrev,0.4737,0.4464,-0.0236,34
rvi_divergence__rvi_period10__lookback8,rvi_divergence,GOOGL,meanrev,0.0754,0.0742,-0.0281,8
rvi_divergence__rvi_period14__lookback5,rvi_divergence,GOOGL,meanrev,0.4737,0.4464,-0.0236,34
adaptive_rsi__base_period14__fast_n2__slow_n30,adaptive_rsi,GOOGL,meanrev,0.2227,-0.4493,-0.598,262
adaptive_rsi__base_period14__fast_n2__slow_n60,adaptive_rsi,GOOGL,meanrev,0.3577,-0.4603,-0.6102,250
adaptive_rsi__base_period9__fast_n2__slow_n30,adaptive_rsi,GOOGL,meanrev,0.238,0.2124,-0.4136,396
adaptive_rsi__base_period21__fast_n2__slow_n30,adaptive_rsi,GOOGL,meanrev,0.3714,-0.3797,-0.5059,173
elder_impulse__ema_period8,elder_impulse,GOOGL,composite,-0.1598,-0.3839,-0.5768,1394
elder_impulse__ema_period13,elder_impulse,GOOGL,composite,-0.1885,-0.2058,-0.4658,1331
elder_impulse__ema_period20,elder_impulse,GOOGL,composite,0.0898,0.0272,-0.3498,1260
klinger_osc__fast34__slow55__signal13,klinger_osc,GOOGL,volume,-0.2775,0.3863,-0.4924,708
klinger_osc__fast21__slow34__signal9,klinger_osc,GOOGL,volume,-0.1306,0.6204,-0.4343,890
klinger_osc__fast55__slow89__signal13,klinger_osc,GOOGL,volume,-0.1714,0.4523,-0.364,652
price_oscillator__fast10__slow30__signal9,price_oscillator,GOOGL,trend,-0.0614,-0.0465,-0.494,325
price_oscillator__fast12__slow26__signal9,price_oscillator,GOOGL,trend,-0.0124,-0.0309,-0.5141,307
price_oscillator__fast5__slow20__signal5,price_oscillator,GOOGL,trend,-0.088,-0.5603,-0.649,561
price_oscillator__fast20__slow50__signal9,price_oscillator,GOOGL,trend,-0.086,-0.1523,-0.6124,226
baz_trend__ewmstd_span42,baz_trend,GOOGL,trend,-0.0008,0.217,-0.4205,79
baz_trend__ewmstd_span63,baz_trend,GOOGL,trend,-0.0008,0.217,-0.4205,79
baz_trend__ewmstd_span126,baz_trend,GOOGL,trend,-0.0008,0.217,-0.4205,79
intermediate_mom__start252__end126,intermediate_mom,GOOGL,trend,0.4646,0.3683,-0.5041,73
intermediate_mom__start189__end105,intermediate_mom,GOOGL,trend,0.4404,1.1761,-0.2449,151
intermediate_mom__start168__end84,intermediate_mom,GOOGL,trend,-0.2443,1.0047,-0.2672,152
intermediate_mom__start252__end63,intermediate_mom,GOOGL,trend,0.348,0.5913,-0.3492,69
mom_crash_protect__bear_lookback504__bear_thresh-0.2__damp0.0,mom_crash_protect,GOOGL,trend,0.4395,0.496,-0.3551,79
mom_crash_protect__bear_lookback504__bear_thresh-0.2__damp0.25,mom_crash_protect,GOOGL,trend,0.4395,0.496,-0.3551,79
mom_crash_protect__bear_lookback252__bear_thresh-0.2__damp0.0,mom_crash_protect,GOOGL,trend,0.4253,0.496,-0.3551,89
mom_crash_protect__bear_lookback504__bear_thresh-0.25__damp0.0,mom_crash_protect,GOOGL,trend,0.4395,0.496,-0.3551,79
consistent_mom__consistency_thresh0.5,consistent_mom,GOOGL,trend,0.3905,0.7558,-0.2214,390
consistent_mom__consistency_thresh0.58,consistent_mom,GOOGL,trend,0.1793,0.5018,-0.3274,544
consistent_mom__consistency_thresh0.67,consistent_mom,GOOGL,trend,0.0628,0.6718,-0.1983,539
signed_range_mom__period10__threshold0.1,signed_range_mom,GOOGL,trend,-0.3376,0.1395,-0.4054,1024
signed_range_mom__period21__threshold0.1,signed_range_mom,GOOGL,trend,-0.4344,-0.3288,-0.4837,768
signed_range_mom__period21__threshold0.15,signed_range_mom,GOOGL,trend,-0.6331,-0.2685,-0.4463,699
signed_range_mom__period42__threshold0.1,signed_range_mom,GOOGL,trend,-0.3814,-0.0165,-0.2249,506
signed_range_mom__period63__threshold0.1,signed_range_mom,GOOGL,trend,-0.4088,-0.2717,-0.3437,386
multi_tsmom,multi_tsmom,GOOGL,trend,0.0689,0.4214,-0.3147,327
"multi_tsmom__lookbacks(63, 126, 252)",multi_tsmom,GOOGL,trend,0.0455,0.6475,-0.2734,117
"multi_tsmom__lookbacks(21, 63, 252)",multi_tsmom,GOOGL,trend,-0.1422,0.1287,-0.4227,247
"multi_tsmom__lookbacks(21, 63, 126, 252)__weights(0.4, 0.3, 0.2, 0.1)",multi_tsmom,GOOGL,trend,-0.0391,0.121,-0.4227,238
"multi_tsmom__lookbacks(21, 63, 126, 252)__weights(0.1, 0.2, 0.3, 0.4)",multi_tsmom,GOOGL,trend,0.1519,0.5664,-0.3201,153
ma_crossover__fast5__slow20__kindsma,ma_crossover,META,trend,-0.2075,-0.1757,-0.4919,200
ma_crossover__fast10__slow30__kindsma,ma_crossover,META,trend,0.5112,-0.2196,-0.5041,110
ma_crossover__fast20__slow50__kindsma,ma_crossover,META,trend,0.7401,-0.2245,-0.4663,61
ma_crossover__fast50__slow100__kindsma,ma_crossover,META,trend,0.1286,0.3103,-0.4826,25
ma_crossover__fast50__slow200__kindsma,ma_crossover,META,trend,0.3065,0.846,-0.246,12
ma_crossover__fast100__slow200__kindsma,ma_crossover,META,trend,0.5998,0.6594,-0.3371,6
ma_crossover__fast10__slow50__kindsma,ma_crossover,META,trend,0.558,-0.4486,-0.5794,77
ma_crossover__fast20__slow100__kindsma,ma_crossover,META,trend,0.4189,0.3927,-0.3052,29
ma_crossover__fast5__slow20__kindema,ma_crossover,META,trend,-0.0472,0.034,-0.4144,195
ma_crossover__fast12__slow26__kindema,ma_crossover,META,trend,0.3646,-0.0682,-0.4416,94
ma_crossover__fast10__slow50__kindema,ma_crossover,META,trend,0.5758,0.0291,-0.4828,70
ma_crossover__fast20__slow100__kindema,ma_crossover,META,trend,0.4926,0.5541,-0.3447,28
ts_momentum__period21,ts_momentum,META,trend,0.4699,-0.1181,-0.394,296
ts_momentum__period42,ts_momentum,META,trend,0.3877,-0.7028,-0.7225,202
ts_momentum__period63,ts_momentum,META,trend,0.5532,0.1151,-0.495,131
ts_momentum__period126,ts_momentum,META,trend,0.2034,0.5456,-0.3843,61
ts_momentum__period252,ts_momentum,META,trend,0.5812,0.3239,-0.5465,39
roc_momentum__period5,roc_momentum,META,trend,-0.0149,-0.1589,-0.5393,633
roc_momentum__period10,roc_momentum,META,trend,-0.6283,-0.417,-0.6577,450
roc_momentum__period20,roc_momentum,META,trend,0.442,0.0197,-0.3845,285
roc_momentum__period30,roc_momentum,META,trend,0.3553,-0.2598,-0.5632,221
roc_momentum__period60,roc_momentum,META,trend,0.0542,-0.2166,-0.5478,159
macd_signal__fast12__slow26__signal9,macd_signal,META,trend,-0.4403,-0.4712,-0.6891,259
macd_signal__fast8__slow17__signal9,macd_signal,META,trend,-0.7802,-0.2916,-0.6025,321
macd_signal__fast5__slow35__signal5,macd_signal,META,trend,-0.3474,-0.1328,-0.5714,429
macd_signal__fast3__slow10__signal16,macd_signal,META,trend,-0.2927,-0.2384,-0.6211,453
donchian_breakout__period10,donchian_breakout,META,trend,-0.5183,-0.8364,-0.4464,825
donchian_breakout__period20,donchian_breakout,META,trend,-0.4417,-0.6721,-0.3526,591
donchian_breakout__period30,donchian_breakout,META,trend,-0.3757,-1.1333,-0.4357,495
donchian_breakout__period40,donchian_breakout,META,trend,-0.471,-1.1185,-0.4134,445
donchian_breakout__period55,donchian_breakout,META,trend,-0.6012,-0.9707,-0.3648,381
bb_breakout__period20__std1.5,bb_breakout,META,trend,-0.339,-0.468,-0.3753,652
bb_breakout__period20__std2.0,bb_breakout,META,trend,-0.6796,-0.199,-0.1161,362
bb_breakout__period20__std2.5,bb_breakout,META,trend,0.0736,-0.5347,-0.0892,148
bb_breakout__period30__std2.0,bb_breakout,META,trend,-0.184,-0.8173,-0.3671,331
bb_breakout__period50__std2.0,bb_breakout,META,trend,0.0845,-0.4839,-0.2712,247
supertrend__period7__mult2.0,supertrend,META,trend,-0.2686,-0.4953,-0.6517,181
supertrend__period7__mult3.0,supertrend,META,trend,0.1115,-0.4246,-0.5807,93
supertrend__period10__mult3.0,supertrend,META,trend,0.1756,-0.3754,-0.5522,93
supertrend__period14__mult2.0,supertrend,META,trend,-0.0331,-0.4932,-0.6508,171
supertrend__period14__mult3.0,supertrend,META,trend,0.2777,-0.3014,-0.5159,89
parabolic_sar__step0.01__max_af0.1,parabolic_sar,META,trend,-0.0395,-0.0052,-0.4609,177
parabolic_sar__step0.02__max_af0.2,parabolic_sar,META,trend,-0.6001,-0.5461,-0.651,283
parabolic_sar__step0.03__max_af0.2,parabolic_sar,META,trend,-0.471,-0.6454,-0.6957,361
parabolic_sar__step0.05__max_af0.2,parabolic_sar,META,trend,-0.4007,-0.6365,-0.7165,441
adx_trend__period14__threshold20,adx_trend,META,trend,0.3044,-0.0423,-0.3564,200
adx_trend__period14__threshold25,adx_trend,META,trend,0.4394,-0.2821,-0.4124,144
adx_trend__period14__threshold30,adx_trend,META,trend,-0.0157,0.0805,-0.1684,103
adx_trend__period21__threshold20,adx_trend,META,trend,0.1916,-0.6098,-0.5424,116
adx_trend__period21__threshold25,adx_trend,META,trend,-0.0026,-0.4816,-0.4357,79
ichimoku__tenkan9__kijun26__senkou_b52,ichimoku,META,trend,0.2651,-0.5104,-0.5492,442
ichimoku__tenkan7__kijun22__senkou_b44,ichimoku,META,trend,0.2801,-0.6384,-0.6274,484
linreg_slope__period10,linreg_slope,META,trend,-0.263,-0.2838,-0.6118,318
linreg_slope__period20,linreg_slope,META,trend,0.2406,-0.1516,-0.4999,162
linreg_slope__period30,linreg_slope,META,trend,0.6076,-0.4278,-0.5674,84
linreg_slope__period50,linreg_slope,META,trend,0.7701,-0.0177,-0.4233,57
aroon__period14,aroon,META,trend,-0.0915,-0.4252,-0.6201,227
aroon__period25,aroon,META,trend,0.2883,-0.0952,-0.4575,127
aroon__period50,aroon,META,trend,0.4079,-0.2367,-0.5128,55
vortex__period10,vortex,META,trend,-0.4142,0.1019,-0.408,398
vortex__period14,vortex,META,trend,-0.1519,-0.1124,-0.499,330
vortex__period21,vortex,META,trend,0.172,-0.1426,-0.4669,261
trix__period9,trix,META,trend,0.3174,0.0114,-0.4352,115
trix__period12,trix,META,trend,0.4627,-0.1581,-0.4881,85
trix__period18,trix,META,trend,0.7839,-0.1166,-0.4958,49
hull_ma__period14,hull_ma,META,trend,-0.3523,-0.7463,-0.7887,477
hull_ma__period20,hull_ma,META,trend,-0.5638,-0.2178,-0.5839,357
hull_ma__period30,hull_ma,META,trend,-0.3191,-0.855,-0.7695,258
hull_ma__period50,hull_ma,META,trend,-0.074,0.0287,-0.5056,166
kama__period5,kama,META,trend,-0.6185,-0.4558,-0.654,1770
kama__period10,kama,META,trend,-0.1887,0.0,0.0,143
kama__period20,kama,META,trend,0.2816,0.0,0.0,44
turtle__entry20__exit_p10,turtle,META,trend,-0.4417,-0.6721,-0.3526,591
turtle__entry55__exit_p20,turtle,META,trend,-0.6012,-0.9707,-0.3648,381
turtle__entry10__exit_p5,turtle,META,trend,-0.5183,-0.8364,-0.4464,825
dual_momentum__period63,dual_momentum,META,trend,1.151,0.0804,-0.3331,131
dual_momentum__period126,dual_momentum,META,trend,0.9711,0.3679,-0.3336,59
dual_momentum__period252,dual_momentum,META,trend,1.1493,0.1886,-0.5057,39
elder_ray__period13,elder_ray,META,trend,-0.3843,-0.1741,-0.4929,517
elder_ray__period21,elder_ray,META,trend,-0.1536,-0.2554,-0.6019,401
elder_ray__period34,elder_ray,META,trend,-0.0136,-0.1362,-0.4867,313
rsi_reversion__period7__lo30__hi70,rsi_reversion,META,meanrev,0.407,0.6804,-0.1834,565
rsi_reversion__period7__lo25__hi75,rsi_reversion,META,meanrev,0.3877,0.9961,-0.1042,371
rsi_reversion__period14__lo30__hi70,rsi_reversion,META,meanrev,0.5828,0.4898,-0.1655,232
rsi_reversion__period14__lo25__hi75,rsi_reversion,META,meanrev,0.4778,-0.1887,-0.1029,80
rsi_reversion__period14__lo35__hi65,rsi_reversion,META,meanrev,0.088,0.9781,-0.2152,399
rsi_reversion__period21__lo30__hi70,rsi_reversion,META,meanrev,0.1596,-0.2127,-0.1731,90
rsi_reversion__period21__lo25__hi75,rsi_reversion,META,meanrev,0.4396,-0.1277,-0.0169,38
rsi_reversion__period28__lo30__hi70,rsi_reversion,META,meanrev,0.1655,0.2079,-0.0448,58
rsi_reversion__period30__lo30__hi70,rsi_reversion,META,meanrev,0.2096,0.4493,-0.0339,54
rsi_reversion__period30__lo25__hi75,rsi_reversion,META,meanrev,-0.0802,0.3116,-0.0022,14
bb_reversion__period20__std1.5,bb_reversion,META,meanrev,0.2888,0.4123,-0.1532,652
bb_reversion__period20__std2.0,bb_reversion,META,meanrev,0.6319,0.1403,-0.1549,362
bb_reversion__period20__std2.5,bb_reversion,META,meanrev,-0.1221,0.4724,-0.0776,148
bb_reversion__period30__std2.0,bb_reversion,META,meanrev,0.146,0.7795,-0.1208,331
bb_reversion__period30__std2.5,bb_reversion,META,meanrev,0.2616,0.0542,-0.0913,154
bb_reversion__period50__std2.0,bb_reversion,META,meanrev,-0.1075,0.4547,-0.1848,247
zscore_reversion__period10__threshold1.0,zscore_reversion,META,meanrev,0.3876,0.4103,-0.3726,1104
zscore_reversion__period20__threshold1.5,zscore_reversion,META,meanrev,0.2888,0.4123,-0.1532,652
zscore_reversion__period20__threshold2.0,zscore_reversion,META,meanrev,0.6319,0.1403,-0.1549,362
zscore_reversion__period30__threshold1.5,zscore_reversion,META,meanrev,-0.1,0.4596,-0.1906,499
zscore_reversion__period30__threshold2.0,zscore_reversion,META,meanrev,0.146,0.7795,-0.1208,331
zscore_reversion__period60__threshold2.0,zscore_reversion,META,meanrev,0.1968,0.4543,-0.1655,260
stochastic__k5__d3__lo20__hi80,stochastic,META,meanrev,0.8905,0.7096,-0.2159,690
stochastic__k14__d3__lo20__hi80,stochastic,META,meanrev,0.2648,0.6313,-0.2332,502
stochastic__k14__d3__lo30__hi70,stochastic,META,meanrev,0.3588,0.3721,-0.3098,524
stochastic__k14__d5__lo20__hi80,stochastic,META,meanrev,0.0438,0.2489,-0.3049,358
stochastic__k21__d3__lo20__hi80,stochastic,META,meanrev,-0.1103,0.4284,-0.2782,408
cci_reversion__period14__threshold100,cci_reversion,META,meanrev,-0.0072,0.5341,-0.202,742
cci_reversion__period14__threshold150,cci_reversion,META,meanrev,0.5344,-0.2575,-0.3062,466
cci_reversion__period20__threshold100,cci_reversion,META,meanrev,-0.0769,0.7529,-0.2208,603
cci_reversion__period20__threshold150,cci_reversion,META,meanrev,0.411,0.2431,-0.1874,390
cci_reversion__period30__threshold100,cci_reversion,META,meanrev,-0.0496,0.5655,-0.2742,485
williams_r__period14__lo-80__hi-20,williams_r,META,meanrev,0.3498,0.3647,-0.2448,887
williams_r__period14__lo-90__hi-10,williams_r,META,meanrev,0.4164,0.473,-0.1938,797
williams_r__period21__lo-80__hi-20,williams_r,META,meanrev,0.1209,0.4543,-0.2682,711
williams_r__period28__lo-80__hi-20,williams_r,META,meanrev,0.0469,0.3576,-0.2297,638
keltner_reversion__period20__mult1.5,keltner_reversion,META,meanrev,0.1772,0.6691,-0.2712,515
keltner_reversion__period20__mult2.0,keltner_reversion,META,meanrev,0.2859,0.821,-0.1655,389
keltner_reversion__period20__mult2.5,keltner_reversion,META,meanrev,0.2275,0.5709,-0.1655,219
keltner_reversion__period30__mult2.0,keltner_reversion,META,meanrev,0.0004,0.8349,-0.2152,419
vwap_reversion__period20__z_thresh1.0,vwap_reversion,META,meanrev,-0.0588,0.2555,-0.3127,642
vwap_reversion__period20__z_thresh1.5,vwap_reversion,META,meanrev,0.0193,0.5207,-0.2291,589
vwap_reversion__period20__z_thresh2.0,vwap_reversion,META,meanrev,0.1742,1.1848,-0.1439,477
percent_b__period20__std2.0__lo0.05__hi0.95,percent_b,META,meanrev,0.4045,0.3123,-0.1863,477
percent_b__period20__std2.0__lo0.1__hi0.9,percent_b,META,meanrev,0.357,0.4047,-0.1491,600
percent_b__period20__std2.0__lo0.2__hi0.8,percent_b,META,meanrev,0.0262,0.3715,-0.2222,694
percent_b__period30__std2.0__lo0.2__hi0.8,percent_b,META,meanrev,-0.0771,0.4211,-0.2664,562
connors_rsi__rsi_period3__streak_period2__rank_period100,connors_rsi,META,meanrev,0.4992,0.6706,-0.1681,997
connors_rsi__rsi_period2__streak_period3__rank_period100,connors_rsi,META,meanrev,0.5573,0.902,-0.1632,1032
ultimate_osc__p17__p214__p328,ultimate_osc,META,meanrev,0.4028,0.3582,-0.0969,124
ultimate_osc__p14__p28__p316,ultimate_osc,META,meanrev,0.863,0.6822,-0.1895,375
gap_fade__threshold0.01,gap_fade,META,meanrev,-0.3111,0.3114,-0.2947,1132
gap_fade__threshold0.015,gap_fade,META,meanrev,-0.4915,0.5762,-0.2006,658
gap_fade__threshold0.02,gap_fade,META,meanrev,-0.4121,1.0947,-0.0779,418
obv_trend__period10,obv_trend,META,volume,-0.0879,-0.6991,-0.8061,664
obv_trend__period20,obv_trend,META,volume,0.3674,0.0888,-0.5476,407
obv_trend__period50,obv_trend,META,volume,0.1779,-0.6874,-0.8206,284
chaikin_mf__period10,chaikin_mf,META,volume,-0.2626,0.0732,-0.5982,468
chaikin_mf__period20,chaikin_mf,META,volume,0.1931,0.314,-0.4358,338
chaikin_mf__period21,chaikin_mf,META,volume,0.0428,0.3449,-0.4663,326
mfi__period10,mfi,META,volume,0.2388,0.5258,-0.1445,271
mfi__period14,mfi,META,volume,-0.0648,0.539,-0.0646,106
mfi__period21,mfi,META,volume,-0.1176,0.0,0.0,26
volume_surge__period10__mult1.5,volume_surge,META,volume,0.6154,-0.5522,-0.4858,429
volume_surge__period20__mult2.0,volume_surge,META,volume,0.3757,-0.5676,-0.4768,203
volume_surge__period20__mult3.0,volume_surge,META,volume,-0.2767,-0.9978,-0.0846,58
force_index__period2,force_index,META,volume,-0.3072,-0.6262,-0.739,1138
force_index__period13,force_index,META,volume,-0.2692,-0.7537,-0.7603,402
force_index__period20,force_index,META,volume,-0.1105,-0.6378,-0.7353,308
chaikin_osc__fast3__slow10,chaikin_osc,META,volume,-0.7666,0.1489,-0.4688,371
chaikin_osc__fast3__slow12,chaikin_osc,META,volume,-0.3763,0.2015,-0.4429,323
chaikin_osc__fast5__slow12,chaikin_osc,META,volume,-0.1155,0.1087,-0.4991,241
atr_breakout__period10__mult1.5,atr_breakout,META,volatility,-0.5743,-0.6473,-0.3713,517
atr_breakout__period14__mult1.5,atr_breakout,META,volatility,-0.3364,-0.6893,-0.4827,513
atr_breakout__period14__mult2.0,atr_breakout,META,volatility,-0.675,-0.765,-0.3799,353
atr_breakout__period20__mult2.0,atr_breakout,META,volatility,-0.5192,-0.5672,-0.3847,417
atr_breakout__period20__mult2.5,atr_breakout,META,volatility,-0.3949,-0.9553,-0.4113,291
vol_breakout__period10__mult0.5,vol_breakout,META,volatility,-0.0306,-0.7084,-0.6965,2154
vol_breakout__period20__mult1.0,vol_breakout,META,volatility,-0.268,-0.498,-0.5177,1784
vol_breakout__period20__mult1.5,vol_breakout,META,volatility,-0.1649,0.314,-0.1981,1158
vol_breakout__period30__mult1.0,vol_breakout,META,volatility,-0.3396,-0.353,-0.5091,1777
squeeze_breakout__bb_period20__kc_period20__bb_std2.0__kc_mult1.5,squeeze_breakout,META,volatility,0.4492,-0.2856,-0.5224,147
squeeze_breakout__bb_period20__kc_period20__bb_std2.0__kc_mult1.0,squeeze_breakout,META,volatility,0.4853,-0.226,-0.5169,83
squeeze_breakout__bb_period30__kc_period30__bb_std2.0__kc_mult1.5,squeeze_breakout,META,volatility,0.7299,-0.1593,-0.5326,68
engulfing,engulfing,META,pattern,-0.0722,-0.581,-0.2805,490
three_bar_reversal,three_bar_reversal,META,pattern,0.5401,1.077,-0.1258,793
higher_highs_lows__period5,higher_highs_lows,META,pattern,-0.427,-0.6722,-0.6748,688
higher_highs_lows__period10,higher_highs_lows,META,pattern,0.1512,-0.3288,-0.5029,381
higher_highs_lows__period20,higher_highs_lows,META,pattern,0.7282,-0.3449,-0.4459,185
pivot_bounce__period5,pivot_bounce,META,pattern,0.2668,0.7025,-0.1519,962
pivot_bounce__period10,pivot_bounce,META,pattern,0.212,0.9584,-0.1047,884
pivot_bounce__period20,pivot_bounce,META,pattern,0.1434,0.1149,-0.2395,754
macd_rsi_combo__fast12__slow26__signal9__rsi_period14__rsi_lo40__rsi_hi60,macd_rsi_combo,META,composite,-0.0294,-0.331,-0.3349,434
macd_rsi_combo__fast12__slow26__signal9__rsi_period14__rsi_lo45__rsi_hi55,macd_rsi_combo,META,composite,-0.1308,-0.5639,-0.523,553
macd_rsi_combo__fast8__slow21__signal5__rsi_period14__rsi_lo40__rsi_hi60,macd_rsi_combo,META,composite,0.1115,-0.3038,-0.3665,469
macd_rsi_combo__fast5__slow35__signal5__rsi_period14__rsi_lo40__rsi_hi60,macd_rsi_combo,META,composite,0.1064,-0.3462,-0.3671,493
triple_screen__trend_period20__osc_period14__osc_lo40__osc_hi60,triple_screen,META,composite,0.0524,0.0,0.0,4
triple_screen__trend_period30__osc_period14__osc_lo40__osc_hi60,triple_screen,META,composite,-0.0143,0.0,0.0,4
triple_screen__trend_period50__osc_period14__osc_lo35__osc_hi65,triple_screen,META,composite,-0.2139,0.0,0.0,4
triple_screen__trend_period20__osc_period7__osc_lo30__osc_hi70,triple_screen,META,composite,0.0,0.0,0.0,0
chandelier_exit__period14__mult2.0,chandelier_exit,META,composite,-0.1767,-0.2517,-0.5949,495
chandelier_exit__period22__mult3.0,chandelier_exit,META,composite,0.2195,-0.4208,-0.7039,278
chandelier_exit__period22__mult2.0,chandelier_exit,META,composite,-0.0356,-0.4534,-0.5904,544
chandelier_exit__period10__mult2.0,chandelier_exit,META,composite,0.0968,-0.0015,-0.6171,442
high52_momentum__period252__threshold0.7,high52_momentum,META,trend,0.7463,0.3618,-0.3159,103
high52_momentum__period252__threshold0.75,high52_momentum,META,trend,0.7761,0.2592,-0.2855,135
high52_momentum__period252__threshold0.8,high52_momentum,META,trend,0.5922,-0.0276,-0.3371,175
high52_momentum__period126__threshold0.7,high52_momentum,META,trend,0.3689,0.0439,-0.3655,237
high52_momentum__period126__threshold0.75,high52_momentum,META,trend,0.4888,0.0512,-0.3153,245
short_reversal__period5,short_reversal,META,meanrev,-0.0379,0.1012,-0.4226,633
short_reversal__period10,short_reversal,META,meanrev,0.5896,0.3766,-0.4278,450
short_reversal__period15,short_reversal,META,meanrev,-0.0649,-0.2376,-0.573,354
short_reversal__period20,short_reversal,META,meanrev,-0.4659,-0.0451,-0.562,285
low_vol_regime__period20__ma_period60,low_vol_regime,META,volatility,0.0525,0.0869,-0.1957,114
low_vol_regime__period20__ma_period120,low_vol_regime,META,volatility,0.2271,0.9181,-0.166,122
low_vol_regime__period60__ma_period120,low_vol_regime,META,volatility,-0.2489,0.275,-0.1602,34
low_vol_regime__period20__ma_period252,low_vol_regime,META,volatility,0.488,0.3955,-0.3649,116
low_vol_regime__period60__ma_period252,low_vol_regime,META,volatility,-0.1835,-0.1333,-0.5055,62
low_vol_regime__period120__ma_period252,low_vol_regime,META,volatility,-0.469,0.2552,-0.2125,34
nr_breakout__nr_period4__exit_bars3,nr_breakout,META,pattern,0.1615,-0.6013,-0.5298,812
nr_breakout__nr_period4__exit_bars5,nr_breakout,META,pattern,0.7114,0.236,-0.3201,624
nr_breakout__nr_period7__exit_bars3,nr_breakout,META,pattern,-0.0962,-0.6087,-0.4944,594
nr_breakout__nr_period7__exit_bars5,nr_breakout,META,pattern,0.2236,-0.3545,-0.4635,507
nr_breakout__nr_period10__exit_bars5,nr_breakout,META,pattern,0.3525,0.2038,-0.2883,408
nr_breakout__nr_period10__exit_bars10,nr_breakout,META,pattern,0.2254,0.1649,-0.2547,317
overnight_gap__period1__threshold0.001,overnight_gap,META,volume,0.2152,-0.2161,-0.519,1836
overnight_gap__period1__threshold0.003,overnight_gap,META,volume,0.2513,-0.5698,-0.6249,1983
overnight_gap__period3__threshold0.001,overnight_gap,META,volume,0.3255,0.2587,-0.3992,1230
overnight_gap__period3__threshold0.003,overnight_gap,META,volume,0.2685,-0.2249,-0.4278,1149
overnight_gap__period5__threshold0.001,overnight_gap,META,volume,0.2993,0.2225,-0.3892,967
overnight_gap__period5__threshold0.003,overnight_gap,META,volume,0.3654,-0.2003,-0.4124,804
coppock_curve__roc1252__roc2189__wma_period63,coppock_curve,META,trend,1.0315,0.1485,-0.5939,6
coppock_curve__roc1189__roc2126__wma_period42,coppock_curve,META,trend,0.8844,0.64,-0.354,6
coppock_curve__roc1126__roc2100__wma_period21,coppock_curve,META,trend,0.3198,0.7171,-0.2719,15
bll_filter__pct0.005__hold0,bll_filter,META,trend,-0.1818,-0.5562,-0.7226,1239
bll_filter__pct0.01__hold0,bll_filter,META,trend,-0.4949,-0.7142,-0.7577,981
bll_filter__pct0.02__hold0,bll_filter,META,trend,-0.8118,-0.2249,-0.6911,627
bll_filter__pct0.005__hold10,bll_filter,META,trend,-0.1668,-0.5528,-0.7192,1251
bll_filter__pct0.01__hold10,bll_filter,META,trend,-0.473,-0.7143,-0.7566,1028
bll_filter__pct0.01__hold20,bll_filter,META,trend,-0.4949,-0.7076,-0.7554,983
bll_filter__pct0.02__hold10,bll_filter,META,trend,-0.7445,-0.1846,-0.6702,737
frog_in_pan__lookback252__skip21__id_cutoff0.5,frog_in_pan,META,trend,0.3591,0.0069,-0.6314,93
frog_in_pan__lookback252__skip21__id_cutoff0.45,frog_in_pan,META,trend,0.1885,0.4995,-0.1291,104
frog_in_pan__lookback252__skip0__id_cutoff0.5,frog_in_pan,META,trend,0.5504,0.7237,-0.279,93
frog_in_pan__lookback126__skip21__id_cutoff0.5,frog_in_pan,META,trend,0.1517,0.4183,-0.4162,153
frog_in_pan__lookback126__skip21__id_cutoff0.45,frog_in_pan,META,trend,0.1574,0.1621,-0.2734,138
vol_mom__mom_period126__vol_period126__skip21__vol_weight0.5,vol_mom,META,composite,0.1793,0.7901,-0.2748,86
vol_mom__mom_period126__vol_period126__skip0__vol_weight0.5,vol_mom,META,composite,0.2488,0.6058,-0.4068,86
vol_mom__mom_period252__vol_period126__skip21__vol_weight0.5,vol_mom,META,composite,0.3011,0.4031,-0.4156,72
vol_mom__mom_period63__vol_period63__skip0__vol_weight0.3,vol_mom,META,composite,0.5891,0.1151,-0.495,129
vol_mom__mom_period126__vol_period126__skip21__vol_weight0.3,vol_mom,META,composite,0.439,0.8579,-0.246,53
seasonality__n_years2,seasonality,META,pattern,0.2437,0.227,-0.4988,68
seasonality__n_years3,seasonality,META,pattern,0.3097,-0.081,-0.4665,70
seasonality__n_years5,seasonality,META,pattern,0.2121,0.3869,-0.4097,70
residual_mom__lookback252__skip21,residual_mom,META,trend,0.634,-0.007,-0.6463,43
residual_mom__lookback252__skip0,residual_mom,META,trend,0.9601,0.4017,-0.4572,43
residual_mom__lookback126__skip21,residual_mom,META,trend,0.3898,0.937,-0.246,53
vol_scaled_mom__rv_window21__vol_target0.12__damp0.5,vol_scaled_mom,META,trend,0.3124,0.3481,-0.2182,2842
vol_scaled_mom__rv_window21__vol_target0.08__damp0.5,vol_scaled_mom,META,trend,0.3141,0.4007,-0.1498,2890
vol_scaled_mom__rv_window63__vol_target0.12__damp0.5,vol_scaled_mom,META,trend,0.4665,0.227,-0.2284,2874
vol_scaled_mom__rv_window21__vol_target0.12__damp0.0,vol_scaled_mom,META,trend,0.329,0.3315,-0.2249,2737
vol_scaled_mom__rv_window21__vol_target0.15__damp0.5,vol_scaled_mom,META,trend,0.3212,0.3373,-0.2653,2773
dema_crossover__fast5__slow20,dema_crossover,META,trend,-0.5498,-0.0238,-0.4697,341
dema_crossover__fast10__slow40,dema_crossover,META,trend,-0.2802,-0.3183,-0.5972,199
dema_crossover__fast12__slow26,dema_crossover,META,trend,-0.2913,-0.4958,-0.699,211
dema_crossover__fast20__slow50,dema_crossover,META,trend,0.1578,-0.0392,-0.5761,117
dema_crossover__fast10__slow30,dema_crossover,META,trend,-0.3234,-0.3656,-0.6518,223
tema_crossover__fast5__slow20,tema_crossover,META,trend,-0.2866,-0.5113,-0.7104,461
tema_crossover__fast10__slow40,tema_crossover,META,trend,-0.263,0.046,-0.5514,231
tema_crossover__fast12__slow26,tema_crossover,META,trend,-0.6131,-0.0973,-0.5673,267
tema_crossover__fast20__slow50,tema_crossover,META,trend,-0.2417,-0.1217,-0.5494,149
tema_crossover__fast10__slow30,tema_crossover,META,trend,-0.5145,0.3118,-0.405,265
price_acceleration__period10__smooth3,price_acceleration,META,trend,-0.5183,0.02,-0.6587,885
price_acceleration__period20__smooth5,price_acceleration,META,trend,-0.0242,-0.3147,-0.5924,621
price_acceleration__period20__smooth3,price_acceleration,META,trend,0.0964,-0.3393,-0.6473,847
price_acceleration__period30__smooth5,price_acceleration,META,trend,-0.758,-0.0993,-0.5849,660
price_acceleration__period40__smooth10,price_acceleration,META,trend,-0.5014,-0.2855,-0.6702,461
price_acceleration__period10__smooth5,price_acceleration,META,trend,-0.1825,-0.2507,-0.689,648
turn_of_month__days_before3__days_after3,turn_of_month,META,pattern,1.0357,0.2832,-0.3167,304
turn_of_month__days_before4__days_after4,turn_of_month,META,pattern,0.8724,0.01,-0.5097,304
turn_of_month__days_before5__days_after5,turn_of_month,META,pattern,0.6811,0.1182,-0.4537,302
turn_of_month__days_before3__days_after5,turn_of_month,META,pattern,0.8875,0.3165,-0.3959,304
trend_intensity__period20,trend_intensity,META,trend,0.2823,0.881,-0.1051,370
trend_intensity__period30,trend_intensity,META,trend,0.2494,0.3105,-0.2189,258
trend_intensity__period50,trend_intensity,META,trend,-0.4456,-0.0606,-0.2342,182
trend_intensity__period63,trend_intensity,META,trend,0.159,-0.4144,-0.4622,154
ma_regime_momentum__regime_ma200__mom_period126__skip21,ma_regime_momentum,META,trend,0.5594,0.7118,-0.246,115
ma_regime_momentum__regime_ma200__mom_period252__skip21,ma_regime_momentum,META,trend,0.7365,0.3467,-0.3944,93
ma_regime_momentum__regime_ma200__mom_period63__skip0,ma_regime_momentum,META,trend,0.6214,0.3486,-0.37,188
ma_regime_momentum__regime_ma100__mom_period126__skip21,ma_regime_momentum,META,trend,0.5246,0.357,-0.3766,178
ma_regime_momentum__regime_ma50__mom_period63__skip0,ma_regime_momentum,META,trend,0.2242,0.0338,-0.4107,338
fisher_transform__period5,fisher_transform,META,trend,-0.3887,-0.5603,-0.6664,768
fisher_transform__period10,fisher_transform,META,trend,-0.3324,-0.1513,-0.609,534
fisher_transform__period20,fisher_transform,META,trend,-0.2603,-0.3388,-0.5659,374
fisher_transform__period30,fisher_transform,META,trend,0.241,-0.4707,-0.6533,290
relative_vigor__period10,relative_vigor,META,trend,-0.6577,-0.4826,-0.7168,958
relative_vigor__period14,relative_vigor,META,trend,-0.6577,-0.4826,-0.7168,958
relative_vigor__period20,relative_vigor,META,trend,-0.6577,-0.4826,-0.7168,958
chande_momentum__period14__threshold0.0,chande_momentum,META,trend,0.0866,-0.1013,-0.5056,364
chande_momentum__period20__threshold0.0,chande_momentum,META,trend,0.4385,0.0197,-0.3845,286
chande_momentum__period20__threshold10.0,chande_momentum,META,trend,0.2605,-0.3273,-0.4733,553
chande_momentum__period30__threshold0.0,chande_momentum,META,trend,0.349,-0.2598,-0.5632,222
chande_momentum__period9__threshold0.0,chande_momentum,META,trend,-0.4394,-0.0974,-0.4989,478
demarker__period14__hi_thresh0.7__lo_thresh0.3,demarker,META,meanrev,0.2891,0.1717,-0.3424,440
demarker__period14__hi_thresh0.8__lo_thresh0.2,demarker,META,meanrev,0.3058,0.5176,-0.1548,236
demarker__period21__hi_thresh0.7__lo_thresh0.3,demarker,META,meanrev,-0.0553,0.7034,-0.3189,284
demarker__period9__hi_thresh0.7__lo_thresh0.3,demarker,META,meanrev,0.419,-0.0451,-0.4302,627
stoch_rsi__rsi_period14__stoch_period14__lo20.0__hi80.0,stoch_rsi,META,meanrev,1.2125,0.2876,-0.3618,626
stoch_rsi__rsi_period14__stoch_period14__lo10.0__hi90.0,stoch_rsi,META,meanrev,1.1576,0.5322,-0.2082,538
stoch_rsi__rsi_period7__stoch_period14__lo20.0__hi80.0,stoch_rsi,META,meanrev,1.2258,0.3629,-0.2939,682
stoch_rsi__rsi_period21__stoch_period21__lo20.0__hi80.0,stoch_rsi,META,meanrev,0.7725,0.3153,-0.3435,489
hurst_regime__period100__trend_thresh0.55__mr_thresh0.45,hurst_regime,META,trend,0.2624,-0.1379,-0.1714,215
hurst_regime__period60__trend_thresh0.55__mr_thresh0.45,hurst_regime,META,trend,0.0918,-0.5182,-0.3676,423
hurst_regime__period100__trend_thresh0.58__mr_thresh0.42,hurst_regime,META,trend,-0.1182,-0.0079,-0.0209,73
psych_line__period12__hi_thresh75.0__lo_thresh25.0,psych_line,META,meanrev,-0.0007,0.8622,-0.0376,62
psych_line__period12__hi_thresh65.0__lo_thresh35.0,psych_line,META,meanrev,0.535,0.1529,-0.3547,529
psych_line__period20__hi_thresh70.0__lo_thresh30.0,psych_line,META,meanrev,0.4594,0.6177,-0.009,38
er_regime__er_period10__mom_period20__er_thresh0.4,er_regime,META,trend,-0.7571,-0.4416,-0.7106,1319
er_regime__er_period10__mom_period20__er_thresh0.3,er_regime,META,trend,-0.6043,-0.1486,-0.5755,1311
er_regime__er_period14__mom_period20__er_thresh0.4,er_regime,META,trend,-1.1261,-0.4562,-0.6449,1161
er_regime__er_period20__mom_period40__er_thresh0.4,er_regime,META,trend,0.3676,0.0122,-0.5228,838
er_regime__er_period10__mom_period10__er_thresh0.4,er_regime,META,trend,-0.0725,-0.0474,-0.4923,1479
mcginley_dynamic__fast5__slow20,mcginley_dynamic,META,trend,0.1758,0.0905,-0.3859,152
mcginley_dynamic__fast10__slow40,mcginley_dynamic,META,trend,0.5961,0.1083,-0.4924,66
mcginley_dynamic__fast12__slow26,mcginley_dynamic,META,trend,0.5919,-0.3282,-0.5572,76
mcginley_dynamic__fast5__slow14,mcginley_dynamic,META,trend,0.0357,-0.026,-0.4486,205
cci_trend__period14__threshold50.0,cci_trend,META,trend,-0.3911,-0.5159,-0.6021,786
cci_trend__period20__threshold50.0,cci_trend,META,trend,-0.198,-0.1079,-0.4422,618
cci_trend__period20__threshold100.0,cci_trend,META,trend,0.0405,-0.8024,-0.5797,603
cci_trend__period30__threshold50.0,cci_trend,META,trend,0.1135,-0.0578,-0.3144,495
cci_trend__period14__threshold100.0,cci_trend,META,trend,-0.0407,-0.5914,-0.4689,742
volume_roc__period10__signal_period5,volume_roc,META,volume,-0.6401,-0.2347,-0.4929,713
volume_roc__period14__signal_period10,volume_roc,META,volume,0.0721,-0.1627,-0.3883,524
volume_roc__period20__signal_period10,volume_roc,META,volume,0.1539,-0.1157,-0.3751,452
volume_roc__period5__signal_period3,volume_roc,META,volume,0.1699,0.2607,-0.4636,994
hv_ratio__fast_period10__slow_period100__thresh_hi1.5__thresh_lo0.7,hv_ratio,META,volatility,0.7011,0.3392,-0.2191,439
hv_ratio__fast_period10__slow_period60__thresh_hi1.5__thresh_lo0.7,hv_ratio,META,volatility,0.685,0.3961,-0.2835,384
hv_ratio__fast_period21__slow_period100__thresh_hi1.5__thresh_lo0.7,hv_ratio,META,volatility,0.8124,-0.2192,-0.3968,169
hv_ratio__fast_period10__slow_period100__thresh_hi2.0__thresh_lo0.5,hv_ratio,META,volatility,-0.1078,-0.2235,-0.2514,175
zscore_trend__z_period20__trend_period50__z_thresh1.5,zscore_trend,META,meanrev,-0.0596,0.0101,-0.0696,58
zscore_trend__z_period20__trend_period50__z_thresh1.0,zscore_trend,META,meanrev,0.3064,0.0383,-0.1131,149
zscore_trend__z_period20__trend_period100__z_thresh1.5,zscore_trend,META,meanrev,0.4165,-0.4304,-0.234,134
zscore_trend__z_period30__trend_period100__z_thresh2.0,zscore_trend,META,meanrev,-0.0179,0.6451,-0.0242,32
cmo_fisher__fisher_period10__cmo_period14__score_thresh0.3,cmo_fisher,META,trend,-0.2917,-0.7253,-0.4327,709
cmo_fisher__fisher_period10__cmo_period14__score_thresh0.2,cmo_fisher,META,trend,-0.2836,-0.3818,-0.3703,775
cmo_fisher__fisher_period14__cmo_period20__score_thresh0.3,cmo_fisher,META,trend,0.0737,-0.708,-0.3946,573
cmo_fisher__fisher_period8__cmo_period14__score_thresh0.2,cmo_fisher,META,trend,-0.2662,-0.4775,-0.403,842
rvi_divergence__rvi_period10__lookback5,rvi_divergence,META,meanrev,0.2347,0.0,0.0,8
rvi_divergence__rvi_period10__lookback8,rvi_divergence,META,meanrev,-0.0005,0.0,0.0,8
rvi_divergence__rvi_period14__lookback5,rvi_divergence,META,meanrev,0.2347,0.0,0.0,8
adaptive_rsi__base_period14__fast_n2__slow_n30,adaptive_rsi,META,meanrev,-0.7032,0.5936,-0.4222,198
adaptive_rsi__base_period14__fast_n2__slow_n60,adaptive_rsi,META,meanrev,-0.7207,0.4921,-0.4222,185
adaptive_rsi__base_period9__fast_n2__slow_n30,adaptive_rsi,META,meanrev,-0.1027,-0.0406,-0.4962,312
adaptive_rsi__base_period21__fast_n2__slow_n30,adaptive_rsi,META,meanrev,-0.8087,0.4824,-0.4222,133
elder_impulse__ema_period8,elder_impulse,META,composite,-0.3009,-0.652,-0.6816,1235
elder_impulse__ema_period13,elder_impulse,META,composite,-0.2384,-0.5998,-0.6265,1175
elder_impulse__ema_period20,elder_impulse,META,composite,-0.1078,-0.6662,-0.673,1112
klinger_osc__fast34__slow55__signal13,klinger_osc,META,volume,-0.49,-0.1908,-0.5929,671
klinger_osc__fast21__slow34__signal9,klinger_osc,META,volume,-0.0726,-0.6778,-0.7546,818
klinger_osc__fast55__slow89__signal13,klinger_osc,META,volume,-0.5735,-0.4402,-0.711,653
price_oscillator__fast10__slow30__signal9,price_oscillator,META,trend,-0.432,-0.4959,-0.7294,267
price_oscillator__fast12__slow26__signal9,price_oscillator,META,trend,-0.4463,-0.5189,-0.7189,253
price_oscillator__fast5__slow20__signal5,price_oscillator,META,trend,-0.3177,-0.2713,-0.5878,471
price_oscillator__fast20__slow50__signal9,price_oscillator,META,trend,-0.3736,-0.298,-0.54,197
baz_trend__ewmstd_span42,baz_trend,META,trend,0.6361,0.1466,-0.4063,49
baz_trend__ewmstd_span63,baz_trend,META,trend,0.6361,0.1466,-0.4063,49
baz_trend__ewmstd_span126,baz_trend,META,trend,0.6361,0.1466,-0.4063,49
intermediate_mom__start252__end126,intermediate_mom,META,trend,0.6385,0.0135,-0.6087,59
intermediate_mom__start189__end105,intermediate_mom,META,trend,0.4438,-0.0494,-0.67,106
intermediate_mom__start168__end84,intermediate_mom,META,trend,0.832,0.61,-0.2531,109
intermediate_mom__start252__end63,intermediate_mom,META,trend,0.585,-0.1174,-0.6963,29
mom_crash_protect__bear_lookback504__bear_thresh-0.2__damp0.0,mom_crash_protect,META,trend,0.5274,0.0607,-0.6389,66
mom_crash_protect__bear_lookback504__bear_thresh-0.2__damp0.25,mom_crash_protect,META,trend,0.4793,0.0607,-0.6389,71
mom_crash_protect__bear_lookback252__bear_thresh-0.2__damp0.0,mom_crash_protect,META,trend,0.5343,-0.0243,-0.6527,83
mom_crash_protect__bear_lookback504__bear_thresh-0.25__damp0.0,mom_crash_protect,META,trend,0.5818,0.0607,-0.6389,65
consistent_mom__consistency_thresh0.5,consistent_mom,META,trend,0.8808,0.03,-0.6199,172
consistent_mom__consistency_thresh0.58,consistent_mom,META,trend,0.8045,0.1401,-0.5511,277
consistent_mom__consistency_thresh0.67,consistent_mom,META,trend,0.1177,0.0245,-0.3505,449
signed_range_mom__period10__threshold0.1,signed_range_mom,META,trend,-0.3161,-0.9853,-0.7867,906
signed_range_mom__period21__threshold0.1,signed_range_mom,META,trend,-0.0739,-0.5426,-0.6134,661
signed_range_mom__period21__threshold0.15,signed_range_mom,META,trend,-0.2369,-0.6918,-0.6414,580
signed_range_mom__period42__threshold0.1,signed_range_mom,META,trend,0.0312,-0.8017,-0.6443,403
signed_range_mom__period63__threshold0.1,signed_range_mom,META,trend,-0.0836,-0.648,-0.4771,291
multi_tsmom,multi_tsmom,META,trend,0.6121,0.284,-0.4861,204
"multi_tsmom__lookbacks(63, 126, 252)",multi_tsmom,META,trend,0.4014,0.3064,-0.5544,71
"multi_tsmom__lookbacks(21, 63, 252)",multi_tsmom,META,trend,0.766,0.1635,-0.4927,160
"multi_tsmom__lookbacks(21, 63, 126, 252)__weights(0.4, 0.3, 0.2, 0.1)",multi_tsmom,META,trend,0.647,0.2268,-0.46,162
"multi_tsmom__lookbacks(21, 63, 126, 252)__weights(0.1, 0.2, 0.3, 0.4)",multi_tsmom,META,trend,0.4634,0.3386,-0.5346,94
ma_crossover__fast5__slow20__kindsma,ma_crossover,JPM,trend,-0.3084,-0.1532,-0.5332,238
ma_crossover__fast10__slow30__kindsma,ma_crossover,JPM,trend,-0.4216,-0.0367,-0.5241,158
ma_crossover__fast20__slow50__kindsma,ma_crossover,JPM,trend,0.1506,0.3947,-0.3617,74
ma_crossover__fast50__slow100__kindsma,ma_crossover,JPM,trend,0.1883,0.2851,-0.4854,36
ma_crossover__fast50__slow200__kindsma,ma_crossover,JPM,trend,0.2364,0.4599,-0.4002,15
ma_crossover__fast100__slow200__kindsma,ma_crossover,JPM,trend,0.2128,0.2444,-0.4333,15
ma_crossover__fast10__slow50__kindsma,ma_crossover,JPM,trend,-0.2867,0.7457,-0.2745,94
ma_crossover__fast20__slow100__kindsma,ma_crossover,JPM,trend,0.3269,0.297,-0.4561,43
ma_crossover__fast5__slow20__kindema,ma_crossover,JPM,trend,-0.4528,0.0648,-0.4593,244
ma_crossover__fast12__slow26__kindema,ma_crossover,JPM,trend,-0.1404,-0.0352,-0.4941,131
ma_crossover__fast10__slow50__kindema,ma_crossover,JPM,trend,-0.116,0.3476,-0.3471,103
ma_crossover__fast20__slow100__kindema,ma_crossover,JPM,trend,0.121,0.4265,-0.416,49
ts_momentum__period21,ts_momentum,JPM,trend,-0.1507,-0.0615,-0.5457,369
ts_momentum__period42,ts_momentum,JPM,trend,-0.0067,0.3963,-0.3441,245
ts_momentum__period63,ts_momentum,JPM,trend,0.129,0.3587,-0.388,178
ts_momentum__period126,ts_momentum,JPM,trend,0.376,0.0851,-0.582,123
ts_momentum__period252,ts_momentum,JPM,trend,-0.2267,0.8838,-0.1887,78
roc_momentum__period5,roc_momentum,JPM,trend,0.2975,-0.183,-0.5147,743
roc_momentum__period10,roc_momentum,JPM,trend,0.0773,-0.3566,-0.6199,512
roc_momentum__period20,roc_momentum,JPM,trend,-0.1363,0.0038,-0.5223,356
roc_momentum__period30,roc_momentum,JPM,trend,-0.1032,-0.1393,-0.5343,314
roc_momentum__period60,roc_momentum,JPM,trend,0.1712,0.2246,-0.3186,188
macd_signal__fast12__slow26__signal9,macd_signal,JPM,trend,0.041,0.1838,-0.4019,290
macd_signal__fast8__slow17__signal9,macd_signal,JPM,trend,0.0804,0.1674,-0.3612,385
macd_signal__fast5__slow35__signal5,macd_signal,JPM,trend,0.173,-0.2594,-0.5146,507
macd_signal__fast3__slow10__signal16,macd_signal,JPM,trend,0.0649,-0.266,-0.5077,557
donchian_breakout__period10,donchian_breakout,JPM,trend,-0.0519,-0.2549,-0.2246,936
donchian_breakout__period20,donchian_breakout,JPM,trend,-0.3359,0.2718,-0.1011,684
donchian_breakout__period30,donchian_breakout,JPM,trend,-0.3853,0.2239,-0.114,554
donchian_breakout__period40,donchian_breakout,JPM,trend,-0.4168,0.0471,-0.1478,486
donchian_breakout__period55,donchian_breakout,JPM,trend,-0.5618,0.1024,-0.1228,424
bb_breakout__period20__std1.5,bb_breakout,JPM,trend,-0.0976,0.204,-0.2202,707
bb_breakout__period20__std2.0,bb_breakout,JPM,trend,-0.3589,-0.0067,-0.2723,416
bb_breakout__period20__std2.5,bb_breakout,JPM,trend,-0.6129,-0.1721,-0.1372,166
bb_breakout__period30__std2.0,bb_breakout,JPM,trend,-0.0111,-0.1652,-0.3008,368
bb_breakout__period50__std2.0,bb_breakout,JPM,trend,0.1317,-0.2794,-0.3036,308
supertrend__period7__mult2.0,supertrend,JPM,trend,-0.1589,0.2333,-0.573,203
supertrend__period7__mult3.0,supertrend,JPM,trend,0.053,-0.396,-0.6676,119
supertrend__period10__mult3.0,supertrend,JPM,trend,0.0285,-0.2762,-0.6221,117
supertrend__period14__mult2.0,supertrend,JPM,trend,-0.1921,0.1129,-0.5917,201
supertrend__period14__mult3.0,supertrend,JPM,trend,0.1561,-0.2011,-0.5905,113
parabolic_sar__step0.01__max_af0.1,parabolic_sar,JPM,trend,-0.1578,0.5243,-0.4115,215
parabolic_sar__step0.02__max_af0.2,parabolic_sar,JPM,trend,0.2107,-0.0,-0.5471,332
parabolic_sar__step0.03__max_af0.2,parabolic_sar,JPM,trend,0.0412,0.1105,-0.2676,412
parabolic_sar__step0.05__max_af0.2,parabolic_sar,JPM,trend,0.2098,0.1331,-0.3965,530
adx_trend__period14__threshold20,adx_trend,JPM,trend,-0.2553,-0.5162,-0.5279,254
adx_trend__period14__threshold25,adx_trend,JPM,trend,-0.2362,-0.6294,-0.4263,173
adx_trend__period14__threshold30,adx_trend,JPM,trend,0.0326,-0.1856,-0.263,90
adx_trend__period21__threshold20,adx_trend,JPM,trend,0.0861,-0.3917,-0.401,112
adx_trend__period21__threshold25,adx_trend,JPM,trend,0.2721,-0.3805,-0.322,63
ichimoku__tenkan9__kijun26__senkou_b52,ichimoku,JPM,trend,-0.1373,-0.2218,-0.5741,477
ichimoku__tenkan7__kijun22__senkou_b44,ichimoku,JPM,trend,-0.0889,0.0186,-0.5076,526
linreg_slope__period10,linreg_slope,JPM,trend,-0.0145,-0.5739,-0.6868,362
linreg_slope__period20,linreg_slope,JPM,trend,-0.4681,0.0932,-0.5621,206
linreg_slope__period30,linreg_slope,JPM,trend,-0.3224,-0.3404,-0.6045,140
linreg_slope__period50,linreg_slope,JPM,trend,0.0217,0.6046,-0.3388,67
aroon__period14,aroon,JPM,trend,-0.2284,0.1349,-0.4853,248
aroon__period25,aroon,JPM,trend,-0.3797,-0.4351,-0.6631,152
aroon__period50,aroon,JPM,trend,0.1329,0.5226,-0.3197,67
vortex__period10,vortex,JPM,trend,-0.0638,-0.2626,-0.603,473
vortex__period14,vortex,JPM,trend,-0.257,-0.2542,-0.6047,398
vortex__period21,vortex,JPM,trend,-0.0158,0.2502,-0.4593,308
trix__period9,trix,JPM,trend,-0.4917,-0.2995,-0.6414,169
trix__period12,trix,JPM,trend,-0.1816,0.0181,-0.508,115
trix__period18,trix,JPM,trend,-0.2436,0.2441,-0.418,74
hull_ma__period14,hull_ma,JPM,trend,0.1951,-0.0557,-0.4698,555
hull_ma__period20,hull_ma,JPM,trend,-0.0451,-0.0867,-0.4611,418
hull_ma__period30,hull_ma,JPM,trend,-0.0584,0.0167,-0.4501,288
hull_ma__period50,hull_ma,JPM,trend,-0.11,-0.1359,-0.5127,209
kama__period5,kama,JPM,trend,-0.3976,0.0049,-0.3263,2024
kama__period10,kama,JPM,trend,0.3709,0.0,0.0,147
kama__period20,kama,JPM,trend,1.2648,0.0,0.0,42
turtle__entry20__exit_p10,turtle,JPM,trend,-0.3359,0.2718,-0.1011,684
turtle__entry55__exit_p20,turtle,JPM,trend,-0.5618,0.1024,-0.1228,424
turtle__entry10__exit_p5,turtle,JPM,trend,-0.0519,-0.2549,-0.2246,936
dual_momentum__period63,dual_momentum,JPM,trend,0.5626,0.7096,-0.1977,179
dual_momentum__period126,dual_momentum,JPM,trend,0.8023,0.4887,-0.3375,123
dual_momentum__period252,dual_momentum,JPM,trend,0.1843,0.9581,-0.1493,79
elder_ray__period13,elder_ray,JPM,trend,0.1576,-0.1008,-0.4433,584
elder_ray__period21,elder_ray,JPM,trend,0.1649,-0.2716,-0.5822,470
elder_ray__period34,elder_ray,JPM,trend,0.1448,-0.1003,-0.5254,375
rsi_reversion__period7__lo30__hi70,rsi_reversion,JPM,meanrev,0.2872,-0.2323,-0.3219,666
rsi_reversion__period7__lo25__hi75,rsi_reversion,JPM,meanrev,0.2827,-0.1202,-0.2453,420
rsi_reversion__period14__lo30__hi70,rsi_reversion,JPM,meanrev,0.2742,0.0043,-0.2014,238
rsi_reversion__period14__lo25__hi75,rsi_reversion,JPM,meanrev,0.1723,0.0777,-0.1265,108
rsi_reversion__period14__lo35__hi65,rsi_reversion,JPM,meanrev,0.1701,0.0649,-0.2617,456
rsi_reversion__period21__lo30__hi70,rsi_reversion,JPM,meanrev,0.1805,0.112,-0.1153,114
rsi_reversion__period21__lo25__hi75,rsi_reversion,JPM,meanrev,0.0475,0.3978,-0.0294,32
rsi_reversion__period28__lo30__hi70,rsi_reversion,JPM,meanrev,0.2292,0.4222,-0.0707,70
rsi_reversion__period30__lo30__hi70,rsi_reversion,JPM,meanrev,0.0111,-0.189,-0.0707,46
rsi_reversion__period30__lo25__hi75,rsi_reversion,JPM,meanrev,0.1337,0.4671,-0.0001,12
bb_reversion__period20__std1.5,bb_reversion,JPM,meanrev,0.0337,-0.2757,-0.2725,707
bb_reversion__period20__std2.0,bb_reversion,JPM,meanrev,0.2965,-0.0487,-0.2775,416
bb_reversion__period20__std2.5,bb_reversion,JPM,meanrev,0.5759,0.127,-0.1006,166
bb_reversion__period30__std2.0,bb_reversion,JPM,meanrev,-0.0382,0.1172,-0.2582,368
bb_reversion__period30__std2.5,bb_reversion,JPM,meanrev,0.3499,-0.2314,-0.2003,154
bb_reversion__period50__std2.0,bb_reversion,JPM,meanrev,-0.1701,0.232,-0.1911,308
zscore_reversion__period10__threshold1.0,zscore_reversion,JPM,meanrev,0.0058,0.0967,-0.2369,1321
zscore_reversion__period20__threshold1.5,zscore_reversion,JPM,meanrev,0.0337,-0.2757,-0.2725,707
zscore_reversion__period20__threshold2.0,zscore_reversion,JPM,meanrev,0.2965,-0.0487,-0.2775,416
zscore_reversion__period30__threshold1.5,zscore_reversion,JPM,meanrev,0.0147,-0.2486,-0.3373,642
zscore_reversion__period30__threshold2.0,zscore_reversion,JPM,meanrev,-0.0382,0.1172,-0.2582,368
zscore_reversion__period60__threshold2.0,zscore_reversion,JPM,meanrev,-0.0611,0.116,-0.2394,280
stochastic__k5__d3__lo20__hi80,stochastic,JPM,meanrev,0.1788,0.0244,-0.241,808
stochastic__k14__d3__lo20__hi80,stochastic,JPM,meanrev,0.0597,-0.5142,-0.4146,564
stochastic__k14__d3__lo30__hi70,stochastic,JPM,meanrev,0.0402,0.0059,-0.3737,618
stochastic__k14__d5__lo20__hi80,stochastic,JPM,meanrev,0.3403,-0.4271,-0.3478,424
stochastic__k21__d3__lo20__hi80,stochastic,JPM,meanrev,0.2556,-0.3097,-0.403,484
cci_reversion__period14__threshold100,cci_reversion,JPM,meanrev,-0.0848,0.0283,-0.3023,900
cci_reversion__period14__threshold150,cci_reversion,JPM,meanrev,-0.3074,0.711,-0.1157,564
cci_reversion__period20__threshold100,cci_reversion,JPM,meanrev,0.1639,-0.0285,-0.323,761
cci_reversion__period20__threshold150,cci_reversion,JPM,meanrev,-0.0413,-0.1658,-0.2923,452
cci_reversion__period30__threshold100,cci_reversion,JPM,meanrev,0.029,-0.0229,-0.3419,612
williams_r__period14__lo-80__hi-20,williams_r,JPM,meanrev,-0.1401,-0.1471,-0.2884,1083
williams_r__period14__lo-90__hi-10,williams_r,JPM,meanrev,0.5536,-0.2045,-0.2469,973
williams_r__period21__lo-80__hi-20,williams_r,JPM,meanrev,-0.1275,-0.0703,-0.2879,857
williams_r__period28__lo-80__hi-20,williams_r,JPM,meanrev,-0.1665,0.1403,-0.2788,709
keltner_reversion__period20__mult1.5,keltner_reversion,JPM,meanrev,0.0827,-0.0757,-0.2925,648
keltner_reversion__period20__mult2.0,keltner_reversion,JPM,meanrev,0.3761,-0.0336,-0.211,428
keltner_reversion__period20__mult2.5,keltner_reversion,JPM,meanrev,0.0865,0.2423,-0.1959,234
keltner_reversion__period30__mult2.0,keltner_reversion,JPM,meanrev,0.0992,0.1198,-0.1889,492
vwap_reversion__period20__z_thresh1.0,vwap_reversion,JPM,meanrev,0.0557,0.1017,-0.3475,780
vwap_reversion__period20__z_thresh1.5,vwap_reversion,JPM,meanrev,-0.1056,-0.1878,-0.3475,669
vwap_reversion__period20__z_thresh2.0,vwap_reversion,JPM,meanrev,0.131,-0.3056,-0.3393,484
percent_b__period20__std2.0__lo0.05__hi0.95,percent_b,JPM,meanrev,-0.0238,0.0225,-0.2402,504
percent_b__period20__std2.0__lo0.1__hi0.9,percent_b,JPM,meanrev,0.0016,0.0165,-0.2413,666
percent_b__period20__std2.0__lo0.2__hi0.8,percent_b,JPM,meanrev,0.012,-0.0414,-0.3038,866
percent_b__period30__std2.0__lo0.2__hi0.8,percent_b,JPM,meanrev,-0.0907,0.1423,-0.3498,689
connors_rsi__rsi_period3__streak_period2__rank_period100,connors_rsi,JPM,meanrev,-0.2838,-0.1418,-0.2513,1148
connors_rsi__rsi_period2__streak_period3__rank_period100,connors_rsi,JPM,meanrev,-0.2847,-0.0066,-0.2046,1179
ultimate_osc__p17__p214__p328,ultimate_osc,JPM,meanrev,0.1082,0.3127,-0.1206,136
ultimate_osc__p14__p28__p316,ultimate_osc,JPM,meanrev,0.5147,0.2415,-0.1613,443
gap_fade__threshold0.01,gap_fade,JPM,meanrev,-0.289,0.3642,-0.2157,1158
gap_fade__threshold0.015,gap_fade,JPM,meanrev,-0.034,0.1183,-0.1858,610
gap_fade__threshold0.02,gap_fade,JPM,meanrev,0.0168,-0.3293,-0.1975,336
obv_trend__period10,obv_trend,JPM,volume,0.1129,-0.4122,-0.6646,775
obv_trend__period20,obv_trend,JPM,volume,-0.0087,-0.023,-0.6378,497
obv_trend__period50,obv_trend,JPM,volume,-0.112,0.0376,-0.562,333
chaikin_mf__period10,chaikin_mf,JPM,volume,-0.3774,-0.3632,-0.6075,534
chaikin_mf__period20,chaikin_mf,JPM,volume,-0.137,-0.1389,-0.5367,342
chaikin_mf__period21,chaikin_mf,JPM,volume,-0.265,-0.1864,-0.5774,344
mfi__period10,mfi,JPM,volume,-0.114,-0.059,-0.1223,296
mfi__period14,mfi,JPM,volume,-0.1045,0.6196,-0.0765,144
mfi__period21,mfi,JPM,volume,-0.0006,0.6922,-0.0377,34
volume_surge__period10__mult1.5,volume_surge,JPM,volume,0.1006,-0.1248,-0.2005,384
volume_surge__period20__mult2.0,volume_surge,JPM,volume,0.0071,0.3309,-0.086,157
volume_surge__period20__mult3.0,volume_surge,JPM,volume,-0.3187,0.5809,-0.0092,23
force_index__period2,force_index,JPM,volume,-0.1276,-0.0789,-0.5368,1389
force_index__period13,force_index,JPM,volume,0.0717,-0.1379,-0.5147,480
force_index__period20,force_index,JPM,volume,-0.0713,-0.1495,-0.5621,374
chaikin_osc__fast3__slow10,chaikin_osc,JPM,volume,-0.0617,-0.6979,-0.6903,437
chaikin_osc__fast3__slow12,chaikin_osc,JPM,volume,-0.0473,-0.6608,-0.6805,387
chaikin_osc__fast5__slow12,chaikin_osc,JPM,volume,-0.141,-0.5675,-0.6456,291
atr_breakout__period10__mult1.5,atr_breakout,JPM,volatility,0.0296,-0.4747,-0.3818,584
atr_breakout__period14__mult1.5,atr_breakout,JPM,volatility,-0.1627,0.0729,-0.1981,610
atr_breakout__period14__mult2.0,atr_breakout,JPM,volatility,-0.0452,-0.1478,-0.2252,428
atr_breakout__period20__mult2.0,atr_breakout,JPM,volatility,-0.2265,-0.0976,-0.3043,488
atr_breakout__period20__mult2.5,atr_breakout,JPM,volatility,-0.0621,-0.2453,-0.2911,326
vol_breakout__period10__mult0.5,vol_breakout,JPM,volatility,-0.5541,-0.3224,-0.479,2487
vol_breakout__period20__mult1.0,vol_breakout,JPM,volatility,-0.5328,-0.4128,-0.3484,2064
vol_breakout__period20__mult1.5,vol_breakout,JPM,volatility,-0.5837,-0.7328,-0.3484,1368
vol_breakout__period30__mult1.0,vol_breakout,JPM,volatility,-0.6363,-0.4938,-0.4001,2041
squeeze_breakout__bb_period20__kc_period20__bb_std2.0__kc_mult1.5,squeeze_breakout,JPM,volatility,-0.1042,-0.1032,-0.4844,198
squeeze_breakout__bb_period20__kc_period20__bb_std2.0__kc_mult1.0,squeeze_breakout,JPM,volatility,-0.0192,-0.0929,-0.5303,128
squeeze_breakout__bb_period30__kc_period30__bb_std2.0__kc_mult1.5,squeeze_breakout,JPM,volatility,-0.1775,0.6562,-0.2622,97
engulfing,engulfing,JPM,pattern,-0.7246,0.5495,-0.0912,534
three_bar_reversal,three_bar_reversal,JPM,pattern,0.0745,-0.4527,-0.2653,904
higher_highs_lows__period5,higher_highs_lows,JPM,pattern,0.1739,-0.0724,-0.5,810
higher_highs_lows__period10,higher_highs_lows,JPM,pattern,-0.4138,0.0046,-0.4371,442
higher_highs_lows__period20,higher_highs_lows,JPM,pattern,0.1071,0.0402,-0.4181,224
pivot_bounce__period5,pivot_bounce,JPM,pattern,-0.0082,-0.3712,-0.2476,1131
pivot_bounce__period10,pivot_bounce,JPM,pattern,-0.2524,-0.1565,-0.2645,1033
pivot_bounce__period20,pivot_bounce,JPM,pattern,-0.2008,-0.0221,-0.1647,866
macd_rsi_combo__fast12__slow26__signal9__rsi_period14__rsi_lo40__rsi_hi60,macd_rsi_combo,JPM,composite,-0.2576,0.3018,-0.2759,572
macd_rsi_combo__fast12__slow26__signal9__rsi_period14__rsi_lo45__rsi_hi55,macd_rsi_combo,JPM,composite,0.1822,0.1062,-0.3331,599
macd_rsi_combo__fast8__slow21__signal5__rsi_period14__rsi_lo40__rsi_hi60,macd_rsi_combo,JPM,composite,-0.2221,0.108,-0.2913,608
macd_rsi_combo__fast5__slow35__signal5__rsi_period14__rsi_lo40__rsi_hi60,macd_rsi_combo,JPM,composite,-0.1989,-0.031,-0.3287,638
triple_screen__trend_period20__osc_period14__osc_lo40__osc_hi60,triple_screen,JPM,composite,0.1321,0.0,0.0,2
triple_screen__trend_period30__osc_period14__osc_lo40__osc_hi60,triple_screen,JPM,composite,0.1321,0.0,0.0,2
triple_screen__trend_period50__osc_period14__osc_lo35__osc_hi65,triple_screen,JPM,composite,0.0,0.0,0.0,0
triple_screen__trend_period20__osc_period7__osc_lo30__osc_hi70,triple_screen,JPM,composite,0.0,0.0,0.0,0
chandelier_exit__period14__mult2.0,chandelier_exit,JPM,composite,0.1122,-0.1661,-0.5712,516
chandelier_exit__period22__mult3.0,chandelier_exit,JPM,composite,0.1194,0.3166,-0.4139,322
chandelier_exit__period22__mult2.0,chandelier_exit,JPM,composite,-0.0464,-0.3198,-0.635,613
chandelier_exit__period10__mult2.0,chandelier_exit,JPM,composite,0.4401,-0.1721,-0.5551,501
high52_momentum__period252__threshold0.7,high52_momentum,JPM,trend,0.0245,0.2842,-0.3971,187
high52_momentum__period252__threshold0.75,high52_momentum,JPM,trend,0.0008,0.4992,-0.2552,215
high52_momentum__period252__threshold0.8,high52_momentum,JPM,trend,0.0802,0.0942,-0.3846,249
high52_momentum__period126__threshold0.7,high52_momentum,JPM,trend,0.1503,-0.3525,-0.635,311
high52_momentum__period126__threshold0.75,high52_momentum,JPM,trend,-0.0091,-0.0736,-0.4814,345
short_reversal__period5,short_reversal,JPM,meanrev,-0.3701,0.0934,-0.3593,743
short_reversal__period10,short_reversal,JPM,meanrev,-0.1278,0.2958,-0.403,512
short_reversal__period15,short_reversal,JPM,meanrev,0.0997,0.3949,-0.4566,434
short_reversal__period20,short_reversal,JPM,meanrev,0.0989,-0.0423,-0.4729,356
low_vol_regime__period20__ma_period60,low_vol_regime,JPM,volatility,0.1409,0.2776,-0.1593,128
low_vol_regime__period20__ma_period120,low_vol_regime,JPM,volatility,-0.4077,0.437,-0.1954,178
low_vol_regime__period60__ma_period120,low_vol_regime,JPM,volatility,-0.4509,-0.3273,-0.4064,57
low_vol_regime__period20__ma_period252,low_vol_regime,JPM,volatility,-0.135,-0.2546,-0.313,172
low_vol_regime__period60__ma_period252,low_vol_regime,JPM,volatility,0.3258,-0.0344,-0.3312,48
low_vol_regime__period120__ma_period252,low_vol_regime,JPM,volatility,0.5767,0.7136,-0.1504,42
nr_breakout__nr_period4__exit_bars3,nr_breakout,JPM,pattern,-0.1177,0.0232,-0.4254,1005
nr_breakout__nr_period4__exit_bars5,nr_breakout,JPM,pattern,-0.3884,-0.3404,-0.5609,765
nr_breakout__nr_period7__exit_bars3,nr_breakout,JPM,pattern,-0.1698,0.1651,-0.2268,736
nr_breakout__nr_period7__exit_bars5,nr_breakout,JPM,pattern,-0.4043,0.1764,-0.3144,627
nr_breakout__nr_period10__exit_bars5,nr_breakout,JPM,pattern,-0.1769,-0.0489,-0.2763,490
nr_breakout__nr_period10__exit_bars10,nr_breakout,JPM,pattern,-0.2282,-0.3937,-0.4457,395
overnight_gap__period1__threshold0.001,overnight_gap,JPM,volume,-0.1355,0.1716,-0.2635,2306
overnight_gap__period1__threshold0.003,overnight_gap,JPM,volume,-0.2253,-0.1631,-0.3849,2475
overnight_gap__period3__threshold0.001,overnight_gap,JPM,volume,0.3108,-0.1456,-0.4487,1456
overnight_gap__period3__threshold0.003,overnight_gap,JPM,volume,0.268,-0.5729,-0.4409,1374
overnight_gap__period5__threshold0.001,overnight_gap,JPM,volume,0.3765,-0.2857,-0.5552,1267
overnight_gap__period5__threshold0.003,overnight_gap,JPM,volume,0.0417,-0.2677,-0.4693,957
coppock_curve__roc1252__roc2189__wma_period63,coppock_curve,JPM,trend,-0.079,0.312,-0.4245,12
coppock_curve__roc1189__roc2126__wma_period42,coppock_curve,JPM,trend,0.2409,0.9164,-0.3256,11
coppock_curve__roc1126__roc2100__wma_period21,coppock_curve,JPM,trend,0.4557,-0.2322,-0.6832,27
bll_filter__pct0.005__hold0,bll_filter,JPM,trend,-0.1353,0.1354,-0.3917,1328
bll_filter__pct0.01__hold0,bll_filter,JPM,trend,-0.2817,-0.0645,-0.3866,970
bll_filter__pct0.02__hold0,bll_filter,JPM,trend,-0.0827,0.2038,-0.4395,539
bll_filter__pct0.005__hold10,bll_filter,JPM,trend,-0.0907,0.1222,-0.3954,1358
bll_filter__pct0.01__hold10,bll_filter,JPM,trend,-0.2678,-0.0342,-0.3214,1063
bll_filter__pct0.01__hold20,bll_filter,JPM,trend,-0.3011,-0.0555,-0.3866,978
bll_filter__pct0.02__hold10,bll_filter,JPM,trend,-0.09,0.2056,-0.4028,725
frog_in_pan__lookback252__skip21__id_cutoff0.5,frog_in_pan,JPM,trend,0.2349,0.529,-0.2115,145
frog_in_pan__lookback252__skip21__id_cutoff0.45,frog_in_pan,JPM,trend,-0.0794,0.5979,-0.1915,71
frog_in_pan__lookback252__skip0__id_cutoff0.5,frog_in_pan,JPM,trend,-0.1022,0.6923,-0.2172,145
frog_in_pan__lookback126__skip21__id_cutoff0.5,frog_in_pan,JPM,trend,0.5081,0.9355,-0.3256,246
frog_in_pan__lookback126__skip21__id_cutoff0.45,frog_in_pan,JPM,trend,-0.139,0.2499,-0.2582,171
vol_mom__mom_period126__vol_period126__skip21__vol_weight0.5,vol_mom,JPM,composite,0.4549,0.1749,-0.36,153
vol_mom__mom_period126__vol_period126__skip0__vol_weight0.5,vol_mom,JPM,composite,0.4765,-0.2523,-0.5049,148
vol_mom__mom_period252__vol_period126__skip21__vol_weight0.5,vol_mom,JPM,composite,0.3872,-0.0773,-0.258,111
vol_mom__mom_period63__vol_period63__skip0__vol_weight0.3,vol_mom,JPM,composite,0.1775,0.3587,-0.388,175
vol_mom__mom_period126__vol_period126__skip21__vol_weight0.3,vol_mom,JPM,composite,0.37,0.7137,-0.3771,115
seasonality__n_years2,seasonality,JPM,pattern,0.2785,0.3068,-0.5295,88
seasonality__n_years3,seasonality,JPM,pattern,0.4976,0.3774,-0.4628,82
seasonality__n_years5,seasonality,JPM,pattern,0.3638,0.1593,-0.5353,84
residual_mom__lookback252__skip21,residual_mom,JPM,trend,0.3361,0.4477,-0.4087,90
residual_mom__lookback252__skip0,residual_mom,JPM,trend,-0.2543,0.5024,-0.3808,90
residual_mom__lookback126__skip21,residual_mom,JPM,trend,0.3436,0.7203,-0.3256,139
vol_scaled_mom__rv_window21__vol_target0.12__damp0.5,vol_scaled_mom,JPM,trend,0.0964,0.2213,-0.2059,3352
vol_scaled_mom__rv_window21__vol_target0.08__damp0.5,vol_scaled_mom,JPM,trend,0.1122,0.233,-0.1362,3495
vol_scaled_mom__rv_window63__vol_target0.12__damp0.5,vol_scaled_mom,JPM,trend,0.1636,0.4036,-0.1807,3473
vol_scaled_mom__rv_window21__vol_target0.12__damp0.0,vol_scaled_mom,JPM,trend,0.1066,0.2213,-0.2059,3309
vol_scaled_mom__rv_window21__vol_target0.15__damp0.5,vol_scaled_mom,JPM,trend,0.0808,0.2214,-0.2468,2941
dema_crossover__fast5__slow20,dema_crossover,JPM,trend,0.1089,-0.1568,-0.5174,416
dema_crossover__fast10__slow40,dema_crossover,JPM,trend,-0.2687,0.1354,-0.4538,226
dema_crossover__fast12__slow26,dema_crossover,JPM,trend,-0.1647,0.0633,-0.466,256
dema_crossover__fast20__slow50,dema_crossover,JPM,trend,-0.1557,-0.0926,-0.6048,132
dema_crossover__fast10__slow30,dema_crossover,JPM,trend,-0.1305,0.1308,-0.4455,242
tema_crossover__fast5__slow20,tema_crossover,JPM,trend,0.3441,0.1346,-0.3205,513
tema_crossover__fast10__slow40,tema_crossover,JPM,trend,0.058,0.2242,-0.3257,294
tema_crossover__fast12__slow26,tema_crossover,JPM,trend,0.2486,-0.0403,-0.4203,305
tema_crossover__fast20__slow50,tema_crossover,JPM,trend,-0.173,0.0305,-0.4482,182
tema_crossover__fast10__slow30,tema_crossover,JPM,trend,0.0515,0.2077,-0.3582,323
price_acceleration__period10__smooth3,price_acceleration,JPM,trend,0.424,-0.5188,-0.5709,976
price_acceleration__period20__smooth5,price_acceleration,JPM,trend,-0.1233,-0.5399,-0.6037,768
price_acceleration__period20__smooth3,price_acceleration,JPM,trend,-0.0118,0.1311,-0.4064,1014
price_acceleration__period30__smooth5,price_acceleration,JPM,trend,0.0659,-0.1147,-0.4548,734
price_acceleration__period40__smooth10,price_acceleration,JPM,trend,0.0425,0.3837,-0.4072,516
price_acceleration__period10__smooth5,price_acceleration,JPM,trend,0.1048,-0.2482,-0.5098,755
turn_of_month__days_before3__days_after3,turn_of_month,JPM,pattern,0.7587,0.4281,-0.2255,360
turn_of_month__days_before4__days_after4,turn_of_month,JPM,pattern,0.7664,0.5835,-0.1557,360
turn_of_month__days_before5__days_after5,turn_of_month,JPM,pattern,0.8314,0.9018,-0.1872,360
turn_of_month__days_before3__days_after5,turn_of_month,JPM,pattern,0.8009,0.5878,-0.2129,360
trend_intensity__period20,trend_intensity,JPM,trend,0.0068,-0.0923,-0.3671,421
trend_intensity__period30,trend_intensity,JPM,trend,-0.1127,-0.8121,-0.3657,302
trend_intensity__period50,trend_intensity,JPM,trend,0.4454,-0.3237,-0.3231,199
trend_intensity__period63,trend_intensity,JPM,trend,0.0156,0.4528,-0.1845,206
ma_regime_momentum__regime_ma200__mom_period126__skip21,ma_regime_momentum,JPM,trend,0.4462,0.3938,-0.4007,220
ma_regime_momentum__regime_ma200__mom_period252__skip21,ma_regime_momentum,JPM,trend,0.3128,0.1822,-0.3229,168
ma_regime_momentum__regime_ma200__mom_period63__skip0,ma_regime_momentum,JPM,trend,0.3252,0.1758,-0.5048,270
ma_regime_momentum__regime_ma100__mom_period126__skip21,ma_regime_momentum,JPM,trend,0.2657,0.362,-0.3024,296
ma_regime_momentum__regime_ma50__mom_period63__skip0,ma_regime_momentum,JPM,trend,0.1937,0.3437,-0.3467,390
fisher_transform__period5,fisher_transform,JPM,trend,-0.0553,0.3197,-0.2921,926
fisher_transform__period10,fisher_transform,JPM,trend,0.5178,0.1402,-0.3357,546
fisher_transform__period20,fisher_transform,JPM,trend,0.0577,-0.2104,-0.5616,400
fisher_transform__period30,fisher_transform,JPM,trend,-0.0255,-0.2874,-0.5849,330
relative_vigor__period10,relative_vigor,JPM,trend,0.2583,0.3623,-0.3265,1112
relative_vigor__period14,relative_vigor,JPM,trend,0.2583,0.3623,-0.3265,1112
relative_vigor__period20,relative_vigor,JPM,trend,0.2583,0.3623,-0.3265,1112
chande_momentum__period14__threshold0.0,chande_momentum,JPM,trend,-0.1569,0.0199,-0.4683,439
chande_momentum__period20__threshold0.0,chande_momentum,JPM,trend,-0.1377,0.0038,-0.5223,357
chande_momentum__period20__threshold10.0,chande_momentum,JPM,trend,-0.1228,0.0718,-0.4567,674
chande_momentum__period30__threshold0.0,chande_momentum,JPM,trend,-0.0992,-0.1393,-0.5343,315
chande_momentum__period9__threshold0.0,chande_momentum,JPM,trend,0.2213,-0.5625,-0.6573,571
demarker__period14__hi_thresh0.7__lo_thresh0.3,demarker,JPM,meanrev,0.1096,0.1669,-0.1953,443
demarker__period14__hi_thresh0.8__lo_thresh0.2,demarker,JPM,meanrev,0.0053,0.0738,-0.0998,258
demarker__period21__hi_thresh0.7__lo_thresh0.3,demarker,JPM,meanrev,0.0196,-0.2781,-0.2562,279
demarker__period9__hi_thresh0.7__lo_thresh0.3,demarker,JPM,meanrev,-0.2024,-0.2555,-0.391,721
stoch_rsi__rsi_period14__stoch_period14__lo20.0__hi80.0,stoch_rsi,JPM,meanrev,-0.2973,0.2323,-0.2721,726
stoch_rsi__rsi_period14__stoch_period14__lo10.0__hi90.0,stoch_rsi,JPM,meanrev,-0.2773,-0.4312,-0.3678,628
stoch_rsi__rsi_period7__stoch_period14__lo20.0__hi80.0,stoch_rsi,JPM,meanrev,-0.508,-0.1164,-0.2688,765
stoch_rsi__rsi_period21__stoch_period21__lo20.0__hi80.0,stoch_rsi,JPM,meanrev,-0.0057,-0.3422,-0.3513,558
hurst_regime__period100__trend_thresh0.55__mr_thresh0.45,hurst_regime,JPM,trend,0.5871,0.4245,-0.2201,286
hurst_regime__period60__trend_thresh0.55__mr_thresh0.45,hurst_regime,JPM,trend,-0.0535,-0.8194,-0.572,462
hurst_regime__period100__trend_thresh0.58__mr_thresh0.42,hurst_regime,JPM,trend,0.3231,0.4811,-0.2201,85
psych_line__period12__hi_thresh75.0__lo_thresh25.0,psych_line,JPM,meanrev,0.4717,0.1627,-0.0653,84
psych_line__period12__hi_thresh65.0__lo_thresh35.0,psych_line,JPM,meanrev,0.1731,-0.1533,-0.3728,616
psych_line__period20__hi_thresh70.0__lo_thresh30.0,psych_line,JPM,meanrev,0.3744,0.3671,-0.096,84
er_regime__er_period10__mom_period20__er_thresh0.4,er_regime,JPM,trend,0.0888,0.5097,-0.2858,1526
er_regime__er_period10__mom_period20__er_thresh0.3,er_regime,JPM,trend,-0.1307,0.2667,-0.3934,1529
er_regime__er_period14__mom_period20__er_thresh0.4,er_regime,JPM,trend,-0.0973,-0.137,-0.3525,1315
er_regime__er_period20__mom_period40__er_thresh0.4,er_regime,JPM,trend,0.0218,-0.0549,-0.427,1026
er_regime__er_period10__mom_period10__er_thresh0.4,er_regime,JPM,trend,0.0825,0.3223,-0.284,1690
mcginley_dynamic__fast5__slow20,mcginley_dynamic,JPM,trend,-0.3334,-0.1978,-0.5371,227
mcginley_dynamic__fast10__slow40,mcginley_dynamic,JPM,trend,-0.0193,0.0105,-0.4516,99
mcginley_dynamic__fast12__slow26,mcginley_dynamic,JPM,trend,-0.1709,0.2263,-0.3827,115
mcginley_dynamic__fast5__slow14,mcginley_dynamic,JPM,trend,-0.1343,0.109,-0.433,251
cci_trend__period14__threshold50.0,cci_trend,JPM,trend,0.2099,-0.0336,-0.4054,907
cci_trend__period20__threshold50.0,cci_trend,JPM,trend,-0.0447,-0.1304,-0.498,783
cci_trend__period20__threshold100.0,cci_trend,JPM,trend,-0.2244,-0.0315,-0.3413,761
cci_trend__period30__threshold50.0,cci_trend,JPM,trend,0.0888,-0.0558,-0.4496,610
cci_trend__period14__threshold100.0,cci_trend,JPM,trend,0.0153,-0.0998,-0.3467,900
volume_roc__period10__signal_period5,volume_roc,JPM,volume,0.2322,-0.4616,-0.5578,875
volume_roc__period14__signal_period10,volume_roc,JPM,volume,0.0301,0.1112,-0.3054,696
volume_roc__period20__signal_period10,volume_roc,JPM,volume,0.0358,0.3132,-0.2438,577
volume_roc__period5__signal_period3,volume_roc,JPM,volume,0.4465,-0.4739,-0.4319,1253
hv_ratio__fast_period10__slow_period100__thresh_hi1.5__thresh_lo0.7,hv_ratio,JPM,volatility,-0.3058,0.2586,-0.2348,453
hv_ratio__fast_period10__slow_period60__thresh_hi1.5__thresh_lo0.7,hv_ratio,JPM,volatility,-0.1624,-0.1065,-0.2604,462
hv_ratio__fast_period21__slow_period100__thresh_hi1.5__thresh_lo0.7,hv_ratio,JPM,volatility,0.0419,0.0443,-0.3172,205
hv_ratio__fast_period10__slow_period100__thresh_hi2.0__thresh_lo0.5,hv_ratio,JPM,volatility,0.0473,0.6724,-0.0544,183
zscore_trend__z_period20__trend_period50__z_thresh1.5,zscore_trend,JPM,meanrev,-0.0613,0.2916,-0.0693,76
zscore_trend__z_period20__trend_period50__z_thresh1.0,zscore_trend,JPM,meanrev,0.387,-0.0939,-0.078,194
zscore_trend__z_period20__trend_period100__z_thresh1.5,zscore_trend,JPM,meanrev,-0.0448,-0.3517,-0.1889,162
zscore_trend__z_period30__trend_period100__z_thresh2.0,zscore_trend,JPM,meanrev,-0.0655,-0.0171,-0.0929,52
cmo_fisher__fisher_period10__cmo_period14__score_thresh0.3,cmo_fisher,JPM,trend,-0.6576,0.0204,-0.213,822
cmo_fisher__fisher_period10__cmo_period14__score_thresh0.2,cmo_fisher,JPM,trend,-0.1286,0.3298,-0.1481,904
cmo_fisher__fisher_period14__cmo_period20__score_thresh0.3,cmo_fisher,JPM,trend,-0.4352,0.1455,-0.2162,635
cmo_fisher__fisher_period8__cmo_period14__score_thresh0.2,cmo_fisher,JPM,trend,-0.3074,0.0762,-0.2093,1050
rvi_divergence__rvi_period10__lookback5,rvi_divergence,JPM,meanrev,-0.0206,-0.2606,-0.0565,24
rvi_divergence__rvi_period10__lookback8,rvi_divergence,JPM,meanrev,0.1482,0.3708,-0.0095,4
rvi_divergence__rvi_period14__lookback5,rvi_divergence,JPM,meanrev,-0.0206,-0.2606,-0.0565,24
adaptive_rsi__base_period14__fast_n2__slow_n30,adaptive_rsi,JPM,meanrev,0.4452,0.3889,-0.4252,309
adaptive_rsi__base_period14__fast_n2__slow_n60,adaptive_rsi,JPM,meanrev,0.3291,0.3993,-0.4218,295
adaptive_rsi__base_period9__fast_n2__slow_n30,adaptive_rsi,JPM,meanrev,0.4243,-0.1381,-0.5262,405
adaptive_rsi__base_period21__fast_n2__slow_n30,adaptive_rsi,JPM,meanrev,0.1026,-0.1679,-0.4474,195
elder_impulse__ema_period8,elder_impulse,JPM,composite,0.115,-0.1048,-0.3468,1453
elder_impulse__ema_period13,elder_impulse,JPM,composite,0.0822,-0.0197,-0.3216,1380
elder_impulse__ema_period20,elder_impulse,JPM,composite,0.0629,-0.0394,-0.3741,1326
klinger_osc__fast34__slow55__signal13,klinger_osc,JPM,volume,0.0742,0.4753,-0.2854,731
klinger_osc__fast21__slow34__signal9,klinger_osc,JPM,volume,0.0606,-0.3221,-0.5634,909
klinger_osc__fast55__slow89__signal13,klinger_osc,JPM,volume,0.1518,0.272,-0.4107,649
price_oscillator__fast10__slow30__signal9,price_oscillator,JPM,trend,0.0416,0.2852,-0.3512,308
price_oscillator__fast12__slow26__signal9,price_oscillator,JPM,trend,0.0621,0.1779,-0.4041,298
price_oscillator__fast5__slow20__signal5,price_oscillator,JPM,trend,0.277,-0.1647,-0.4576,535
price_oscillator__fast20__slow50__signal9,price_oscillator,JPM,trend,-0.2936,0.1025,-0.4471,222
baz_trend__ewmstd_span42,baz_trend,JPM,trend,-0.1356,0.3084,-0.4359,76
baz_trend__ewmstd_span63,baz_trend,JPM,trend,-0.1356,0.3084,-0.4359,76
baz_trend__ewmstd_span126,baz_trend,JPM,trend,-0.1356,0.3084,-0.4359,76
intermediate_mom__start252__end126,intermediate_mom,JPM,trend,-0.1786,0.4418,-0.3931,123
intermediate_mom__start189__end105,intermediate_mom,JPM,trend,-0.09,1.1723,-0.2863,155
intermediate_mom__start168__end84,intermediate_mom,JPM,trend,-0.0228,-0.0621,-0.4663,155
intermediate_mom__start252__end63,intermediate_mom,JPM,trend,0.0272,0.6209,-0.3466,91
mom_crash_protect__bear_lookback504__bear_thresh-0.2__damp0.0,mom_crash_protect,JPM,trend,0.078,0.3518,-0.249,78
mom_crash_protect__bear_lookback504__bear_thresh-0.2__damp0.25,mom_crash_protect,JPM,trend,0.078,0.3518,-0.249,78
mom_crash_protect__bear_lookback252__bear_thresh-0.2__damp0.0,mom_crash_protect,JPM,trend,0.2023,0.3518,-0.249,108
mom_crash_protect__bear_lookback504__bear_thresh-0.25__damp0.0,mom_crash_protect,JPM,trend,0.078,0.3518,-0.249,78
consistent_mom__consistency_thresh0.5,consistent_mom,JPM,trend,0.3303,0.4048,-0.2388,335
consistent_mom__consistency_thresh0.58,consistent_mom,JPM,trend,0.171,0.5313,-0.2355,542
consistent_mom__consistency_thresh0.67,consistent_mom,JPM,trend,0.187,0.3348,-0.2098,567
signed_range_mom__period10__threshold0.1,signed_range_mom,JPM,trend,0.1339,0.5656,-0.2879,985
signed_range_mom__period21__threshold0.1,signed_range_mom,JPM,trend,-0.036,-0.002,-0.3964,662
signed_range_mom__period21__threshold0.15,signed_range_mom,JPM,trend,-0.2756,0.037,-0.3302,633
signed_range_mom__period42__threshold0.1,signed_range_mom,JPM,trend,-0.0487,0.4365,-0.2353,427
signed_range_mom__period63__threshold0.1,signed_range_mom,JPM,trend,-0.3256,0.8555,-0.169,312
multi_tsmom,multi_tsmom,JPM,trend,0.1756,0.7056,-0.3085,342
"multi_tsmom__lookbacks(63, 126, 252)",multi_tsmom,JPM,trend,0.3514,0.6037,-0.3485,122
"multi_tsmom__lookbacks(21, 63, 252)",multi_tsmom,JPM,trend,-0.0003,0.6844,-0.3607,243
"multi_tsmom__lookbacks(21, 63, 126, 252)__weights(0.4, 0.3, 0.2, 0.1)",multi_tsmom,JPM,trend,-0.0406,0.6673,-0.3484,260
"multi_tsmom__lookbacks(21, 63, 126, 252)__weights(0.1, 0.2, 0.3, 0.4)",multi_tsmom,JPM,trend,0.2695,0.712,-0.3679,151
